This is XeTeX, Version 3.14159265-2.6-0.999992 (TeX Live 2020/W32TeX) (preloaded format=xelatex 2020.11.13)  2 MAY 2021 15:32
entering extended mode
 restricted \write18 enabled.
 %&-line parsing enabled.
**chapter1.tex
(./chapter1.tex
LaTeX2e <2020-02-02> patch level 5
L3 programming layer <2020-03-06>
! Undefined control sequence.
l.2 \chapter
            {绪论}\label{chap:intro}
The control sequence at the end of the top line
of your error message was never \def'ed. If you have
misspelled it (e.g., `\hobx'), type `I' and the correct
spelling (e.g., `I\hbox'). Otherwise just continue,
and I'll forget about whatever was undefined.


! LaTeX Error: Missing \begin{document}.

See the LaTeX manual or LaTeX Companion for explanation.
Type  H <return>  for immediate help.
 ...                                              
                                                  
l.2 \chapter{绪
              论}\label{chap:intro}
You're in trouble here.  Try typing  <return>  to proceed.
If that doesn't work, type  X <return>  to quit.

Missing character: There is no 绪 in font nullfont!
Missing character: There is no 论 in font nullfont!
! Undefined control sequence.
l.3 \section
            {研究背景和意义}
The control sequence at the end of the top line
of your error message was never \def'ed. If you have
misspelled it (e.g., `\hobx'), type `I' and the correct
spelling (e.g., `I\hbox'). Otherwise just continue,
and I'll forget about whatever was undefined.

Missing character: There is no 研 in font nullfont!
Missing character: There is no 究 in font nullfont!
Missing character: There is no 背 in font nullfont!
Missing character: There is no 景 in font nullfont!
Missing character: There is no 和 in font nullfont!
Missing character: There is no 意 in font nullfont!
Missing character: There is no 义 in font nullfont!
Missing character: There is no 纵 in font nullfont!
Missing character: There is no 观 in font nullfont!
Missing character: There is no 自 in font nullfont!
Missing character: There is no 2 in font nullfont!
Missing character: There is no 0 in font nullfont!
Missing character: There is no 世 in font nullfont!
Missing character: There is no 纪 in font nullfont!
Missing character: There is no 8 in font nullfont!
Missing character: There is no 0 in font nullfont!
Missing character: There is no 年 in font nullfont!
Missing character: There is no 代 in font nullfont!
Missing character: There is no 至 in font nullfont!
Missing character: There is no 今 in font nullfont!
Missing character: There is no 通 in font nullfont!
Missing character: There is no 信 in font nullfont!
Missing character: There is no 系 in font nullfont!
Missing character: There is no 统 in font nullfont!
Missing character: There is no 以 in font nullfont!
Missing character: There is no “ in font nullfont!
Missing character: There is no 十 in font nullfont!
Missing character: There is no 年 in font nullfont!
Missing character: There is no 一 in font nullfont!
Missing character: There is no 代 in font nullfont!
Missing character: There is no ” in font nullfont!
Missing character: There is no 周 in font nullfont!
Missing character: There is no 期 in font nullfont!
Missing character: There is no 持 in font nullfont!
Missing character: There is no 续 in font nullfont!
Missing character: There is no 演 in font nullfont!
Missing character: There is no 进 in font nullfont!
Missing character: There is no 的 in font nullfont!
Missing character: There is no 发 in font nullfont!
Missing character: There is no 展 in font nullfont!
Missing character: There is no 历 in font nullfont!
Missing character: There is no 程 in font nullfont!
Missing character: There is no ， in font nullfont!
Missing character: There is no 其 in font nullfont!
Missing character: There is no 发 in font nullfont!
Missing character: There is no 生 in font nullfont!
Missing character: There is no 了 in font nullfont!
Missing character: There is no 从 in font nullfont!
Missing character: There is no “ in font nullfont!
Missing character: There is no 模 in font nullfont!
Missing character: There is no 拟 in font nullfont!
Missing character: There is no 通 in font nullfont!
Missing character: There is no 信 in font nullfont!
Missing character: There is no ” in font nullfont!
Missing character: There is no 到 in font nullfont!
Missing character: There is no “ in font nullfont!
Missing character: There is no 数 in font nullfont!
Missing character: There is no 字 in font nullfont!
Missing character: There is no 通 in font nullfont!
Missing character: There is no 信 in font nullfont!
Missing character: There is no ” in font nullfont!
Missing character: There is no 、 in font nullfont!
Missing character: There is no 从 in font nullfont!
Missing character: There is no “ in font nullfont!
Missing character: There is no 窄 in font nullfont!
Missing character: There is no 带 in font nullfont!
Missing character: There is no 网 in font nullfont!
Missing character: There is no 络 in font nullfont!
Missing character: There is no ” in font nullfont!
Missing character: There is no 到 in font nullfont!
Missing character: There is no “ in font nullfont!
Missing character: There is no 宽 in font nullfont!
Missing character: There is no 带 in font nullfont!
Missing character: There is no 网 in font nullfont!
Missing character: There is no 络 in font nullfont!
Missing character: There is no ” in font nullfont!
Missing character: There is no 和 in font nullfont!
Missing character: There is no 从 in font nullfont!
Missing character: There is no “ in font nullfont!
Missing character: There is no 移 in font nullfont!
Missing character: There is no 动 in font nullfont!
Missing character: There is no 互 in font nullfont!
Missing character: There is no 联 in font nullfont!
Missing character: There is no ” in font nullfont!
Missing character: There is no 到 in font nullfont!
Missing character: There is no “ in font nullfont!
Missing character: There is no 万 in font nullfont!
Missing character: There is no 物 in font nullfont!
Missing character: There is no 互 in font nullfont!
Missing character: There is no 联 in font nullfont!
Missing character: There is no ” in font nullfont!
Missing character: There is no 的 in font nullfont!
Missing character: There is no 三 in font nullfont!
Missing character: There is no 次 in font nullfont!
Missing character: There is no 根 in font nullfont!
Missing character: There is no 本 in font nullfont!
Missing character: There is no 性 in font nullfont!
Missing character: There is no 的 in font nullfont!
Missing character: There is no 技 in font nullfont!
Missing character: There is no 术 in font nullfont!
Missing character: There is no 变 in font nullfont!
Missing character: There is no 革 in font nullfont!
Missing character: There is no 。 in font nullfont!
Missing character: There is no 人 in font nullfont!
Missing character: There is no 类 in font nullfont!
Missing character: There is no 共 in font nullfont!
Missing character: There is no 同 in font nullfont!
Missing character: There is no 见 in font nullfont!
Missing character: There is no 证 in font nullfont!
Missing character: There is no 了 in font nullfont!
Missing character: There is no 1 in font nullfont!
Missing character: There is no G in font nullfont!
Missing character: There is no 时 in font nullfont!
Missing character: There is no 代 in font nullfont!
Missing character: There is no 模 in font nullfont!
Missing character: There is no 拟 in font nullfont!
Missing character: There is no 通 in font nullfont!
Missing character: There is no 信 in font nullfont!
Missing character: There is no 从 in font nullfont!
Missing character: There is no 无 in font nullfont!
Missing character: There is no 到 in font nullfont!
Missing character: There is no 有 in font nullfont!
Missing character: There is no 的 in font nullfont!
Missing character: There is no “ in font nullfont!
Missing character: There is no 开 in font nullfont!
Missing character: There is no 创 in font nullfont!
Missing character: There is no 十 in font nullfont!
Missing character: There is no 年 in font nullfont!
Missing character: There is no ” in font nullfont!
Missing character: There is no 、 in font nullfont!
Missing character: There is no 完 in font nullfont!
Missing character: There is no 成 in font nullfont!
Missing character: There is no 了 in font nullfont!
Missing character: There is no 2 in font nullfont!
Missing character: There is no G in font nullfont!
Missing character: There is no 时 in font nullfont!
Missing character: There is no 代 in font nullfont!
Missing character: There is no 模 in font nullfont!
Missing character: There is no 拟 in font nullfont!
Missing character: There is no 通 in font nullfont!
Missing character: There is no 信 in font nullfont!
Missing character: There is no 向 in font nullfont!
Missing character: There is no 数 in font nullfont!
Missing character: There is no 字 in font nullfont!
Missing character: There is no 通 in font nullfont!
Missing character: There is no 信 in font nullfont!
Missing character: There is no 的 in font nullfont!
Missing character: There is no “ in font nullfont!
Missing character: There is no 过 in font nullfont!
Missing character: There is no 渡 in font nullfont!
Missing character: There is no 十 in font nullfont!
Missing character: There is no 年 in font nullfont!
Missing character: There is no ” in font nullfont!
Missing character: There is no 、 in font nullfont!
Missing character: There is no 经 in font nullfont!
Missing character: There is no 历 in font nullfont!
Missing character: There is no 了 in font nullfont!
Missing character: There is no 3 in font nullfont!
Missing character: There is no G in font nullfont!
Missing character: There is no 时 in font nullfont!
Missing character: There is no 代 in font nullfont!
Missing character: There is no 移 in font nullfont!
Missing character: There is no 动 in font nullfont!
Missing character: There is no 用 in font nullfont!
Missing character: There is no 户 in font nullfont!
Missing character: There is no 超 in font nullfont!
Missing character: There is no 越 in font nullfont!
Missing character: There is no 固 in font nullfont!
Missing character: There is no 定 in font nullfont!
Missing character: There is no 用 in font nullfont!
Missing character: There is no 户 in font nullfont!
Missing character: There is no 的 in font nullfont!
Missing character: There is no “ in font nullfont!
Missing character: There is no 辉 in font nullfont!
Missing character: There is no 煌 in font nullfont!
Missing character: There is no 十 in font nullfont!
Missing character: There is no 年 in font nullfont!
Missing character: There is no ” in font nullfont!
Missing character: There is no 、 in font nullfont!
Missing character: There is no 体 in font nullfont!
Missing character: There is no 验 in font nullfont!
Missing character: There is no 了 in font nullfont!
Missing character: There is no 4 in font nullfont!
Missing character: There is no G in font nullfont!
Missing character: There is no 时 in font nullfont!
Missing character: There is no 代 in font nullfont!
Missing character: There is no “ in font nullfont!
Missing character: There is no 移 in font nullfont!
Missing character: There is no 动 in font nullfont!
Missing character: There is no 互 in font nullfont!
Missing character: There is no 联 in font nullfont!
Missing character: There is no ” in font nullfont!
Missing character: There is no 改 in font nullfont!
Missing character: There is no 变 in font nullfont!
Missing character: There is no 生 in font nullfont!
Missing character: There is no 活 in font nullfont!
Missing character: There is no 的 in font nullfont!
Missing character: There is no “ in font nullfont!
Missing character: There is no 美 in font nullfont!
Missing character: There is no 好 in font nullfont!
Missing character: There is no 十 in font nullfont!
Missing character: There is no 年 in font nullfont!
Missing character: There is no ” in font nullfont!
Missing character: There is no 、 in font nullfont!
Missing character: There is no 开 in font nullfont!
Missing character: There is no 启 in font nullfont!
Missing character: There is no 了 in font nullfont!
Missing character: There is no 第 in font nullfont!
Missing character: There is no 五 in font nullfont!
Missing character: There is no 代 in font nullfont!
Missing character: There is no 移 in font nullfont!
Missing character: There is no 动 in font nullfont!
Missing character: There is no 通 in font nullfont!
Missing character: There is no 信 in font nullfont!
Missing character: There is no 系 in font nullfont!
Missing character: There is no 统 in font nullfont!
Missing character: There is no ( in font nullfont!
Missing character: There is no t in font nullfont!
Missing character: There is no h in font nullfont!
Missing character: There is no e in font nullfont!
Missing character: There is no f in font nullfont!
Missing character: There is no i in font nullfont!
Missing character: There is no f in font nullfont!
Missing character: There is no t in font nullfont!
Missing character: There is no h in font nullfont!
Missing character: There is no - in font nullfont!
Missing character: There is no g in font nullfont!
Missing character: There is no e in font nullfont!
Missing character: There is no n in font nullfont!
Missing character: There is no e in font nullfont!
Missing character: There is no r in font nullfont!
Missing character: There is no a in font nullfont!
Missing character: There is no t in font nullfont!
Missing character: There is no i in font nullfont!
Missing character: There is no o in font nullfont!
Missing character: There is no n in font nullfont!
Missing character: There is no , in font nullfont!
Missing character: There is no 5 in font nullfont!
Missing character: There is no G in font nullfont!
Missing character: There is no ) in font nullfont!
Missing character: There is no 增 in font nullfont!
Missing character: There is no 强 in font nullfont!
Missing character: There is no 宽 in font nullfont!
Missing character: There is no 带 in font nullfont!
Missing character: There is no “ in font nullfont!
Missing character: There is no 万 in font nullfont!
Missing character: There is no 物 in font nullfont!
Missing character: There is no 互 in font nullfont!
Missing character: There is no 联 in font nullfont!
Missing character: There is no ” in font nullfont!
Missing character: There is no 改 in font nullfont!
Missing character: There is no 变 in font nullfont!
Missing character: There is no 社 in font nullfont!
Missing character: There is no 会 in font nullfont!
Missing character: There is no 的 in font nullfont!
Missing character: There is no “ in font nullfont!
Missing character: There is no 创 in font nullfont!
Missing character: There is no 新 in font nullfont!
Missing character: There is no 十 in font nullfont!
Missing character: There is no 年 in font nullfont!
Missing character: There is no ” in font nullfont!
Missing character: There is no 。 in font nullfont!
Missing character: There is no 在 in font nullfont!
Missing character: There is no 未 in font nullfont!
Missing character: There is no 来 in font nullfont!
Missing character: There is no “ in font nullfont!
Missing character: There is no 创 in font nullfont!
Missing character: There is no 新 in font nullfont!
Missing character: There is no 十 in font nullfont!
Missing character: There is no 年 in font nullfont!
Missing character: There is no ” in font nullfont!
Missing character: There is no 的 in font nullfont!
Missing character: There is no 驱 in font nullfont!
Missing character: There is no 动 in font nullfont!
Missing character: There is no 下 in font nullfont!
Missing character: There is no ， in font nullfont!
Missing character: There is no 5 in font nullfont!
Missing character: There is no G in font nullfont!
Missing character: There is no 商 in font nullfont!
Missing character: There is no 用 in font nullfont!
Missing character: There is no 网 in font nullfont!
Missing character: There is no 络 in font nullfont!
Missing character: There is no 将 in font nullfont!
Missing character: There is no 在 in font nullfont!
Missing character: There is no 业 in font nullfont!
Missing character: There is no 务 in font nullfont!
Missing character: There is no 与 in font nullfont!
Missing character: There is no 网 in font nullfont!
Missing character: There is no 络 in font nullfont!
Missing character: There is no 技 in font nullfont!
Missing character: There is no 术 in font nullfont!
Missing character: There is no 方 in font nullfont!
Missing character: There is no 面 in font nullfont!
Missing character: There is no 不 in font nullfont!
Missing character: There is no 断 in font nullfont!
Missing character: There is no 演 in font nullfont!
Missing character: There is no 进 in font nullfont!
Missing character: There is no ， in font nullfont!
Missing character: There is no 并 in font nullfont!
Missing character: There is no 最 in font nullfont!
Missing character: There is no 终 in font nullfont!
Missing character: There is no 走 in font nullfont!
Missing character: There is no 向 in font nullfont!
Missing character: There is no 后 in font nullfont!
Missing character: There is no 5 in font nullfont!
Missing character: There is no G in font nullfont!
Missing character: There is no ( in font nullfont!
Missing character: There is no b in font nullfont!
Missing character: There is no e in font nullfont!
Missing character: There is no y in font nullfont!
Missing character: There is no o in font nullfont!
Missing character: There is no n in font nullfont!
Missing character: There is no d in font nullfont!
Missing character: There is no 5 in font nullfont!
Missing character: There is no G in font nullfont!
Missing character: There is no , in font nullfont!
Missing character: There is no B in font nullfont!
Missing character: There is no 5 in font nullfont!
Missing character: There is no G in font nullfont!
Missing character: There is no ) in font nullfont!
Missing character: There is no 或 in font nullfont!
Missing character: There is no 第 in font nullfont!
Missing character: There is no 六 in font nullfont!
Missing character: There is no 代 in font nullfont!
Missing character: There is no 通 in font nullfont!
Missing character: There is no 信 in font nullfont!
Missing character: There is no 系 in font nullfont!
Missing character: There is no 统 in font nullfont!
Missing character: There is no ( in font nullfont!
Missing character: There is no t in font nullfont!
Missing character: There is no h in font nullfont!
Missing character: There is no e in font nullfont!
Missing character: There is no s in font nullfont!
Missing character: There is no i in font nullfont!
Missing character: There is no x in font nullfont!
Missing character: There is no t in font nullfont!
Missing character: There is no h in font nullfont!
Missing character: There is no g in font nullfont!
Missing character: There is no e in font nullfont!
Missing character: There is no n in font nullfont!
Missing character: There is no e in font nullfont!
Missing character: There is no r in font nullfont!
Missing character: There is no a in font nullfont!
Missing character: There is no t in font nullfont!
Missing character: There is no i in font nullfont!
Missing character: There is no o in font nullfont!
Missing character: There is no n in font nullfont!
Missing character: There is no , in font nullfont!
Missing character: There is no 6 in font nullfont!
Missing character: There is no G in font nullfont!
Missing character: There is no ) in font nullfont!
Missing character: There is no “ in font nullfont!
Missing character: There is no 智 in font nullfont!
Missing character: There is no 能 in font nullfont!
Missing character: There is no 互 in font nullfont!
Missing character: There is no 联 in font nullfont!
Missing character: There is no ” in font nullfont!
Missing character: There is no 改 in font nullfont!
Missing character: There is no 变 in font nullfont!
Missing character: There is no 社 in font nullfont!
Missing character: There is no 会 in font nullfont!
Missing character: There is no 的 in font nullfont!
Missing character: There is no “ in font nullfont!
Missing character: There is no 智 in font nullfont!
Missing character: There is no 能 in font nullfont!
Missing character: There is no 十 in font nullfont!
Missing character: There is no 年 in font nullfont!
Missing character: There is no ” in font nullfont!
Missing character: There is no ， in font nullfont!
Missing character: There is no 这 in font nullfont!
Missing character: There is no 将 in font nullfont!
Missing character: There is no 实 in font nullfont!
Missing character: There is no 现 in font nullfont!
Missing character: There is no 真 in font nullfont!
Missing character: There is no 正 in font nullfont!
Missing character: There is no 意 in font nullfont!
Missing character: There is no 义 in font nullfont!
Missing character: There is no 上 in font nullfont!
Missing character: There is no “ in font nullfont!
Missing character: There is no 空 in font nullfont!
Missing character: There is no 、 in font nullfont!
Missing character: There is no 天 in font nullfont!
Missing character: There is no 、 in font nullfont!
Missing character: There is no 地 in font nullfont!
Missing character: There is no 、 in font nullfont!
Missing character: There is no 海 in font nullfont!
Missing character: There is no 协 in font nullfont!
Missing character: There is no 同 in font nullfont!
Missing character: There is no ” in font nullfont!
Missing character: There is no 的 in font nullfont!
Missing character: There is no 一 in font nullfont!
Missing character: There is no 体 in font nullfont!
Missing character: There is no 化 in font nullfont!
Missing character: There is no 通 in font nullfont!
Missing character: There is no 信 in font nullfont!
Missing character: There is no 目 in font nullfont!
Missing character: There is no 标 in font nullfont!
Missing character: There is no [ in font nullfont!
\citation{R001}
! Undefined control sequence.
<write> ...: Citation `\@citeb ' on page \thepage 
                                                  \space undefined\on@line .^^J
l.4 ...ite{R001,R002,R003,R0031,R0032,R0033,R0034}
                                                  。
The control sequence at the end of the top line
of your error message was never \def'ed. If you have
misspelled it (e.g., `\hobx'), type `I' and the correct
spelling (e.g., `I\hbox'). Otherwise just continue,
and I'll forget about whatever was undefined.


LaTeX Warning: Citation `R001' on page  undefined on input line 4.

Missing character: There is no , in font nullfont!
\citation{R002}
! Undefined control sequence.
<write> ...: Citation `\@citeb ' on page \thepage 
                                                  \space undefined\on@line .^^J
l.4 ...ite{R001,R002,R003,R0031,R0032,R0033,R0034}
                                                  。
The control sequence at the end of the top line
of your error message was never \def'ed. If you have
misspelled it (e.g., `\hobx'), type `I' and the correct
spelling (e.g., `I\hbox'). Otherwise just continue,
and I'll forget about whatever was undefined.


LaTeX Warning: Citation `R002' on page  undefined on input line 4.

Missing character: There is no , in font nullfont!
\citation{R003}
! Undefined control sequence.
<write> ...: Citation `\@citeb ' on page \thepage 
                                                  \space undefined\on@line .^^J
l.4 ...ite{R001,R002,R003,R0031,R0032,R0033,R0034}
                                                  。
The control sequence at the end of the top line
of your error message was never \def'ed. If you have
misspelled it (e.g., `\hobx'), type `I' and the correct
spelling (e.g., `I\hbox'). Otherwise just continue,
and I'll forget about whatever was undefined.


LaTeX Warning: Citation `R003' on page  undefined on input line 4.

Missing character: There is no , in font nullfont!
\citation{R0031}
! Undefined control sequence.
<write> ...: Citation `\@citeb ' on page \thepage 
                                                  \space undefined\on@line .^^J
l.4 ...ite{R001,R002,R003,R0031,R0032,R0033,R0034}
                                                  。
The control sequence at the end of the top line
of your error message was never \def'ed. If you have
misspelled it (e.g., `\hobx'), type `I' and the correct
spelling (e.g., `I\hbox'). Otherwise just continue,
and I'll forget about whatever was undefined.


LaTeX Warning: Citation `R0031' on page  undefined on input line 4.

Missing character: There is no , in font nullfont!
\citation{R0032}
! Undefined control sequence.
<write> ...: Citation `\@citeb ' on page \thepage 
                                                  \space undefined\on@line .^^J
l.4 ...ite{R001,R002,R003,R0031,R0032,R0033,R0034}
                                                  。
The control sequence at the end of the top line
of your error message was never \def'ed. If you have
misspelled it (e.g., `\hobx'), type `I' and the correct
spelling (e.g., `I\hbox'). Otherwise just continue,
and I'll forget about whatever was undefined.


LaTeX Warning: Citation `R0032' on page  undefined on input line 4.

Missing character: There is no , in font nullfont!
\citation{R0033}
! Undefined control sequence.
<write> ...: Citation `\@citeb ' on page \thepage 
                                                  \space undefined\on@line .^^J
l.4 ...ite{R001,R002,R003,R0031,R0032,R0033,R0034}
                                                  。
The control sequence at the end of the top line
of your error message was never \def'ed. If you have
misspelled it (e.g., `\hobx'), type `I' and the correct
spelling (e.g., `I\hbox'). Otherwise just continue,
and I'll forget about whatever was undefined.


LaTeX Warning: Citation `R0033' on page  undefined on input line 4.

Missing character: There is no , in font nullfont!
\citation{R0034}
! Undefined control sequence.
<write> ...: Citation `\@citeb ' on page \thepage 
                                                  \space undefined\on@line .^^J
l.4 ...ite{R001,R002,R003,R0031,R0032,R0033,R0034}
                                                  。
The control sequence at the end of the top line
of your error message was never \def'ed. If you have
misspelled it (e.g., `\hobx'), type `I' and the correct
spelling (e.g., `I\hbox'). Otherwise just continue,
and I'll forget about whatever was undefined.


LaTeX Warning: Citation `R0034' on page  undefined on input line 4.

Missing character: There is no ] in font nullfont!
Missing character: There is no 。 in font nullfont!

Overfull \hbox (20.0pt too wide) in paragraph at lines 2--5
[][]
 []


Overfull \hbox (5.43pt too wide) in paragraph at lines 2--5
[]
 []


Overfull \hbox (5.43pt too wide) in paragraph at lines 2--5
[]
 []


Overfull \hbox (5.43pt too wide) in paragraph at lines 2--5
[]
 []


Overfull \hbox (5.43pt too wide) in paragraph at lines 2--5
[]
 []


Overfull \hbox (5.43pt too wide) in paragraph at lines 2--5
[]
 []


Overfull \hbox (5.43pt too wide) in paragraph at lines 2--5
[]
 []


Overfull \hbox (5.43pt too wide) in paragraph at lines 2--5
[] 
 []


! LaTeX Error: Environment figure undefined.

See the LaTeX manual or LaTeX Companion for explanation.
Type  H <return>  for immediate help.
 ...                                              
                                                  
l.6 \begin{figure}
                  [h]
Your command was ignored.
Type  I <command> <return>  to replace it with another command,
or  <return>  to continue without it.


! LaTeX Error: Missing \begin{document}.

See the LaTeX manual or LaTeX Companion for explanation.
Type  H <return>  for immediate help.
 ...                                              
                                                  
l.6 \begin{figure}[
                   h]
You're in trouble here.  Try typing  <return>  to proceed.
If that doesn't work, type  X <return>  to quit.

Missing character: There is no [ in font nullfont!
Missing character: There is no h in font nullfont!
Missing character: There is no ] in font nullfont!
! Undefined control sequence.
l.8 ^^I\includegraphics
                       [width=0.6\textwidth]{figures/c1fig7.jpg}
The control sequence at the end of the top line
of your error message was never \def'ed. If you have
misspelled it (e.g., `\hobx'), type `I' and the correct
spelling (e.g., `I\hbox'). Otherwise just continue,
and I'll forget about whatever was undefined.

Missing character: There is no [ in font nullfont!
Missing character: There is no w in font nullfont!
Missing character: There is no i in font nullfont!
Missing character: There is no d in font nullfont!
Missing character: There is no t in font nullfont!
Missing character: There is no h in font nullfont!
Missing character: There is no = in font nullfont!
Missing character: There is no 0 in font nullfont!
Missing character: There is no . in font nullfont!
Missing character: There is no 6 in font nullfont!
! Missing number, treated as zero.
<to be read again> 
                   ]
l.8 ^^I\includegraphics[width=0.6\textwidth]
                                            {figures/c1fig7.jpg}
A number should have been here; I inserted `0'.
(If you can't figure out why I needed to see a number,
look up `weird error' in the index to The TeXbook.)

! Illegal unit of measure (pt inserted).
<to be read again> 
                   ]
l.8 ^^I\includegraphics[width=0.6\textwidth]
                                            {figures/c1fig7.jpg}
Dimensions can be in units of em, ex, in, pt, pc,
cm, mm, dd, cc, bp, or sp; but yours is a new one!
I'll assume that you meant to say pt, for printer's points.
To recover gracefully from this error, it's best to
delete the erroneous units; e.g., type `2' to delete
two letters. (See Chapter 27 of The TeXbook.)

Missing character: There is no ] in font nullfont!
Missing character: There is no f in font nullfont!
Missing character: There is no i in font nullfont!
Missing character: There is no g in font nullfont!
Missing character: There is no u in font nullfont!
Missing character: There is no r in font nullfont!
Missing character: There is no e in font nullfont!
Missing character: There is no s in font nullfont!
Missing character: There is no / in font nullfont!
Missing character: There is no c in font nullfont!
Missing character: There is no 1 in font nullfont!
Missing character: There is no f in font nullfont!
Missing character: There is no i in font nullfont!
Missing character: There is no g in font nullfont!
Missing character: There is no 7 in font nullfont!
Missing character: There is no . in font nullfont!
Missing character: There is no j in font nullfont!
Missing character: There is no p in font nullfont!
Missing character: There is no g in font nullfont!

! LaTeX Error: \caption outside float.

See the LaTeX manual or LaTeX Companion for explanation.
Type  H <return>  for immediate help.
 ...                                              
                                                  
l.9 ^^I\caption
               {移动通信演进历程}
You're in trouble here.  Try typing  <return>  to proceed.
If that doesn't work, type  X <return>  to quit.

Missing character: There is no 移 in font nullfont!
Missing character: There is no 动 in font nullfont!
Missing character: There is no 通 in font nullfont!
Missing character: There is no 信 in font nullfont!
Missing character: There is no 演 in font nullfont!
Missing character: There is no 进 in font nullfont!
Missing character: There is no 历 in font nullfont!
Missing character: There is no 程 in font nullfont!

! LaTeX Error: \begin{document} ended by \end{figure}.

See the LaTeX manual or LaTeX Companion for explanation.
Type  H <return>  for immediate help.
 ...                                              
                                                  
l.11 \end{figure}
                 
Your command was ignored.
Type  I <command> <return>  to replace it with another command,
or  <return>  to continue without it.


Overfull \hbox (20.0pt too wide) in paragraph at lines 6--12
[]
 []


! LaTeX Error: Missing \begin{document}.

See the LaTeX manual or LaTeX Companion for explanation.
Type  H <return>  for immediate help.
 ...                                              
                                                  
l.13 目
      前，5G技术正在以“迅雷不及掩耳之势”的快速普及正在为全行业、全生态提供“无所不在”的基础性业务能力。而未来的B5G和6G移动通信技术的创新...

You're in trouble here.  Try typing  <return>  to proceed.
If that doesn't work, type  X <return>  to quit.

Missing character: There is no 目 in font nullfont!
Missing character: There is no 前 in font nullfont!
Missing character: There is no ， in font nullfont!
Missing character: There is no 5 in font nullfont!
Missing character: There is no G in font nullfont!
Missing character: There is no 技 in font nullfont!
Missing character: There is no 术 in font nullfont!
Missing character: There is no 正 in font nullfont!
Missing character: There is no 在 in font nullfont!
Missing character: There is no 以 in font nullfont!
Missing character: There is no “ in font nullfont!
Missing character: There is no 迅 in font nullfont!
Missing character: There is no 雷 in font nullfont!
Missing character: There is no 不 in font nullfont!
Missing character: There is no 及 in font nullfont!
Missing character: There is no 掩 in font nullfont!
Missing character: There is no 耳 in font nullfont!
Missing character: There is no 之 in font nullfont!
Missing character: There is no 势 in font nullfont!
Missing character: There is no ” in font nullfont!
Missing character: There is no 的 in font nullfont!
Missing character: There is no 快 in font nullfont!
Missing character: There is no 速 in font nullfont!
Missing character: There is no 普 in font nullfont!
Missing character: There is no 及 in font nullfont!
Missing character: There is no 正 in font nullfont!
Missing character: There is no 在 in font nullfont!
Missing character: There is no 为 in font nullfont!
Missing character: There is no 全 in font nullfont!
Missing character: There is no 行 in font nullfont!
Missing character: There is no 业 in font nullfont!
Missing character: There is no 、 in font nullfont!
Missing character: There is no 全 in font nullfont!
Missing character: There is no 生 in font nullfont!
Missing character: There is no 态 in font nullfont!
Missing character: There is no 提 in font nullfont!
Missing character: There is no 供 in font nullfont!
Missing character: There is no “ in font nullfont!
Missing character: There is no 无 in font nullfont!
Missing character: There is no 所 in font nullfont!
Missing character: There is no 不 in font nullfont!
Missing character: There is no 在 in font nullfont!
Missing character: There is no ” in font nullfont!
Missing character: There is no 的 in font nullfont!
Missing character: There is no 基 in font nullfont!
Missing character: There is no 础 in font nullfont!
Missing character: There is no 性 in font nullfont!
Missing character: There is no 业 in font nullfont!
Missing character: There is no 务 in font nullfont!
Missing character: There is no 能 in font nullfont!
Missing character: There is no 力 in font nullfont!
Missing character: There is no 。 in font nullfont!
Missing character: There is no 而 in font nullfont!
Missing character: There is no 未 in font nullfont!
Missing character: There is no 来 in font nullfont!
Missing character: There is no 的 in font nullfont!
Missing character: There is no B in font nullfont!
Missing character: There is no 5 in font nullfont!
Missing character: There is no G in font nullfont!
Missing character: There is no 和 in font nullfont!
Missing character: There is no 6 in font nullfont!
Missing character: There is no G in font nullfont!
Missing character: There is no 移 in font nullfont!
Missing character: There is no 动 in font nullfont!
Missing character: There is no 通 in font nullfont!
Missing character: There is no 信 in font nullfont!
Missing character: There is no 技 in font nullfont!
Missing character: There is no 术 in font nullfont!
Missing character: There is no 的 in font nullfont!
Missing character: There is no 创 in font nullfont!
Missing character: There is no 新 in font nullfont!
Missing character: There is no 发 in font nullfont!
Missing character: There is no 展 in font nullfont!
Missing character: There is no ， in font nullfont!
Missing character: There is no 更 in font nullfont!
Missing character: There is no 进 in font nullfont!
Missing character: There is no 一 in font nullfont!
Missing character: There is no 步 in font nullfont!
Missing character: There is no 为 in font nullfont!
Missing character: There is no 人 in font nullfont!
Missing character: There is no 类 in font nullfont!
Missing character: There is no 的 in font nullfont!
Missing character: There is no 生 in font nullfont!
Missing character: There is no 产 in font nullfont!
Missing character: There is no 、 in font nullfont!
Missing character: There is no 生 in font nullfont!
Missing character: There is no 活 in font nullfont!
Missing character: There is no 、 in font nullfont!
Missing character: There is no 学 in font nullfont!
Missing character: There is no 习 in font nullfont!
Missing character: There is no 、 in font nullfont!
Missing character: There is no 工 in font nullfont!
Missing character: There is no 作 in font nullfont!
Missing character: There is no 方 in font nullfont!
Missing character: There is no 式 in font nullfont!
Missing character: There is no 带 in font nullfont!
Missing character: There is no 来 in font nullfont!
Missing character: There is no 翻 in font nullfont!
Missing character: There is no 天 in font nullfont!
Missing character: There is no 覆 in font nullfont!
Missing character: There is no 地 in font nullfont!
Missing character: There is no 的 in font nullfont!
Missing character: There is no 变 in font nullfont!
Missing character: There is no 化 in font nullfont!
Missing character: There is no ， in font nullfont!
Missing character: There is no 也 in font nullfont!
Missing character: There is no 将 in font nullfont!
Missing character: There is no 以 in font nullfont!
Missing character: There is no 其 in font nullfont!
Missing character: There is no 更 in font nullfont!
Missing character: There is no 强 in font nullfont!
Missing character: There is no 的 in font nullfont!
Missing character: There is no 渗 in font nullfont!
Missing character: There is no 透 in font nullfont!
Missing character: There is no 性 in font nullfont!
Missing character: There is no 和 in font nullfont!
Missing character: There is no 带 in font nullfont!
Missing character: There is no 动 in font nullfont!
Missing character: There is no 性 in font nullfont!
Missing character: There is no 成 in font nullfont!
Missing character: There is no 为 in font nullfont!
Missing character: There is no 社 in font nullfont!
Missing character: There is no 会 in font nullfont!
Missing character: There is no 数 in font nullfont!
Missing character: There is no 字 in font nullfont!
Missing character: There is no 化 in font nullfont!
Missing character: There is no 和 in font nullfont!
Missing character: There is no 信 in font nullfont!
Missing character: There is no 息 in font nullfont!
Missing character: There is no 化 in font nullfont!
Missing character: There is no 水 in font nullfont!
Missing character: There is no 平 in font nullfont!
Missing character: There is no 加 in font nullfont!
Missing character: There is no 速 in font nullfont!
Missing character: There is no 的 in font nullfont!
Missing character: There is no 全 in font nullfont!
Missing character: There is no 新 in font nullfont!
Missing character: There is no 引 in font nullfont!
Missing character: There is no 擎 in font nullfont!
Missing character: There is no 。 in font nullfont!
Missing character: There is no 其 in font nullfont!
Missing character: There is no 将 in font nullfont!
Missing character: There is no 作 in font nullfont!
Missing character: There is no 为 in font nullfont!
Missing character: There is no 支 in font nullfont!
Missing character: There is no 撑 in font nullfont!
Missing character: There is no 经 in font nullfont!
Missing character: There is no 济 in font nullfont!
Missing character: There is no 社 in font nullfont!
Missing character: There is no 会 in font nullfont!
Missing character: There is no 发 in font nullfont!
Missing character: There is no 展 in font nullfont!
Missing character: There is no 战 in font nullfont!
Missing character: There is no 略 in font nullfont!
Missing character: There is no 性 in font nullfont!
Missing character: There is no 、 in font nullfont!
Missing character: There is no 基 in font nullfont!
Missing character: There is no 础 in font nullfont!
Missing character: There is no 性 in font nullfont!
Missing character: There is no 和 in font nullfont!
Missing character: There is no 先 in font nullfont!
Missing character: There is no 导 in font nullfont!
Missing character: There is no 性 in font nullfont!
Missing character: There is no 的 in font nullfont!
Missing character: There is no 关 in font nullfont!
Missing character: There is no 键 in font nullfont!
Missing character: There is no 基 in font nullfont!
Missing character: There is no 础 in font nullfont!
Missing character: There is no 设 in font nullfont!
Missing character: There is no 施 in font nullfont!
Missing character: There is no ， in font nullfont!
Missing character: There is no 这 in font nullfont!
Missing character: There is no 对 in font nullfont!
Missing character: There is no 于 in font nullfont!
Missing character: There is no 转 in font nullfont!
Missing character: There is no 变 in font nullfont!
Missing character: There is no 经 in font nullfont!
Missing character: There is no 济 in font nullfont!
Missing character: There is no 发 in font nullfont!
Missing character: There is no 展 in font nullfont!
Missing character: There is no 方 in font nullfont!
Missing character: There is no 式 in font nullfont!
Missing character: There is no 、 in font nullfont!
Missing character: There is no 保 in font nullfont!
Missing character: There is no 障 in font nullfont!
Missing character: There is no 国 in font nullfont!
Missing character: There is no 家 in font nullfont!
Missing character: There is no 战 in font nullfont!
Missing character: There is no 略 in font nullfont!
Missing character: There is no 需 in font nullfont!
Missing character: There is no 求 in font nullfont!
Missing character: There is no 、 in font nullfont!
Missing character: There is no 实 in font nullfont!
Missing character: There is no 现 in font nullfont!
Missing character: There is no 人 in font nullfont!
Missing character: There is no 民 in font nullfont!
Missing character: There is no 安 in font nullfont!
Missing character: There is no 居 in font nullfont!
Missing character: There is no 乐 in font nullfont!
Missing character: There is no 业 in font nullfont!
Missing character: There is no 、 in font nullfont!
Missing character: There is no 推 in font nullfont!
Missing character: There is no 进 in font nullfont!
Missing character: There is no 新 in font nullfont!
Missing character: There is no 时 in font nullfont!
Missing character: There is no 代 in font nullfont!
Missing character: There is no 网 in font nullfont!
Missing character: There is no 络 in font nullfont!
Missing character: There is no 强 in font nullfont!
Missing character: There is no 国 in font nullfont!
Missing character: There is no 、 in font nullfont!
Missing character: There is no 数 in font nullfont!
Missing character: There is no 字 in font nullfont!
Missing character: There is no 中 in font nullfont!
Missing character: There is no 国 in font nullfont!
Missing character: There is no 、 in font nullfont!
Missing character: There is no 智 in font nullfont!
Missing character: There is no 慧 in font nullfont!
Missing character: There is no 城 in font nullfont!
Missing character: There is no 市 in font nullfont!
Missing character: There is no 建 in font nullfont!
Missing character: There is no 设 in font nullfont!
Missing character: There is no 等 in font nullfont!
Missing character: There is no 起 in font nullfont!
Missing character: There is no 到 in font nullfont!
Missing character: There is no 关 in font nullfont!
Missing character: There is no 键 in font nullfont!
Missing character: There is no 的 in font nullfont!
Missing character: There is no 支 in font nullfont!
Missing character: There is no 撑 in font nullfont!
Missing character: There is no 作 in font nullfont!
Missing character: There is no 用 in font nullfont!
Missing character: There is no ， in font nullfont!
Missing character: There is no 也 in font nullfont!
Missing character: There is no 为 in font nullfont!
Missing character: There is no 提 in font nullfont!
Missing character: There is no 升 in font nullfont!
Missing character: There is no 综 in font nullfont!
Missing character: There is no 合 in font nullfont!
Missing character: There is no 国 in font nullfont!
Missing character: There is no 力 in font nullfont!
Missing character: There is no 、 in font nullfont!
Missing character: There is no 扩 in font nullfont!
Missing character: There is no 大 in font nullfont!
Missing character: There is no 人 in font nullfont!
Missing character: There is no 类 in font nullfont!
Missing character: There is no 活 in font nullfont!
Missing character: There is no 动 in font nullfont!
Missing character: There is no 疆 in font nullfont!
Missing character: There is no 域 in font nullfont!
Missing character: There is no 、 in font nullfont!
Missing character: There is no 促 in font nullfont!
Missing character: There is no 进 in font nullfont!
Missing character: There is no “ in font nullfont!
Missing character: There is no 新 in font nullfont!
Missing character: There is no 常 in font nullfont!
Missing character: There is no 态 in font nullfont!
Missing character: There is no ” in font nullfont!
Missing character: There is no 下 in font nullfont!
Missing character: There is no 国 in font nullfont!
Missing character: There is no 家 in font nullfont!
Missing character: There is no 经 in font nullfont!
Missing character: There is no 济 in font nullfont!
Missing character: There is no 高 in font nullfont!
Missing character: There is no 质 in font nullfont!
Missing character: There is no 量 in font nullfont!
Missing character: There is no 发 in font nullfont!
Missing character: There is no 展 in font nullfont!
Missing character: There is no 、 in font nullfont!
Missing character: There is no 社 in font nullfont!
Missing character: There is no 会 in font nullfont!
Missing character: There is no 数 in font nullfont!
Missing character: There is no 字 in font nullfont!
Missing character: There is no 化 in font nullfont!
Missing character: There is no 、 in font nullfont!
Missing character: There is no 信 in font nullfont!
Missing character: There is no 息 in font nullfont!
Missing character: There is no 化 in font nullfont!
Missing character: There is no 和 in font nullfont!
Missing character: There is no 智 in font nullfont!
Missing character: There is no 能 in font nullfont!
Missing character: There is no 化 in font nullfont!
Missing character: There is no 转 in font nullfont!
Missing character: There is no 型 in font nullfont!
Missing character: There is no 升 in font nullfont!
Missing character: There is no 级 in font nullfont!
Missing character: There is no ， in font nullfont!
Missing character: There is no 驱 in font nullfont!
Missing character: There is no 动 in font nullfont!
Missing character: There is no 社 in font nullfont!
Missing character: There is no 会 in font nullfont!
Missing character: There is no 结 in font nullfont!
Missing character: There is no 构 in font nullfont!
Missing character: There is no 变 in font nullfont!
Missing character: There is no 革 in font nullfont!
Missing character: There is no 、 in font nullfont!
Missing character: There is no 促 in font nullfont!
Missing character: There is no 进 in font nullfont!
Missing character: There is no 以 in font nullfont!
Missing character: There is no “ in font nullfont!
Missing character: There is no 一 in font nullfont!
Missing character: There is no 带 in font nullfont!
Missing character: There is no 一 in font nullfont!
Missing character: There is no 路 in font nullfont!
Missing character: There is no ” in font nullfont!
Missing character: There is no 为 in font nullfont!
Missing character: There is no 核 in font nullfont!
Missing character: There is no 心 in font nullfont!
Missing character: There is no 的 in font nullfont!
Missing character: There is no 全 in font nullfont!
Missing character: There is no 球 in font nullfont!
Missing character: There is no 经 in font nullfont!
Missing character: There is no 济 in font nullfont!
Missing character: There is no 化 in font nullfont!
Missing character: There is no 发 in font nullfont!
Missing character: There is no 展 in font nullfont!
Missing character: There is no 、 in font nullfont!
Missing character: There is no 国 in font nullfont!
Missing character: There is no 家 in font nullfont!
Missing character: There is no 治 in font nullfont!
Missing character: There is no 理 in font nullfont!
Missing character: There is no 体 in font nullfont!
Missing character: There is no 系 in font nullfont!
Missing character: There is no 及 in font nullfont!
Missing character: There is no 治 in font nullfont!
Missing character: There is no 理 in font nullfont!
Missing character: There is no 能 in font nullfont!
Missing character: There is no 力 in font nullfont!
Missing character: There is no 现 in font nullfont!
Missing character: There is no 代 in font nullfont!
Missing character: There is no 化 in font nullfont!
Missing character: There is no 的 in font nullfont!
Missing character: There is no 推 in font nullfont!
Missing character: There is no 进 in font nullfont!
Missing character: There is no 具 in font nullfont!
Missing character: There is no 有 in font nullfont!
Missing character: There is no 重 in font nullfont!
Missing character: There is no 大 in font nullfont!
Missing character: There is no 而 in font nullfont!
Missing character: There is no 深 in font nullfont!
Missing character: There is no 远 in font nullfont!
Missing character: There is no 的 in font nullfont!
Missing character: There is no 理 in font nullfont!
Missing character: There is no 论 in font nullfont!
Missing character: There is no 价 in font nullfont!
Missing character: There is no 值 in font nullfont!
Missing character: There is no 和 in font nullfont!
Missing character: There is no 现 in font nullfont!
Missing character: There is no 实 in font nullfont!
Missing character: There is no 意 in font nullfont!
Missing character: There is no 义 in font nullfont!
Missing character: There is no [ in font nullfont!
\citation{R004}
! Undefined control sequence.
<write> ...: Citation `\@citeb ' on page \thepage 
                                                  \space undefined\on@line .^^J
l.13 ...理能力现代化的推进具有重大而深远的理论价值和现实意义\cite{R004,R005}
                                                  。
The control sequence at the end of the top line
of your error message was never \def'ed. If you have
misspelled it (e.g., `\hobx'), type `I' and the correct
spelling (e.g., `I\hbox'). Otherwise just continue,
and I'll forget about whatever was undefined.


LaTeX Warning: Citation `R004' on page  undefined on input line 13.

Missing character: There is no , in font nullfont!
\citation{R005}
! Undefined control sequence.
<write> ...: Citation `\@citeb ' on page \thepage 
                                                  \space undefined\on@line .^^J
l.13 ...理能力现代化的推进具有重大而深远的理论价值和现实意义\cite{R004,R005}
                                                  。
The control sequence at the end of the top line
of your error message was never \def'ed. If you have
misspelled it (e.g., `\hobx'), type `I' and the correct
spelling (e.g., `I\hbox'). Otherwise just continue,
and I'll forget about whatever was undefined.


LaTeX Warning: Citation `R005' on page  undefined on input line 13.

Missing character: There is no ] in font nullfont!
Missing character: There is no 。 in font nullfont!

Overfull \hbox (25.43pt too wide) in paragraph at lines 13--14
[][]
 []


Overfull \hbox (5.43pt too wide) in paragraph at lines 13--14
[] 
 []


! LaTeX Error: Missing \begin{document}.

See the LaTeX manual or LaTeX Companion for explanation.
Type  H <return>  for immediate help.
 ...                                              
                                                  
l.16 随
      着以“服务为中心、服务定制化”、“信息随心至，万物触手及”的全方位生态网络在全球如火如荼的构建和部署，其通过分别定义的“增强移动宽带业务(e...

You're in trouble here.  Try typing  <return>  to proceed.
If that doesn't work, type  X <return>  to quit.

Missing character: There is no 随 in font nullfont!
Missing character: There is no 着 in font nullfont!
Missing character: There is no 以 in font nullfont!
Missing character: There is no “ in font nullfont!
Missing character: There is no 服 in font nullfont!
Missing character: There is no 务 in font nullfont!
Missing character: There is no 为 in font nullfont!
Missing character: There is no 中 in font nullfont!
Missing character: There is no 心 in font nullfont!
Missing character: There is no 、 in font nullfont!
Missing character: There is no 服 in font nullfont!
Missing character: There is no 务 in font nullfont!
Missing character: There is no 定 in font nullfont!
Missing character: There is no 制 in font nullfont!
Missing character: There is no 化 in font nullfont!
Missing character: There is no ” in font nullfont!
Missing character: There is no 、 in font nullfont!
Missing character: There is no “ in font nullfont!
Missing character: There is no 信 in font nullfont!
Missing character: There is no 息 in font nullfont!
Missing character: There is no 随 in font nullfont!
Missing character: There is no 心 in font nullfont!
Missing character: There is no 至 in font nullfont!
Missing character: There is no ， in font nullfont!
Missing character: There is no 万 in font nullfont!
Missing character: There is no 物 in font nullfont!
Missing character: There is no 触 in font nullfont!
Missing character: There is no 手 in font nullfont!
Missing character: There is no 及 in font nullfont!
Missing character: There is no ” in font nullfont!
Missing character: There is no 的 in font nullfont!
Missing character: There is no 全 in font nullfont!
Missing character: There is no 方 in font nullfont!
Missing character: There is no 位 in font nullfont!
Missing character: There is no 生 in font nullfont!
Missing character: There is no 态 in font nullfont!
Missing character: There is no 网 in font nullfont!
Missing character: There is no 络 in font nullfont!
Missing character: There is no 在 in font nullfont!
Missing character: There is no 全 in font nullfont!
Missing character: There is no 球 in font nullfont!
Missing character: There is no 如 in font nullfont!
Missing character: There is no 火 in font nullfont!
Missing character: There is no 如 in font nullfont!
Missing character: There is no 荼 in font nullfont!
Missing character: There is no 的 in font nullfont!
Missing character: There is no 构 in font nullfont!
Missing character: There is no 建 in font nullfont!
Missing character: There is no 和 in font nullfont!
Missing character: There is no 部 in font nullfont!
Missing character: There is no 署 in font nullfont!
Missing character: There is no ， in font nullfont!
Missing character: There is no 其 in font nullfont!
Missing character: There is no 通 in font nullfont!
Missing character: There is no 过 in font nullfont!
Missing character: There is no 分 in font nullfont!
Missing character: There is no 别 in font nullfont!
Missing character: There is no 定 in font nullfont!
Missing character: There is no 义 in font nullfont!
Missing character: There is no 的 in font nullfont!
Missing character: There is no “ in font nullfont!
Missing character: There is no 增 in font nullfont!
Missing character: There is no 强 in font nullfont!
Missing character: There is no 移 in font nullfont!
Missing character: There is no 动 in font nullfont!
Missing character: There is no 宽 in font nullfont!
Missing character: There is no 带 in font nullfont!
Missing character: There is no 业 in font nullfont!
Missing character: There is no 务 in font nullfont!
Missing character: There is no ( in font nullfont!
Missing character: There is no e in font nullfont!
Missing character: There is no n in font nullfont!
Missing character: There is no h in font nullfont!
Missing character: There is no a in font nullfont!
Missing character: There is no n in font nullfont!
Missing character: There is no c in font nullfont!
Missing character: There is no e in font nullfont!
Missing character: There is no d in font nullfont!
Missing character: There is no m in font nullfont!
Missing character: There is no o in font nullfont!
Missing character: There is no b in font nullfont!
Missing character: There is no i in font nullfont!
Missing character: There is no l in font nullfont!
Missing character: There is no e in font nullfont!
Missing character: There is no b in font nullfont!
Missing character: There is no r in font nullfont!
Missing character: There is no o in font nullfont!
Missing character: There is no a in font nullfont!
Missing character: There is no d in font nullfont!
Missing character: There is no b in font nullfont!
Missing character: There is no a in font nullfont!
Missing character: There is no n in font nullfont!
Missing character: There is no d in font nullfont!
Missing character: There is no , in font nullfont!
Missing character: There is no e in font nullfont!
Missing character: There is no M in font nullfont!
Missing character: There is no B in font nullfont!
Missing character: There is no B in font nullfont!
Missing character: There is no ) in font nullfont!
Missing character: There is no ” in font nullfont!
Missing character: There is no 、 in font nullfont!
Missing character: There is no “ in font nullfont!
Missing character: There is no 超 in font nullfont!
Missing character: There is no 高 in font nullfont!
Missing character: There is no 可 in font nullfont!
Missing character: There is no 靠 in font nullfont!
Missing character: There is no 超 in font nullfont!
Missing character: There is no 低 in font nullfont!
Missing character: There is no 时 in font nullfont!
Missing character: There is no 延 in font nullfont!
Missing character: There is no ( in font nullfont!
Missing character: There is no u in font nullfont!
Missing character: There is no l in font nullfont!
Missing character: There is no t in font nullfont!
Missing character: There is no r in font nullfont!
Missing character: There is no a in font nullfont!
Missing character: There is no - in font nullfont!
Missing character: There is no r in font nullfont!
Missing character: There is no e in font nullfont!
Missing character: There is no l in font nullfont!
Missing character: There is no i in font nullfont!
Missing character: There is no a in font nullfont!
Missing character: There is no b in font nullfont!
Missing character: There is no l in font nullfont!
Missing character: There is no e in font nullfont!
Missing character: There is no a in font nullfont!
Missing character: There is no n in font nullfont!
Missing character: There is no d in font nullfont!
Missing character: There is no l in font nullfont!
Missing character: There is no o in font nullfont!
Missing character: There is no w in font nullfont!
Missing character: There is no l in font nullfont!
Missing character: There is no a in font nullfont!
Missing character: There is no t in font nullfont!
Missing character: There is no e in font nullfont!
Missing character: There is no n in font nullfont!
Missing character: There is no c in font nullfont!
Missing character: There is no y in font nullfont!
Missing character: There is no c in font nullfont!
Missing character: There is no o in font nullfont!
Missing character: There is no m in font nullfont!
Missing character: There is no m in font nullfont!
Missing character: There is no u in font nullfont!
Missing character: There is no n in font nullfont!
Missing character: There is no i in font nullfont!
Missing character: There is no c in font nullfont!
Missing character: There is no a in font nullfont!
Missing character: There is no t in font nullfont!
Missing character: There is no i in font nullfont!
Missing character: There is no o in font nullfont!
Missing character: There is no n in font nullfont!
Missing character: There is no s in font nullfont!
Missing character: There is no , in font nullfont!
Missing character: There is no u in font nullfont!
Missing character: There is no R in font nullfont!
Missing character: There is no L in font nullfont!
Missing character: There is no L in font nullfont!
Missing character: There is no C in font nullfont!
Missing character: There is no ) in font nullfont!
Missing character: There is no ” in font nullfont!
Missing character: There is no 和 in font nullfont!
Missing character: There is no “ in font nullfont!
Missing character: There is no 海 in font nullfont!
Missing character: There is no 量 in font nullfont!
Missing character: There is no 机 in font nullfont!
Missing character: There is no 器 in font nullfont!
Missing character: There is no 类 in font nullfont!
Missing character: There is no 连 in font nullfont!
Missing character: There is no 接 in font nullfont!
Missing character: There is no ( in font nullfont!
Missing character: There is no m in font nullfont!
Missing character: There is no a in font nullfont!
Missing character: There is no s in font nullfont!
Missing character: There is no s in font nullfont!
Missing character: There is no i in font nullfont!
Missing character: There is no v in font nullfont!
Missing character: There is no e in font nullfont!
Missing character: There is no m in font nullfont!
Missing character: There is no a in font nullfont!
Missing character: There is no c in font nullfont!
Missing character: There is no h in font nullfont!
Missing character: There is no i in font nullfont!
Missing character: There is no n in font nullfont!
Missing character: There is no e in font nullfont!
Missing character: There is no t in font nullfont!
Missing character: There is no y in font nullfont!
Missing character: There is no p in font nullfont!
Missing character: There is no e in font nullfont!
Missing character: There is no c in font nullfont!
Missing character: There is no o in font nullfont!
Missing character: There is no m in font nullfont!
Missing character: There is no m in font nullfont!
Missing character: There is no u in font nullfont!
Missing character: There is no n in font nullfont!
Missing character: There is no i in font nullfont!
Missing character: There is no c in font nullfont!
Missing character: There is no a in font nullfont!
Missing character: There is no t in font nullfont!
Missing character: There is no i in font nullfont!
Missing character: There is no o in font nullfont!
Missing character: There is no n in font nullfont!
Missing character: There is no s in font nullfont!
Missing character: There is no , in font nullfont!
Missing character: There is no m in font nullfont!
Missing character: There is no M in font nullfont!
Missing character: There is no T in font nullfont!
Missing character: There is no C in font nullfont!
Missing character: There is no ) in font nullfont!
Missing character: There is no ” in font nullfont!
Missing character: There is no 等 in font nullfont!
Missing character: There is no 三 in font nullfont!
Missing character: There is no 大 in font nullfont!
Missing character: There is no 应 in font nullfont!
Missing character: There is no 用 in font nullfont!
Missing character: There is no 场 in font nullfont!
Missing character: There is no 景 in font nullfont!
Missing character: There is no ， in font nullfont!
Missing character: There is no 满 in font nullfont!
Missing character: There is no 足 in font nullfont!
Missing character: There is no 了 in font nullfont!
Missing character: There is no 5 in font nullfont!
Missing character: There is no G in font nullfont!
Missing character: There is no 时 in font nullfont!
Missing character: There is no 代 in font nullfont!
Missing character: There is no 的 in font nullfont!
Missing character: There is no 多 in font nullfont!
Missing character: There is no 样 in font nullfont!
Missing character: There is no 化 in font nullfont!
Missing character: There is no 通 in font nullfont!
Missing character: There is no 信 in font nullfont!
Missing character: There is no 需 in font nullfont!
Missing character: There is no 求 in font nullfont!
Missing character: There is no ， in font nullfont!
Missing character: There is no 首 in font nullfont!
Missing character: There is no 次 in font nullfont!
Missing character: There is no 将 in font nullfont!
Missing character: There is no 垂 in font nullfont!
Missing character: There is no 直 in font nullfont!
Missing character: There is no 行 in font nullfont!
Missing character: There is no 业 in font nullfont!
Missing character: There is no 应 in font nullfont!
Missing character: There is no 用 in font nullfont!
Missing character: There is no 纳 in font nullfont!
Missing character: There is no 入 in font nullfont!
Missing character: There is no 公 in font nullfont!
Missing character: There is no 众 in font nullfont!
Missing character: There is no 移 in font nullfont!
Missing character: There is no 动 in font nullfont!
Missing character: There is no 通 in font nullfont!
Missing character: There is no 信 in font nullfont!
Missing character: There is no 的 in font nullfont!
Missing character: There is no 范 in font nullfont!
Missing character: There is no 畴 in font nullfont!
Missing character: There is no 并 in font nullfont!
Missing character: There is no 进 in font nullfont!
Missing character: There is no 行 in font nullfont!
Missing character: There is no 深 in font nullfont!
Missing character: There is no 度 in font nullfont!
Missing character: There is no 融 in font nullfont!
Missing character: There is no 合 in font nullfont!
Missing character: There is no 。 in font nullfont!
Missing character: There is no 然 in font nullfont!
Missing character: There is no 而 in font nullfont!
Missing character: There is no ， in font nullfont!
Missing character: There is no 当 in font nullfont!
Missing character: There is no 前 in font nullfont!
Missing character: There is no 5 in font nullfont!
Missing character: There is no G in font nullfont!
Missing character: There is no 运 in font nullfont!
Missing character: There is no 营 in font nullfont!
Missing character: There is no 所 in font nullfont!
Missing character: There is no 需 in font nullfont!
Missing character: There is no 要 in font nullfont!
Missing character: There is no 的 in font nullfont!
Missing character: There is no 密 in font nullfont!
Missing character: There is no 集 in font nullfont!
Missing character: There is no 基 in font nullfont!
Missing character: There is no 站 in font nullfont!
Missing character: There is no 、 in font nullfont!
Missing character: There is no 高 in font nullfont!
Missing character: There is no 昂 in font nullfont!
Missing character: There is no 的 in font nullfont!
Missing character: There is no 网 in font nullfont!
Missing character: There is no 络 in font nullfont!
Missing character: There is no 部 in font nullfont!
Missing character: There is no 署 in font nullfont!
Missing character: There is no 和 in font nullfont!
Missing character: There is no 建 in font nullfont!
Missing character: There is no 设 in font nullfont!
Missing character: There is no 开 in font nullfont!
Missing character: There is no 销 in font nullfont!
Missing character: There is no ， in font nullfont!
Missing character: There is no 以 in font nullfont!
Missing character: There is no 及 in font nullfont!
Missing character: There is no 无 in font nullfont!
Missing character: There is no 法 in font nullfont!
Missing character: There is no 为 in font nullfont!
Missing character: There is no 天 in font nullfont!
Missing character: There is no 空 in font nullfont!
Missing character: There is no 、 in font nullfont!
Missing character: There is no 偏 in font nullfont!
Missing character: There is no 远 in font nullfont!
Missing character: There is no 地 in font nullfont!
Missing character: There is no 区 in font nullfont!
Missing character: There is no 、 in font nullfont!
Missing character: There is no 深 in font nullfont!
Missing character: There is no 地 in font nullfont!
Missing character: There is no 、 in font nullfont!
Missing character: There is no 海 in font nullfont!
Missing character: There is no 洋 in font nullfont!
Missing character: There is no 等 in font nullfont!
Missing character: There is no 空 in font nullfont!
Missing character: There is no 域 in font nullfont!
Missing character: There is no 进 in font nullfont!
Missing character: There is no 行 in font nullfont!
Missing character: There is no 有 in font nullfont!
Missing character: There is no 效 in font nullfont!
Missing character: There is no 地 in font nullfont!
Missing character: There is no 覆 in font nullfont!
Missing character: There is no 盖 in font nullfont!
Missing character: There is no ， in font nullfont!
Missing character: There is no 为 in font nullfont!
Missing character: There is no 此 in font nullfont!
Missing character: There is no ， in font nullfont!
Missing character: There is no 建 in font nullfont!
Missing character: There is no 设 in font nullfont!
Missing character: There is no 新 in font nullfont!
Missing character: There is no 一 in font nullfont!
Missing character: There is no 代 in font nullfont!
Missing character: There is no 的 in font nullfont!
Missing character: There is no 移 in font nullfont!
Missing character: There is no 动 in font nullfont!
Missing character: There is no 通 in font nullfont!
Missing character: There is no 信 in font nullfont!
Missing character: There is no 系 in font nullfont!
Missing character: There is no 统 in font nullfont!
Missing character: There is no 迫 in font nullfont!
Missing character: There is no 在 in font nullfont!
Missing character: There is no 眉 in font nullfont!
Missing character: There is no 睫 in font nullfont!
Missing character: There is no [ in font nullfont!
\citation{R0051}
! Undefined control sequence.
<write> ...: Citation `\@citeb ' on page \thepage 
                                                  \space undefined\on@line .^^J
l.16 ...系统迫在眉睫\cite{R0051,R0052,R0053,R0054,R0055}
                                                  。以当前的5G研究为理论基础继续深化移动互联，旨在不...
The control sequence at the end of the top line
of your error message was never \def'ed. If you have
misspelled it (e.g., `\hobx'), type `I' and the correct
spelling (e.g., `I\hbox'). Otherwise just continue,
and I'll forget about whatever was undefined.


LaTeX Warning: Citation `R0051' on page  undefined on input line 16.

Missing character: There is no , in font nullfont!
\citation{R0052}
! Undefined control sequence.
<write> ...: Citation `\@citeb ' on page \thepage 
                                                  \space undefined\on@line .^^J
l.16 ...系统迫在眉睫\cite{R0051,R0052,R0053,R0054,R0055}
                                                  。以当前的5G研究为理论基础继续深化移动互联，旨在不...
The control sequence at the end of the top line
of your error message was never \def'ed. If you have
misspelled it (e.g., `\hobx'), type `I' and the correct
spelling (e.g., `I\hbox'). Otherwise just continue,
and I'll forget about whatever was undefined.


LaTeX Warning: Citation `R0052' on page  undefined on input line 16.

Missing character: There is no , in font nullfont!
\citation{R0053}
! Undefined control sequence.
<write> ...: Citation `\@citeb ' on page \thepage 
                                                  \space undefined\on@line .^^J
l.16 ...系统迫在眉睫\cite{R0051,R0052,R0053,R0054,R0055}
                                                  。以当前的5G研究为理论基础继续深化移动互联，旨在不...
The control sequence at the end of the top line
of your error message was never \def'ed. If you have
misspelled it (e.g., `\hobx'), type `I' and the correct
spelling (e.g., `I\hbox'). Otherwise just continue,
and I'll forget about whatever was undefined.


LaTeX Warning: Citation `R0053' on page  undefined on input line 16.

Missing character: There is no , in font nullfont!
\citation{R0054}
! Undefined control sequence.
<write> ...: Citation `\@citeb ' on page \thepage 
                                                  \space undefined\on@line .^^J
l.16 ...系统迫在眉睫\cite{R0051,R0052,R0053,R0054,R0055}
                                                  。以当前的5G研究为理论基础继续深化移动互联，旨在不...
The control sequence at the end of the top line
of your error message was never \def'ed. If you have
misspelled it (e.g., `\hobx'), type `I' and the correct
spelling (e.g., `I\hbox'). Otherwise just continue,
and I'll forget about whatever was undefined.


LaTeX Warning: Citation `R0054' on page  undefined on input line 16.

Missing character: There is no , in font nullfont!
\citation{R0055}
! Undefined control sequence.
<write> ...: Citation `\@citeb ' on page \thepage 
                                                  \space undefined\on@line .^^J
l.16 ...系统迫在眉睫\cite{R0051,R0052,R0053,R0054,R0055}
                                                  。以当前的5G研究为理论基础继续深化移动互联，旨在不...
The control sequence at the end of the top line
of your error message was never \def'ed. If you have
misspelled it (e.g., `\hobx'), type `I' and the correct
spelling (e.g., `I\hbox'). Otherwise just continue,
and I'll forget about whatever was undefined.


LaTeX Warning: Citation `R0055' on page  undefined on input line 16.

Missing character: There is no ] in font nullfont!
Missing character: There is no 。 in font nullfont!
Missing character: There is no 以 in font nullfont!
Missing character: There is no 当 in font nullfont!
Missing character: There is no 前 in font nullfont!
Missing character: There is no 的 in font nullfont!
Missing character: There is no 5 in font nullfont!
Missing character: There is no G in font nullfont!
Missing character: There is no 研 in font nullfont!
Missing character: There is no 究 in font nullfont!
Missing character: There is no 为 in font nullfont!
Missing character: There is no 理 in font nullfont!
Missing character: There is no 论 in font nullfont!
Missing character: There is no 基 in font nullfont!
Missing character: There is no 础 in font nullfont!
Missing character: There is no 继 in font nullfont!
Missing character: There is no 续 in font nullfont!
Missing character: There is no 深 in font nullfont!
Missing character: There is no 化 in font nullfont!
Missing character: There is no 移 in font nullfont!
Missing character: There is no 动 in font nullfont!
Missing character: There is no 互 in font nullfont!
Missing character: There is no 联 in font nullfont!
Missing character: There is no ， in font nullfont!
Missing character: There is no 旨 in font nullfont!
Missing character: There is no 在 in font nullfont!
Missing character: There is no 不 in font nullfont!
Missing character: There is no 断 in font nullfont!
Missing character: There is no 扩 in font nullfont!
Missing character: There is no 宽 in font nullfont!
Missing character: There is no 互 in font nullfont!
Missing character: There is no 联 in font nullfont!
Missing character: There is no 的 in font nullfont!
Missing character: There is no 边 in font nullfont!
Missing character: There is no 界 in font nullfont!
Missing character: There is no 和 in font nullfont!
Missing character: There is no 范 in font nullfont!
Missing character: There is no 围 in font nullfont!
Missing character: There is no ， in font nullfont!
Missing character: There is no 这 in font nullfont!
Missing character: There is no 将 in font nullfont!
Missing character: There is no 进 in font nullfont!
Missing character: There is no 一 in font nullfont!
Missing character: There is no 步 in font nullfont!
Missing character: There is no 打 in font nullfont!
Missing character: There is no 破 in font nullfont!
Missing character: There is no 原 in font nullfont!
Missing character: There is no 有 in font nullfont!
Missing character: There is no 各 in font nullfont!
Missing character: There is no 个 in font nullfont!
Missing character: There is no 网 in font nullfont!
Missing character: There is no 络 in font nullfont!
Missing character: There is no 系 in font nullfont!
Missing character: There is no 统 in font nullfont!
Missing character: There is no 之 in font nullfont!
Missing character: There is no 间 in font nullfont!
Missing character: There is no 数 in font nullfont!
Missing character: There is no 据 in font nullfont!
Missing character: There is no 共 in font nullfont!
Missing character: There is no 享 in font nullfont!
Missing character: There is no 的 in font nullfont!
Missing character: There is no 壁 in font nullfont!
Missing character: There is no 垒 in font nullfont!
Missing character: There is no ， in font nullfont!
Missing character: There is no 进 in font nullfont!
Missing character: There is no 而 in font nullfont!
Missing character: There is no 实 in font nullfont!
Missing character: There is no 现 in font nullfont!
Missing character: There is no 不 in font nullfont!
Missing character: There is no 同 in font nullfont!
Missing character: There is no 网 in font nullfont!
Missing character: There is no 络 in font nullfont!
Missing character: There is no 信 in font nullfont!
Missing character: There is no 息 in font nullfont!
Missing character: There is no 的 in font nullfont!
Missing character: There is no 交 in font nullfont!
Missing character: There is no 汇 in font nullfont!
Missing character: There is no 与 in font nullfont!
Missing character: There is no 融 in font nullfont!
Missing character: There is no 合 in font nullfont!
Missing character: There is no 。 in font nullfont!
Missing character: There is no 为 in font nullfont!
Missing character: There is no 此 in font nullfont!
Missing character: There is no ， in font nullfont!
Missing character: There is no 面 in font nullfont!
Missing character: There is no 向 in font nullfont!
Missing character: There is no 未 in font nullfont!
Missing character: There is no 来 in font nullfont!
Missing character: There is no 2 in font nullfont!
Missing character: There is no 0 in font nullfont!
Missing character: There is no 3 in font nullfont!
Missing character: There is no 0 in font nullfont!
Missing character: There is no 的 in font nullfont!
Missing character: There is no “ in font nullfont!
Missing character: There is no B in font nullfont!
Missing character: There is no 5 in font nullfont!
Missing character: There is no G in font nullfont!
Missing character: There is no / in font nullfont!
Missing character: There is no 6 in font nullfont!
Missing character: There is no G in font nullfont!
Missing character: There is no ” in font nullfont!
Missing character: There is no 具 in font nullfont!
Missing character: There is no 有 in font nullfont!
Missing character: There is no 更 in font nullfont!
Missing character: There is no 强 in font nullfont!
Missing character: There is no 的 in font nullfont!
Missing character: There is no 普 in font nullfont!
Missing character: There is no 适 in font nullfont!
Missing character: There is no 性 in font nullfont!
Missing character: There is no 、 in font nullfont!
Missing character: There is no 全 in font nullfont!
Missing character: There is no 息 in font nullfont!
Missing character: There is no 性 in font nullfont!
Missing character: There is no 、 in font nullfont!
Missing character: There is no 灵 in font nullfont!
Missing character: There is no 活 in font nullfont!
Missing character: There is no 性 in font nullfont!
Missing character: There is no 、 in font nullfont!
Missing character: There is no 可 in font nullfont!
Missing character: There is no 靠 in font nullfont!
Missing character: There is no 性 in font nullfont!
Missing character: There is no 、 in font nullfont!
Missing character: There is no 健 in font nullfont!
Missing character: There is no 壮 in font nullfont!
Missing character: There is no 性 in font nullfont!
Missing character: There is no 、 in font nullfont!
Missing character: There is no 可 in font nullfont!
Missing character: There is no 扩 in font nullfont!
Missing character: There is no 展 in font nullfont!
Missing character: There is no 性 in font nullfont!
Missing character: There is no 、 in font nullfont!
Missing character: There is no 智 in font nullfont!
Missing character: There is no 能 in font nullfont!
Missing character: There is no 性 in font nullfont!
Missing character: There is no 的 in font nullfont!
Missing character: There is no 立 in font nullfont!
Missing character: There is no 体 in font nullfont!
Missing character: There is no 化 in font nullfont!
Missing character: There is no 、 in font nullfont!
Missing character: There is no 多 in font nullfont!
Missing character: There is no 层 in font nullfont!
Missing character: There is no 级 in font nullfont!
Missing character: There is no 交 in font nullfont!
Missing character: There is no 互 in font nullfont!
Missing character: There is no 的 in font nullfont!
Missing character: There is no 全 in font nullfont!
Missing character: There is no 覆 in font nullfont!
Missing character: There is no 盖 in font nullfont!
Missing character: There is no 超 in font nullfont!
Missing character: There is no 大 in font nullfont!
Missing character: There is no 网 in font nullfont!
Missing character: There is no 络 in font nullfont!
Missing character: There is no 拓 in font nullfont!
Missing character: There is no 扑 in font nullfont!
Missing character: There is no 已 in font nullfont!
Missing character: There is no 经 in font nullfont!
Missing character: There is no 指 in font nullfont!
Missing character: There is no 日 in font nullfont!
Missing character: There is no 可 in font nullfont!
Missing character: There is no 待 in font nullfont!
Missing character: There is no ， in font nullfont!
Missing character: There is no 届 in font nullfont!
Missing character: There is no 时 in font nullfont!
Missing character: There is no 将 in font nullfont!
Missing character: There is no 实 in font nullfont!
Missing character: There is no 现 in font nullfont!
Missing character: There is no “ in font nullfont!
Missing character: There is no 人 in font nullfont!
Missing character: There is no 机 in font nullfont!
Missing character: There is no 协 in font nullfont!
Missing character: There is no 同 in font nullfont!
Missing character: There is no 通 in font nullfont!
Missing character: There is no 信 in font nullfont!
Missing character: There is no ” in font nullfont!
Missing character: There is no 、 in font nullfont!
Missing character: There is no “ in font nullfont!
Missing character: There is no 超 in font nullfont!
Missing character: There is no 密 in font nullfont!
Missing character: There is no 集 in font nullfont!
Missing character: There is no 连 in font nullfont!
Missing character: There is no 接 in font nullfont!
Missing character: There is no ” in font nullfont!
Missing character: There is no 、 in font nullfont!
Missing character: There is no “ in font nullfont!
Missing character: There is no 天 in font nullfont!
Missing character: There is no 地 in font nullfont!
Missing character: There is no 融 in font nullfont!
Missing character: There is no 合 in font nullfont!
Missing character: There is no 发 in font nullfont!
Missing character: There is no 展 in font nullfont!
Missing character: There is no ” in font nullfont!
Missing character: There is no 的 in font nullfont!
Missing character: There is no 全 in font nullfont!
Missing character: There is no 球 in font nullfont!
Missing character: There is no 覆 in font nullfont!
Missing character: There is no 盖 in font nullfont!
Missing character: There is no 、 in font nullfont!
Missing character: There is no 泛 in font nullfont!
Missing character: There is no 在 in font nullfont!
Missing character: There is no 连 in font nullfont!
Missing character: There is no 接 in font nullfont!
Missing character: There is no 、 in font nullfont!
Missing character: There is no 宽 in font nullfont!
Missing character: There is no 带 in font nullfont!
Missing character: There is no 接 in font nullfont!
Missing character: There is no 入 in font nullfont!
Missing character: There is no 的 in font nullfont!
Missing character: There is no “ in font nullfont!
Missing character: There is no 无 in font nullfont!
Missing character: There is no 所 in font nullfont!
Missing character: There is no 不 in font nullfont!
Missing character: There is no 在 in font nullfont!
Missing character: There is no 、 in font nullfont!
Missing character: There is no 无 in font nullfont!
Missing character: There is no 所 in font nullfont!
Missing character: There is no 不 in font nullfont!
Missing character: There is no 连 in font nullfont!
Missing character: There is no 、 in font nullfont!
Missing character: There is no 无 in font nullfont!
Missing character: There is no 所 in font nullfont!
Missing character: There is no 不 in font nullfont!
Missing character: There is no 知 in font nullfont!
Missing character: There is no ” in font nullfont!
Missing character: There is no 的 in font nullfont!
Missing character: There is no 全 in font nullfont!
Missing character: There is no 球 in font nullfont!
Missing character: There is no 一 in font nullfont!
Missing character: There is no 体 in font nullfont!
Missing character: There is no 化 in font nullfont!
Missing character: There is no 网 in font nullfont!
Missing character: There is no 络 in font nullfont!
Missing character: There is no [ in font nullfont!
\citation{R006}
! Undefined control sequence.
<write> ...: Citation `\@citeb ' on page \thepage 
                                                  \space undefined\on@line .^^J
l.16 ...不在、无所不连、无所不知”的全球一体化网络\cite {R006,R007,R01}
                                                  。
The control sequence at the end of the top line
of your error message was never \def'ed. If you have
misspelled it (e.g., `\hobx'), type `I' and the correct
spelling (e.g., `I\hbox'). Otherwise just continue,
and I'll forget about whatever was undefined.


LaTeX Warning: Citation `R006' on page  undefined on input line 16.

Missing character: There is no , in font nullfont!
\citation{R007}
! Undefined control sequence.
<write> ...: Citation `\@citeb ' on page \thepage 
                                                  \space undefined\on@line .^^J
l.16 ...不在、无所不连、无所不知”的全球一体化网络\cite {R006,R007,R01}
                                                  。
The control sequence at the end of the top line
of your error message was never \def'ed. If you have
misspelled it (e.g., `\hobx'), type `I' and the correct
spelling (e.g., `I\hbox'). Otherwise just continue,
and I'll forget about whatever was undefined.


LaTeX Warning: Citation `R007' on page  undefined on input line 16.

Missing character: There is no , in font nullfont!
\citation{R01}
! Undefined control sequence.
<write> ...: Citation `\@citeb ' on page \thepage 
                                                  \space undefined\on@line .^^J
l.16 ...不在、无所不连、无所不知”的全球一体化网络\cite {R006,R007,R01}
                                                  。
The control sequence at the end of the top line
of your error message was never \def'ed. If you have
misspelled it (e.g., `\hobx'), type `I' and the correct
spelling (e.g., `I\hbox'). Otherwise just continue,
and I'll forget about whatever was undefined.


LaTeX Warning: Citation `R01' on page  undefined on input line 16.

Missing character: There is no ] in font nullfont!
Missing character: There is no 。 in font nullfont!

! LaTeX Error: Environment figure undefined.

See the LaTeX manual or LaTeX Companion for explanation.
Type  H <return>  for immediate help.
 ...                                              
                                                  
l.17 \begin{figure}
                   [h]
Your command was ignored.
Type  I <command> <return>  to replace it with another command,
or  <return>  to continue without it.

Missing character: There is no [ in font nullfont!
Missing character: There is no h in font nullfont!
Missing character: There is no ] in font nullfont!
! Undefined control sequence.
l.19 ^^I\includegraphics
                        [width=0.7\textwidth]{figures/c1fig5.jpg}
The control sequence at the end of the top line
of your error message was never \def'ed. If you have
misspelled it (e.g., `\hobx'), type `I' and the correct
spelling (e.g., `I\hbox'). Otherwise just continue,
and I'll forget about whatever was undefined.

Missing character: There is no [ in font nullfont!
Missing character: There is no w in font nullfont!
Missing character: There is no i in font nullfont!
Missing character: There is no d in font nullfont!
Missing character: There is no t in font nullfont!
Missing character: There is no h in font nullfont!
Missing character: There is no = in font nullfont!
Missing character: There is no 0 in font nullfont!
Missing character: There is no . in font nullfont!
Missing character: There is no 7 in font nullfont!
! Missing number, treated as zero.
<to be read again> 
                   ]
l.19 ^^I\includegraphics[width=0.7\textwidth]
                                             {figures/c1fig5.jpg}
A number should have been here; I inserted `0'.
(If you can't figure out why I needed to see a number,
look up `weird error' in the index to The TeXbook.)

! Illegal unit of measure (pt inserted).
<to be read again> 
                   ]
l.19 ^^I\includegraphics[width=0.7\textwidth]
                                             {figures/c1fig5.jpg}
Dimensions can be in units of em, ex, in, pt, pc,
cm, mm, dd, cc, bp, or sp; but yours is a new one!
I'll assume that you meant to say pt, for printer's points.
To recover gracefully from this error, it's best to
delete the erroneous units; e.g., type `2' to delete
two letters. (See Chapter 27 of The TeXbook.)

Missing character: There is no ] in font nullfont!
Missing character: There is no f in font nullfont!
Missing character: There is no i in font nullfont!
Missing character: There is no g in font nullfont!
Missing character: There is no u in font nullfont!
Missing character: There is no r in font nullfont!
Missing character: There is no e in font nullfont!
Missing character: There is no s in font nullfont!
Missing character: There is no / in font nullfont!
Missing character: There is no c in font nullfont!
Missing character: There is no 1 in font nullfont!
Missing character: There is no f in font nullfont!
Missing character: There is no i in font nullfont!
Missing character: There is no g in font nullfont!
Missing character: There is no 5 in font nullfont!
Missing character: There is no . in font nullfont!
Missing character: There is no j in font nullfont!
Missing character: There is no p in font nullfont!
Missing character: There is no g in font nullfont!

! LaTeX Error: \caption outside float.

See the LaTeX manual or LaTeX Companion for explanation.
Type  H <return>  for immediate help.
 ...                                              
                                                  
l.20 ^^I\caption
                {万物智联}
You're in trouble here.  Try typing  <return>  to proceed.
If that doesn't work, type  X <return>  to quit.

Missing character: There is no 万 in font nullfont!
Missing character: There is no 物 in font nullfont!
Missing character: There is no 智 in font nullfont!
Missing character: There is no 联 in font nullfont!

! LaTeX Error: \begin{document} ended by \end{figure}.

See the LaTeX manual or LaTeX Companion for explanation.
Type  H <return>  for immediate help.
 ...                                              
                                                  
l.22 \end{figure}
                 
Your command was ignored.
Type  I <command> <return>  to replace it with another command,
or  <return>  to continue without it.


Overfull \hbox (20.0pt too wide) in paragraph at lines 16--23
[]
 []


Overfull \hbox (5.43pt too wide) in paragraph at lines 16--23
[]
 []


Overfull \hbox (5.43pt too wide) in paragraph at lines 16--23
[]
 []


Overfull \hbox (5.43pt too wide) in paragraph at lines 16--23
[]
 []


Overfull \hbox (5.43pt too wide) in paragraph at lines 16--23
[]
 []


Overfull \hbox (10.85999pt too wide) in paragraph at lines 16--23
[][]
 []


Overfull \hbox (5.43pt too wide) in paragraph at lines 16--23
[]
 []


Overfull \hbox (5.43pt too wide) in paragraph at lines 16--23
[]
 []


! LaTeX Error: Missing \begin{document}.

See the LaTeX manual or LaTeX Companion for explanation.
Type  H <return>  for immediate help.
 ...                                              
                                                  
l.24 当
      前，对于6G系统研究的创新窗口已经悄然而至，各国产、学、研的研究工作也已经紧锣密鼓地展开，这将有助于引发一次全新的信息产业革命。2018年以...

You're in trouble here.  Try typing  <return>  to proceed.
If that doesn't work, type  X <return>  to quit.

Missing character: There is no 当 in font nullfont!
Missing character: There is no 前 in font nullfont!
Missing character: There is no ， in font nullfont!
Missing character: There is no 对 in font nullfont!
Missing character: There is no 于 in font nullfont!
Missing character: There is no 6 in font nullfont!
Missing character: There is no G in font nullfont!
Missing character: There is no 系 in font nullfont!
Missing character: There is no 统 in font nullfont!
Missing character: There is no 研 in font nullfont!
Missing character: There is no 究 in font nullfont!
Missing character: There is no 的 in font nullfont!
Missing character: There is no 创 in font nullfont!
Missing character: There is no 新 in font nullfont!
Missing character: There is no 窗 in font nullfont!
Missing character: There is no 口 in font nullfont!
Missing character: There is no 已 in font nullfont!
Missing character: There is no 经 in font nullfont!
Missing character: There is no 悄 in font nullfont!
Missing character: There is no 然 in font nullfont!
Missing character: There is no 而 in font nullfont!
Missing character: There is no 至 in font nullfont!
Missing character: There is no ， in font nullfont!
Missing character: There is no 各 in font nullfont!
Missing character: There is no 国 in font nullfont!
Missing character: There is no 产 in font nullfont!
Missing character: There is no 、 in font nullfont!
Missing character: There is no 学 in font nullfont!
Missing character: There is no 、 in font nullfont!
Missing character: There is no 研 in font nullfont!
Missing character: There is no 的 in font nullfont!
Missing character: There is no 研 in font nullfont!
Missing character: There is no 究 in font nullfont!
Missing character: There is no 工 in font nullfont!
Missing character: There is no 作 in font nullfont!
Missing character: There is no 也 in font nullfont!
Missing character: There is no 已 in font nullfont!
Missing character: There is no 经 in font nullfont!
Missing character: There is no 紧 in font nullfont!
Missing character: There is no 锣 in font nullfont!
Missing character: There is no 密 in font nullfont!
Missing character: There is no 鼓 in font nullfont!
Missing character: There is no 地 in font nullfont!
Missing character: There is no 展 in font nullfont!
Missing character: There is no 开 in font nullfont!
Missing character: There is no ， in font nullfont!
Missing character: There is no 这 in font nullfont!
Missing character: There is no 将 in font nullfont!
Missing character: There is no 有 in font nullfont!
Missing character: There is no 助 in font nullfont!
Missing character: There is no 于 in font nullfont!
Missing character: There is no 引 in font nullfont!
Missing character: There is no 发 in font nullfont!
Missing character: There is no 一 in font nullfont!
Missing character: There is no 次 in font nullfont!
Missing character: There is no 全 in font nullfont!
Missing character: There is no 新 in font nullfont!
Missing character: There is no 的 in font nullfont!
Missing character: There is no 信 in font nullfont!
Missing character: There is no 息 in font nullfont!
Missing character: There is no 产 in font nullfont!
Missing character: There is no 业 in font nullfont!
Missing character: There is no 革 in font nullfont!
Missing character: There is no 命 in font nullfont!
Missing character: There is no 。 in font nullfont!
Missing character: There is no 2 in font nullfont!
Missing character: There is no 0 in font nullfont!
Missing character: There is no 1 in font nullfont!
Missing character: There is no 8 in font nullfont!
Missing character: There is no 年 in font nullfont!
Missing character: There is no 以 in font nullfont!
Missing character: There is no 来 in font nullfont!
Missing character: There is no ， in font nullfont!
Missing character: There is no 包 in font nullfont!
Missing character: There is no 括 in font nullfont!
Missing character: There is no 美 in font nullfont!
Missing character: There is no 国 in font nullfont!
Missing character: There is no 、 in font nullfont!
Missing character: There is no 荷 in font nullfont!
Missing character: There is no 兰 in font nullfont!
Missing character: There is no 、 in font nullfont!
Missing character: There is no 中 in font nullfont!
Missing character: There is no 国 in font nullfont!
Missing character: There is no 等 in font nullfont!
Missing character: There is no 多 in font nullfont!
Missing character: There is no 个 in font nullfont!
Missing character: There is no 国 in font nullfont!
Missing character: There is no 家 in font nullfont!
Missing character: There is no 和 in font nullfont!
Missing character: There is no 地 in font nullfont!
Missing character: There is no 区 in font nullfont!
Missing character: There is no 都 in font nullfont!
Missing character: There is no 已 in font nullfont!
Missing character: There is no 经 in font nullfont!
Missing character: There is no 相 in font nullfont!
Missing character: There is no 继 in font nullfont!
Missing character: There is no 启 in font nullfont!
Missing character: There is no 动 in font nullfont!
Missing character: There is no 了 in font nullfont!
Missing character: There is no 关 in font nullfont!
Missing character: There is no 于 in font nullfont!
Missing character: There is no 6 in font nullfont!
Missing character: There is no G in font nullfont!
Missing character: There is no 的 in font nullfont!
Missing character: There is no 相 in font nullfont!
Missing character: There is no 关 in font nullfont!
Missing character: There is no 重 in font nullfont!
Missing character: There is no 大 in font nullfont!
Missing character: There is no 研 in font nullfont!
Missing character: There is no 究 in font nullfont!
Missing character: There is no 课 in font nullfont!
Missing character: There is no 题 in font nullfont!
Missing character: There is no 与 in font nullfont!
Missing character: There is no 计 in font nullfont!
Missing character: There is no 划 in font nullfont!
Missing character: There is no ， in font nullfont!
Missing character: There is no 都 in font nullfont!
Missing character: There is no 力 in font nullfont!
Missing character: There is no 争 in font nullfont!
Missing character: There is no 在 in font nullfont!
Missing character: There is no 这 in font nullfont!
Missing character: There is no 一 in font nullfont!
Missing character: There is no 点 in font nullfont!
Missing character: There is no 占 in font nullfont!
Missing character: There is no 据 in font nullfont!
Missing character: There is no 新 in font nullfont!
Missing character: There is no 的 in font nullfont!
Missing character: There is no 制 in font nullfont!
Missing character: There is no 高 in font nullfont!
Missing character: There is no 点 in font nullfont!
Missing character: There is no [ in font nullfont!
\citation{R010}
! Undefined control sequence.
<write> ...: Citation `\@citeb ' on page \thepage 
                                                  \space undefined\on@line .^^J
l.24 ...划，都力争在这一点占据新的制高点\cite{R010,R011,R012,R013}
                                                  。尽管关于6G的标准、愿景和潜在技术都还没有统一的标...
The control sequence at the end of the top line
of your error message was never \def'ed. If you have
misspelled it (e.g., `\hobx'), type `I' and the correct
spelling (e.g., `I\hbox'). Otherwise just continue,
and I'll forget about whatever was undefined.


LaTeX Warning: Citation `R010' on page  undefined on input line 24.

Missing character: There is no , in font nullfont!
\citation{R011}
! Undefined control sequence.
<write> ...: Citation `\@citeb ' on page \thepage 
                                                  \space undefined\on@line .^^J
l.24 ...划，都力争在这一点占据新的制高点\cite{R010,R011,R012,R013}
                                                  。尽管关于6G的标准、愿景和潜在技术都还没有统一的标...
The control sequence at the end of the top line
of your error message was never \def'ed. If you have
misspelled it (e.g., `\hobx'), type `I' and the correct
spelling (e.g., `I\hbox'). Otherwise just continue,
and I'll forget about whatever was undefined.


LaTeX Warning: Citation `R011' on page  undefined on input line 24.

Missing character: There is no , in font nullfont!
\citation{R012}
! Undefined control sequence.
<write> ...: Citation `\@citeb ' on page \thepage 
                                                  \space undefined\on@line .^^J
l.24 ...划，都力争在这一点占据新的制高点\cite{R010,R011,R012,R013}
                                                  。尽管关于6G的标准、愿景和潜在技术都还没有统一的标...
The control sequence at the end of the top line
of your error message was never \def'ed. If you have
misspelled it (e.g., `\hobx'), type `I' and the correct
spelling (e.g., `I\hbox'). Otherwise just continue,
and I'll forget about whatever was undefined.


LaTeX Warning: Citation `R012' on page  undefined on input line 24.

Missing character: There is no , in font nullfont!
\citation{R013}
! Undefined control sequence.
<write> ...: Citation `\@citeb ' on page \thepage 
                                                  \space undefined\on@line .^^J
l.24 ...划，都力争在这一点占据新的制高点\cite{R010,R011,R012,R013}
                                                  。尽管关于6G的标准、愿景和潜在技术都还没有统一的标...
The control sequence at the end of the top line
of your error message was never \def'ed. If you have
misspelled it (e.g., `\hobx'), type `I' and the correct
spelling (e.g., `I\hbox'). Otherwise just continue,
and I'll forget about whatever was undefined.


LaTeX Warning: Citation `R013' on page  undefined on input line 24.

Missing character: There is no ] in font nullfont!
Missing character: There is no 。 in font nullfont!
Missing character: There is no 尽 in font nullfont!
Missing character: There is no 管 in font nullfont!
Missing character: There is no 关 in font nullfont!
Missing character: There is no 于 in font nullfont!
Missing character: There is no 6 in font nullfont!
Missing character: There is no G in font nullfont!
Missing character: There is no 的 in font nullfont!
Missing character: There is no 标 in font nullfont!
Missing character: There is no 准 in font nullfont!
Missing character: There is no 、 in font nullfont!
Missing character: There is no 愿 in font nullfont!
Missing character: There is no 景 in font nullfont!
Missing character: There is no 和 in font nullfont!
Missing character: There is no 潜 in font nullfont!
Missing character: There is no 在 in font nullfont!
Missing character: There is no 技 in font nullfont!
Missing character: There is no 术 in font nullfont!
Missing character: There is no 都 in font nullfont!
Missing character: There is no 还 in font nullfont!
Missing character: There is no 没 in font nullfont!
Missing character: There is no 有 in font nullfont!
Missing character: There is no 统 in font nullfont!
Missing character: There is no 一 in font nullfont!
Missing character: There is no 的 in font nullfont!
Missing character: There is no 标 in font nullfont!
Missing character: There is no 准 in font nullfont!
Missing character: There is no ， in font nullfont!
Missing character: There is no 还 in font nullfont!
Missing character: There is no 处 in font nullfont!
Missing character: There is no 于 in font nullfont!
Missing character: There is no 论 in font nullfont!
Missing character: There is no 证 in font nullfont!
Missing character: There is no 的 in font nullfont!
Missing character: There is no “ in font nullfont!
Missing character: There is no 百 in font nullfont!
Missing character: There is no 家 in font nullfont!
Missing character: There is no 争 in font nullfont!
Missing character: There is no 鸣 in font nullfont!
Missing character: There is no ” in font nullfont!
Missing character: There is no 阶 in font nullfont!
Missing character: There is no 段 in font nullfont!
Missing character: There is no ， in font nullfont!
Missing character: There is no 但 in font nullfont!
Missing character: There is no 针 in font nullfont!
Missing character: There is no 对 in font nullfont!
Missing character: There is no “ in font nullfont!
Missing character: There is no 4 in font nullfont!
Missing character: There is no G in font nullfont!
Missing character: There is no 改 in font nullfont!
Missing character: There is no 变 in font nullfont!
Missing character: There is no 生 in font nullfont!
Missing character: There is no 活 in font nullfont!
Missing character: There is no 、 in font nullfont!
Missing character: There is no 5 in font nullfont!
Missing character: There is no G in font nullfont!
Missing character: There is no 改 in font nullfont!
Missing character: There is no 变 in font nullfont!
Missing character: There is no 社 in font nullfont!
Missing character: There is no 会 in font nullfont!
Missing character: There is no 、 in font nullfont!
Missing character: There is no 6 in font nullfont!
Missing character: There is no G in font nullfont!
Missing character: There is no 创 in font nullfont!
Missing character: There is no 新 in font nullfont!
Missing character: There is no 世 in font nullfont!
Missing character: There is no 界 in font nullfont!
Missing character: There is no ” in font nullfont!
Missing character: There is no 的 in font nullfont!
Missing character: There is no 目 in font nullfont!
Missing character: There is no 标 in font nullfont!
Missing character: There is no ， in font nullfont!
Missing character: There is no 国 in font nullfont!
Missing character: There is no 际 in font nullfont!
Missing character: There is no 电 in font nullfont!
Missing character: There is no 信 in font nullfont!
Missing character: There is no 联 in font nullfont!
Missing character: There is no 盟 in font nullfont!
Missing character: There is no 已 in font nullfont!
Missing character: There is no 于 in font nullfont!
Missing character: There is no 2 in font nullfont!
Missing character: There is no 0 in font nullfont!
Missing character: There is no 1 in font nullfont!
Missing character: There is no 8 in font nullfont!
Missing character: There is no 年 in font nullfont!
Missing character: There is no 7 in font nullfont!
Missing character: There is no 月 in font nullfont!
Missing character: There is no 成 in font nullfont!
Missing character: There is no 立 in font nullfont!
Missing character: There is no 的 in font nullfont!
Missing character: There is no I in font nullfont!
Missing character: There is no T in font nullfont!
Missing character: There is no U in font nullfont!
Missing character: There is no - in font nullfont!
Missing character: There is no T in font nullfont!
Missing character: There is no 2 in font nullfont!
Missing character: There is no 0 in font nullfont!
Missing character: There is no 3 in font nullfont!
Missing character: There is no 0 in font nullfont!
Missing character: There is no 网 in font nullfont!
Missing character: There is no 络 in font nullfont!
Missing character: There is no 技 in font nullfont!
Missing character: There is no 术 in font nullfont!
Missing character: There is no 焦 in font nullfont!
Missing character: There is no 点 in font nullfont!
Missing character: There is no 组 in font nullfont!
Missing character: There is no 提 in font nullfont!
Missing character: There is no 出 in font nullfont!
Missing character: There is no 了 in font nullfont!
Missing character: There is no 面 in font nullfont!
Missing character: There is no 向 in font nullfont!
Missing character: There is no 2 in font nullfont!
Missing character: There is no 0 in font nullfont!
Missing character: There is no 3 in font nullfont!
Missing character: There is no 0 in font nullfont!
Missing character: There is no 及 in font nullfont!
Missing character: There is no 之 in font nullfont!
Missing character: There is no 后 in font nullfont!
Missing character: There is no 的 in font nullfont!
Missing character: There is no 应 in font nullfont!
Missing character: There is no 用 in font nullfont!
Missing character: There is no 场 in font nullfont!
Missing character: There is no 景 in font nullfont!
Missing character: There is no 、 in font nullfont!
Missing character: There is no 网 in font nullfont!
Missing character: There is no 络 in font nullfont!
Missing character: There is no 服 in font nullfont!
Missing character: There is no 务 in font nullfont!
Missing character: There is no 、 in font nullfont!
Missing character: There is no 基 in font nullfont!
Missing character: There is no 础 in font nullfont!
Missing character: There is no 设 in font nullfont!
Missing character: There is no 施 in font nullfont!
Missing character: There is no 和 in font nullfont!
Missing character: There is no 技 in font nullfont!
Missing character: There is no 术 in font nullfont!
Missing character: There is no 架 in font nullfont!
Missing character: There is no 构 in font nullfont!
Missing character: There is no 等 in font nullfont!
Missing character: There is no ， in font nullfont!
Missing character: There is no 中 in font nullfont!
Missing character: There is no 国 in font nullfont!
Missing character: There is no 工 in font nullfont!
Missing character: There is no 信 in font nullfont!
Missing character: There is no 部 in font nullfont!
Missing character: There is no 于 in font nullfont!
Missing character: There is no 2 in font nullfont!
Missing character: There is no 0 in font nullfont!
Missing character: There is no 1 in font nullfont!
Missing character: There is no 9 in font nullfont!
Missing character: There is no 年 in font nullfont!
Missing character: There is no 成 in font nullfont!
Missing character: There is no 立 in font nullfont!
Missing character: There is no 了 in font nullfont!
Missing character: There is no I in font nullfont!
Missing character: There is no M in font nullfont!
Missing character: There is no T in font nullfont!
Missing character: There is no - in font nullfont!
Missing character: There is no 2 in font nullfont!
Missing character: There is no 0 in font nullfont!
Missing character: There is no 3 in font nullfont!
Missing character: There is no 0 in font nullfont!
Missing character: There is no 推 in font nullfont!
Missing character: There is no 进 in font nullfont!
Missing character: There is no 组 in font nullfont!
Missing character: There is no 旨 in font nullfont!
Missing character: There is no 在 in font nullfont!
Missing character: There is no 布 in font nullfont!
Missing character: There is no 局 in font nullfont!
Missing character: There is no 未 in font nullfont!
Missing character: There is no 来 in font nullfont!
Missing character: There is no 的 in font nullfont!
Missing character: There is no 6 in font nullfont!
Missing character: There is no G in font nullfont!
Missing character: There is no 需 in font nullfont!
Missing character: There is no 求 in font nullfont!
Missing character: There is no 、 in font nullfont!
Missing character: There is no 技 in font nullfont!
Missing character: There is no 术 in font nullfont!
Missing character: There is no 和 in font nullfont!
Missing character: There is no 频 in font nullfont!
Missing character: There is no 谱 in font nullfont!
Missing character: There is no 等 in font nullfont!
Missing character: There is no 研 in font nullfont!
Missing character: There is no 究 in font nullfont!
Missing character: There is no 工 in font nullfont!
Missing character: There is no 作 in font nullfont!
Missing character: There is no ， in font nullfont!
Missing character: There is no 中 in font nullfont!
Missing character: There is no 国 in font nullfont!
Missing character: There is no 移 in font nullfont!
Missing character: There is no 动 in font nullfont!
Missing character: There is no 研 in font nullfont!
Missing character: There is no 究 in font nullfont!
Missing character: There is no 院 in font nullfont!
Missing character: There is no 联 in font nullfont!
Missing character: There is no 合 in font nullfont!
Missing character: There is no 产 in font nullfont!
Missing character: There is no 业 in font nullfont!
Missing character: There is no 界 in font nullfont!
Missing character: There is no 共 in font nullfont!
Missing character: There is no 同 in font nullfont!
Missing character: There is no 发 in font nullfont!
Missing character: There is no 布 in font nullfont!
Missing character: There is no 了 in font nullfont!
Missing character: There is no 以 in font nullfont!
Missing character: There is no “ in font nullfont!
Missing character: There is no 数 in font nullfont!
Missing character: There is no 字 in font nullfont!
Missing character: There is no 孪 in font nullfont!
Missing character: There is no 生 in font nullfont!
Missing character: There is no 、 in font nullfont!
Missing character: There is no 智 in font nullfont!
Missing character: There is no 能 in font nullfont!
Missing character: There is no 泛 in font nullfont!
Missing character: There is no 在 in font nullfont!
Missing character: There is no ” in font nullfont!
Missing character: There is no 、 in font nullfont!
Missing character: There is no “ in font nullfont!
Missing character: There is no 数 in font nullfont!
Missing character: There is no 创 in font nullfont!
Missing character: There is no 世 in font nullfont!
Missing character: There is no 界 in font nullfont!
Missing character: There is no 新 in font nullfont!
Missing character: There is no ， in font nullfont!
Missing character: There is no 智 in font nullfont!
Missing character: There is no 通 in font nullfont!
Missing character: There is no 万 in font nullfont!
Missing character: There is no 物 in font nullfont!
Missing character: There is no 灵 in font nullfont!
Missing character: There is no ” in font nullfont!
Missing character: There is no 为 in font nullfont!
Missing character: There is no 愿 in font nullfont!
Missing character: There is no 景 in font nullfont!
Missing character: There is no 的 in font nullfont!
Missing character: There is no 《 in font nullfont!
Missing character: There is no 2 in font nullfont!
Missing character: There is no 0 in font nullfont!
Missing character: There is no 3 in font nullfont!
Missing character: There is no 0 in font nullfont!
Missing character: There is no + in font nullfont!
Missing character: There is no 愿 in font nullfont!
Missing character: There is no 景 in font nullfont!
Missing character: There is no 与 in font nullfont!
Missing character: There is no 需 in font nullfont!
Missing character: There is no 求 in font nullfont!
Missing character: There is no 报 in font nullfont!
Missing character: There is no 告 in font nullfont!
Missing character: There is no 》 in font nullfont!
Missing character: There is no 白 in font nullfont!
Missing character: There is no 皮 in font nullfont!
Missing character: There is no 书 in font nullfont!
Missing character: There is no [ in font nullfont!
\citation{R02}
! Undefined control sequence.
<write> ...: Citation `\@citeb ' on page \thepage 
                                                  \space undefined\on@line .^^J
l.24 ...创世界新，智通万物灵”为愿景的《2030+愿景与需求报告》白皮书\cite{R02}
                                                  ，美国联邦通讯委员会已为6G研究开放了太赫兹频谱，与...
The control sequence at the end of the top line
of your error message was never \def'ed. If you have
misspelled it (e.g., `\hobx'), type `I' and the correct
spelling (e.g., `I\hbox'). Otherwise just continue,
and I'll forget about whatever was undefined.


LaTeX Warning: Citation `R02' on page  undefined on input line 24.

Missing character: There is no ] in font nullfont!
Missing character: There is no ， in font nullfont!
Missing character: There is no 美 in font nullfont!
Missing character: There is no 国 in font nullfont!
Missing character: There is no 联 in font nullfont!
Missing character: There is no 邦 in font nullfont!
Missing character: There is no 通 in font nullfont!
Missing character: There is no 讯 in font nullfont!
Missing character: There is no 委 in font nullfont!
Missing character: There is no 员 in font nullfont!
Missing character: There is no 会 in font nullfont!
Missing character: There is no 已 in font nullfont!
Missing character: There is no 为 in font nullfont!
Missing character: There is no 6 in font nullfont!
Missing character: There is no G in font nullfont!
Missing character: There is no 研 in font nullfont!
Missing character: There is no 究 in font nullfont!
Missing character: There is no 开 in font nullfont!
Missing character: There is no 放 in font nullfont!
Missing character: There is no 了 in font nullfont!
Missing character: There is no 太 in font nullfont!
Missing character: There is no 赫 in font nullfont!
Missing character: There is no 兹 in font nullfont!
Missing character: There is no 频 in font nullfont!
Missing character: There is no 谱 in font nullfont!
Missing character: There is no ， in font nullfont!
Missing character: There is no 与 in font nullfont!
Missing character: There is no 此 in font nullfont!
Missing character: There is no 同 in font nullfont!
Missing character: There is no 时 in font nullfont!
Missing character: There is no ， in font nullfont!
Missing character: There is no 芬 in font nullfont!
Missing character: There is no 兰 in font nullfont!
Missing character: There is no 奥 in font nullfont!
Missing character: There is no 卢 in font nullfont!
Missing character: There is no 大 in font nullfont!
Missing character: There is no 学 in font nullfont!
Missing character: There is no 联 in font nullfont!
Missing character: There is no 合 in font nullfont!
Missing character: There is no 芬 in font nullfont!
Missing character: There is no 兰 in font nullfont!
Missing character: There is no 科 in font nullfont!
Missing character: There is no 学 in font nullfont!
Missing character: There is no 院 in font nullfont!
Missing character: There is no 也 in font nullfont!
Missing character: There is no 提 in font nullfont!
Missing character: There is no 出 in font nullfont!
Missing character: There is no 了 in font nullfont!
Missing character: There is no “ in font nullfont!
Missing character: There is no 泛 in font nullfont!
Missing character: There is no 在 in font nullfont!
Missing character: There is no 无 in font nullfont!
Missing character: There is no 线 in font nullfont!
Missing character: There is no 智 in font nullfont!
Missing character: There is no 能 in font nullfont!
Missing character: There is no ” in font nullfont!
Missing character: There is no 的 in font nullfont!
Missing character: There is no 愿 in font nullfont!
Missing character: There is no 景 in font nullfont!
Missing character: There is no [ in font nullfont!
\citation{R03}
! Undefined control sequence.
<write> ...: Citation `\@citeb ' on page \thepage 
                                                  \space undefined\on@line .^^J
l.24 ...此同时，芬兰奥卢大学联合芬兰科学院也提出了“泛在无线智能”的愿景\cite{R03}
                                                  。除了国家、团体外，个人组织也对未来的愿景表达了自己...
The control sequence at the end of the top line
of your error message was never \def'ed. If you have
misspelled it (e.g., `\hobx'), type `I' and the correct
spelling (e.g., `I\hbox'). Otherwise just continue,
and I'll forget about whatever was undefined.


LaTeX Warning: Citation `R03' on page  undefined on input line 24.

Missing character: There is no ] in font nullfont!
Missing character: There is no 。 in font nullfont!
Missing character: There is no 除 in font nullfont!
Missing character: There is no 了 in font nullfont!
Missing character: There is no 国 in font nullfont!
Missing character: There is no 家 in font nullfont!
Missing character: There is no 、 in font nullfont!
Missing character: There is no 团 in font nullfont!
Missing character: There is no 体 in font nullfont!
Missing character: There is no 外 in font nullfont!
Missing character: There is no ， in font nullfont!
Missing character: There is no 个 in font nullfont!
Missing character: There is no 人 in font nullfont!
Missing character: There is no 组 in font nullfont!
Missing character: There is no 织 in font nullfont!
Missing character: There is no 也 in font nullfont!
Missing character: There is no 对 in font nullfont!
Missing character: There is no 未 in font nullfont!
Missing character: There is no 来 in font nullfont!
Missing character: There is no 的 in font nullfont!
Missing character: There is no 愿 in font nullfont!
Missing character: There is no 景 in font nullfont!
Missing character: There is no 表 in font nullfont!
Missing character: There is no 达 in font nullfont!
Missing character: There is no 了 in font nullfont!
Missing character: There is no 自 in font nullfont!
Missing character: There is no 己 in font nullfont!
Missing character: There is no 的 in font nullfont!
Missing character: There is no 看 in font nullfont!
Missing character: There is no 法 in font nullfont!
Missing character: There is no 。 in font nullfont!
Missing character: There is no 尤 in font nullfont!
Missing character: There is no 肖 in font nullfont!
Missing character: There is no 虎 in font nullfont!
Missing character: There is no 等 in font nullfont!
Missing character: There is no 提 in font nullfont!
Missing character: There is no 出 in font nullfont!
Missing character: There is no 了 in font nullfont!
Missing character: There is no “ in font nullfont!
Missing character: There is no 全 in font nullfont!
Missing character: There is no 覆 in font nullfont!
Missing character: There is no 盖 in font nullfont!
Missing character: There is no 、 in font nullfont!
Missing character: There is no 全 in font nullfont!
Missing character: There is no 频 in font nullfont!
Missing character: There is no 谱 in font nullfont!
Missing character: There is no 、 in font nullfont!
Missing character: There is no 全 in font nullfont!
Missing character: There is no 应 in font nullfont!
Missing character: There is no 用 in font nullfont!
Missing character: There is no 、 in font nullfont!
Missing character: There is no 强 in font nullfont!
Missing character: There is no 安 in font nullfont!
Missing character: There is no 全 in font nullfont!
Missing character: There is no ” in font nullfont!
Missing character: There is no 对 in font nullfont!
Missing character: There is no 未 in font nullfont!
Missing character: There is no 来 in font nullfont!
Missing character: There is no 6 in font nullfont!
Missing character: There is no G in font nullfont!
Missing character: There is no 愿 in font nullfont!
Missing character: There is no 景 in font nullfont!
Missing character: There is no 的 in font nullfont!
Missing character: There is no 四 in font nullfont!
Missing character: There is no 大 in font nullfont!
Missing character: There is no 范 in font nullfont!
Missing character: There is no 式 in font nullfont!
Missing character: There is no ， in font nullfont!
Missing character: There is no 旨 in font nullfont!
Missing character: There is no 在 in font nullfont!
Missing character: There is no 突 in font nullfont!
Missing character: There is no 破 in font nullfont!
Missing character: There is no 目 in font nullfont!
Missing character: There is no 前 in font nullfont!
Missing character: There is no 现 in font nullfont!
Missing character: There is no 有 in font nullfont!
Missing character: There is no 的 in font nullfont!
Missing character: There is no 技 in font nullfont!
Missing character: There is no 术 in font nullfont!
Missing character: There is no ， in font nullfont!
Missing character: There is no 进 in font nullfont!
Missing character: There is no 而 in font nullfont!
Missing character: There is no 提 in font nullfont!
Missing character: There is no 供 in font nullfont!
Missing character: There is no 应 in font nullfont!
Missing character: There is no 用 in font nullfont!
Missing character: There is no 于 in font nullfont!
Missing character: There is no 未 in font nullfont!
Missing character: There is no 来 in font nullfont!
Missing character: There is no 场 in font nullfont!
Missing character: There is no 景 in font nullfont!
Missing character: There is no 、 in font nullfont!
Missing character: There is no 垂 in font nullfont!
Missing character: There is no 直 in font nullfont!
Missing character: There is no 行 in font nullfont!
Missing character: There is no 业 in font nullfont!
Missing character: There is no 应 in font nullfont!
Missing character: There is no 用 in font nullfont!
Missing character: There is no 、 in font nullfont!
Missing character: There is no 使 in font nullfont!
Missing character: There is no 能 in font nullfont!
Missing character: There is no 技 in font nullfont!
Missing character: There is no 术 in font nullfont!
Missing character: There is no 和 in font nullfont!
Missing character: There is no 新 in font nullfont!
Missing character: There is no 的 in font nullfont!
Missing character: There is no 范 in font nullfont!
Missing character: There is no 式 in font nullfont!
Missing character: There is no 转 in font nullfont!
Missing character: There is no 换 in font nullfont!
Missing character: There is no 等 in font nullfont!
Missing character: There is no [ in font nullfont!
\citation{R04}
! Undefined control sequence.
<write> ...: Citation `\@citeb ' on page \thepage 
                                                  \space undefined\on@line .^^J
l.24 ...，进而提供应用于未来场景、垂直行业应用、使能技术和新的范式转换等\cite{R04}
                                                  。届时，以“新材料、新技术、新应用”为基础的6G时代...
The control sequence at the end of the top line
of your error message was never \def'ed. If you have
misspelled it (e.g., `\hobx'), type `I' and the correct
spelling (e.g., `I\hbox'). Otherwise just continue,
and I'll forget about whatever was undefined.


LaTeX Warning: Citation `R04' on page  undefined on input line 24.

Missing character: There is no ] in font nullfont!
Missing character: There is no 。 in font nullfont!
Missing character: There is no 届 in font nullfont!
Missing character: There is no 时 in font nullfont!
Missing character: There is no ， in font nullfont!
Missing character: There is no 以 in font nullfont!
Missing character: There is no “ in font nullfont!
Missing character: There is no 新 in font nullfont!
Missing character: There is no 材 in font nullfont!
Missing character: There is no 料 in font nullfont!
Missing character: There is no 、 in font nullfont!
Missing character: There is no 新 in font nullfont!
Missing character: There is no 技 in font nullfont!
Missing character: There is no 术 in font nullfont!
Missing character: There is no 、 in font nullfont!
Missing character: There is no 新 in font nullfont!
Missing character: There is no 应 in font nullfont!
Missing character: There is no 用 in font nullfont!
Missing character: There is no ” in font nullfont!
Missing character: There is no 为 in font nullfont!
Missing character: There is no 基 in font nullfont!
Missing character: There is no 础 in font nullfont!
Missing character: There is no 的 in font nullfont!
Missing character: There is no 6 in font nullfont!
Missing character: There is no G in font nullfont!
Missing character: There is no 时 in font nullfont!
Missing character: There is no 代 in font nullfont!
Missing character: There is no 将 in font nullfont!
Missing character: There is no 开 in font nullfont!
Missing character: There is no 启 in font nullfont!
Missing character: There is no 人 in font nullfont!
Missing character: There is no 与 in font nullfont!
Missing character: There is no 人 in font nullfont!
Missing character: There is no 、 in font nullfont!
Missing character: There is no 人 in font nullfont!
Missing character: There is no 与 in font nullfont!
Missing character: There is no 物 in font nullfont!
Missing character: There is no 、 in font nullfont!
Missing character: There is no 物 in font nullfont!
Missing character: There is no 与 in font nullfont!
Missing character: There is no 物 in font nullfont!
Missing character: There is no 的 in font nullfont!
Missing character: There is no 全 in font nullfont!
Missing character: There is no 面 in font nullfont!
Missing character: There is no 智 in font nullfont!
Missing character: There is no 联 in font nullfont!
Missing character: There is no ， in font nullfont!
Missing character: There is no 也 in font nullfont!
Missing character: There is no 将 in font nullfont!
Missing character: There is no 深 in font nullfont!
Missing character: There is no 入 in font nullfont!
Missing character: There is no 渗 in font nullfont!
Missing character: There is no 透 in font nullfont!
Missing character: There is no 到 in font nullfont!
Missing character: There is no 社 in font nullfont!
Missing character: There is no 会 in font nullfont!
Missing character: There is no 的 in font nullfont!
Missing character: There is no 各 in font nullfont!
Missing character: There is no 行 in font nullfont!
Missing character: There is no 各 in font nullfont!
Missing character: There is no 业 in font nullfont!
Missing character: There is no 、 in font nullfont!
Missing character: There is no 方 in font nullfont!
Missing character: There is no 方 in font nullfont!
Missing character: There is no 面 in font nullfont!
Missing character: There is no 面 in font nullfont!
Missing character: There is no ， in font nullfont!
Missing character: There is no 这 in font nullfont!
Missing character: There is no 将 in font nullfont!
Missing character: There is no 使 in font nullfont!
Missing character: There is no 整 in font nullfont!
Missing character: There is no 个 in font nullfont!
Missing character: There is no 社 in font nullfont!
Missing character: There is no 会 in font nullfont!
Missing character: There is no 迸 in font nullfont!
Missing character: There is no 发 in font nullfont!
Missing character: There is no 出 in font nullfont!
Missing character: There is no 前 in font nullfont!
Missing character: There is no 所 in font nullfont!
Missing character: There is no 未 in font nullfont!
Missing character: There is no 有 in font nullfont!
Missing character: There is no 的 in font nullfont!
Missing character: There is no 创 in font nullfont!
Missing character: There is no 新 in font nullfont!
Missing character: There is no 与 in font nullfont!
Missing character: There is no 发 in font nullfont!
Missing character: There is no 展 in font nullfont!
Missing character: There is no 活 in font nullfont!
Missing character: There is no 力 in font nullfont!
Missing character: There is no 。 in font nullfont!
Missing character: There is no 李 in font nullfont!
Missing character: There is no 正 in font nullfont!
Missing character: There is no 茂 in font nullfont!
Missing character: There is no 等 in font nullfont!
Missing character: There is no 根 in font nullfont!
Missing character: There is no 据 in font nullfont!
Missing character: There is no 马 in font nullfont!
Missing character: There is no 斯 in font nullfont!
Missing character: There is no 洛 in font nullfont!
Missing character: There is no 需 in font nullfont!
Missing character: There is no 求 in font nullfont!
Missing character: There is no 理 in font nullfont!
Missing character: There is no 论 in font nullfont!
Missing character: There is no ， in font nullfont!
Missing character: There is no 提 in font nullfont!
Missing character: There is no 出 in font nullfont!
Missing character: There is no 了 in font nullfont!
Missing character: There is no 层 in font nullfont!
Missing character: There is no 次 in font nullfont!
Missing character: There is no 化 in font nullfont!
Missing character: There is no 的 in font nullfont!
Missing character: There is no 通 in font nullfont!
Missing character: There is no 信 in font nullfont!
Missing character: There is no 需 in font nullfont!
Missing character: There is no 求 in font nullfont!
Missing character: There is no 模 in font nullfont!
Missing character: There is no 型 in font nullfont!
Missing character: There is no [ in font nullfont!
\citation{R05}
! Undefined control sequence.
<write> ...: Citation `\@citeb ' on page \thepage 
                                                  \space undefined\on@line .^^J
l.24 ...发展活力。李正茂等根据马斯洛需求理论，提出了层次化的通信需求模型\cite{R05}
                                                  ，其指出人类对通信业务的需求和实际的通信系统构成了螺...
The control sequence at the end of the top line
of your error message was never \def'ed. If you have
misspelled it (e.g., `\hobx'), type `I' and the correct
spelling (e.g., `I\hbox'). Otherwise just continue,
and I'll forget about whatever was undefined.


LaTeX Warning: Citation `R05' on page  undefined on input line 24.

Missing character: There is no ] in font nullfont!
Missing character: There is no ， in font nullfont!
Missing character: There is no 其 in font nullfont!
Missing character: There is no 指 in font nullfont!
Missing character: There is no 出 in font nullfont!
Missing character: There is no 人 in font nullfont!
Missing character: There is no 类 in font nullfont!
Missing character: There is no 对 in font nullfont!
Missing character: There is no 通 in font nullfont!
Missing character: There is no 信 in font nullfont!
Missing character: There is no 业 in font nullfont!
Missing character: There is no 务 in font nullfont!
Missing character: There is no 的 in font nullfont!
Missing character: There is no 需 in font nullfont!
Missing character: There is no 求 in font nullfont!
Missing character: There is no 和 in font nullfont!
Missing character: There is no 实 in font nullfont!
Missing character: There is no 际 in font nullfont!
Missing character: There is no 的 in font nullfont!
Missing character: There is no 通 in font nullfont!
Missing character: There is no 信 in font nullfont!
Missing character: There is no 系 in font nullfont!
Missing character: There is no 统 in font nullfont!
Missing character: There is no 构 in font nullfont!
Missing character: There is no 成 in font nullfont!
Missing character: There is no 了 in font nullfont!
Missing character: There is no 螺 in font nullfont!
Missing character: There is no 旋 in font nullfont!
Missing character: There is no 上 in font nullfont!
Missing character: There is no 升 in font nullfont!
Missing character: There is no 的 in font nullfont!
Missing character: There is no 循 in font nullfont!
Missing character: There is no 环 in font nullfont!
Missing character: There is no 关 in font nullfont!
Missing character: There is no 系 in font nullfont!
Missing character: There is no ： in font nullfont!
Missing character: There is no 即 in font nullfont!
Missing character: There is no 通 in font nullfont!
Missing character: There is no 信 in font nullfont!
Missing character: There is no 业 in font nullfont!
Missing character: There is no 务 in font nullfont!
Missing character: There is no 的 in font nullfont!
Missing character: There is no 需 in font nullfont!
Missing character: There is no 求 in font nullfont!
Missing character: There is no 促 in font nullfont!
Missing character: There is no 进 in font nullfont!
Missing character: There is no 了 in font nullfont!
Missing character: There is no 通 in font nullfont!
Missing character: There is no 信 in font nullfont!
Missing character: There is no 系 in font nullfont!
Missing character: There is no 统 in font nullfont!
Missing character: There is no 的 in font nullfont!
Missing character: There is no 改 in font nullfont!
Missing character: There is no 善 in font nullfont!
Missing character: There is no ， in font nullfont!
Missing character: There is no 而 in font nullfont!
Missing character: There is no 系 in font nullfont!
Missing character: There is no 统 in font nullfont!
Missing character: There is no 的 in font nullfont!
Missing character: There is no 完 in font nullfont!
Missing character: There is no 善 in font nullfont!
Missing character: There is no 将 in font nullfont!
Missing character: There is no 进 in font nullfont!
Missing character: There is no 一 in font nullfont!
Missing character: There is no 步 in font nullfont!
Missing character: There is no 产 in font nullfont!
Missing character: There is no 生 in font nullfont!
Missing character: There is no 新 in font nullfont!
Missing character: There is no 颖 in font nullfont!
Missing character: There is no 的 in font nullfont!
Missing character: There is no 业 in font nullfont!
Missing character: There is no 务 in font nullfont!
Missing character: There is no 需 in font nullfont!
Missing character: There is no 求 in font nullfont!
Missing character: There is no ， in font nullfont!
Missing character: There is no “ in font nullfont!
Missing character: There is no 业 in font nullfont!
Missing character: There is no 务 in font nullfont!
Missing character: There is no 需 in font nullfont!
Missing character: There is no 求 in font nullfont!
Missing character: There is no ” in font nullfont!
Missing character: There is no 与 in font nullfont!
Missing character: There is no “ in font nullfont!
Missing character: There is no 系 in font nullfont!
Missing character: There is no 统 in font nullfont!
Missing character: There is no 改 in font nullfont!
Missing character: There is no 善 in font nullfont!
Missing character: There is no ” in font nullfont!
Missing character: There is no 以 in font nullfont!
Missing character: There is no 循 in font nullfont!
Missing character: There is no 环 in font nullfont!
Missing character: There is no 往 in font nullfont!
Missing character: There is no 复 in font nullfont!
Missing character: There is no 、 in font nullfont!
Missing character: There is no 终 in font nullfont!
Missing character: There is no 而 in font nullfont!
Missing character: There is no 复 in font nullfont!
Missing character: There is no 始 in font nullfont!
Missing character: There is no 的 in font nullfont!
Missing character: There is no 方 in font nullfont!
Missing character: There is no 式 in font nullfont!
Missing character: There is no 进 in font nullfont!
Missing character: There is no 行 in font nullfont!
Missing character: There is no 迭 in font nullfont!
Missing character: There is no 代 in font nullfont!
Missing character: There is no 发 in font nullfont!
Missing character: There is no 展 in font nullfont!
Missing character: There is no ， in font nullfont!
Missing character: There is no 将 in font nullfont!
Missing character: There is no 进 in font nullfont!
Missing character: There is no 一 in font nullfont!
Missing character: There is no 步 in font nullfont!
Missing character: There is no 提 in font nullfont!
Missing character: There is no 升 in font nullfont!
Missing character: There is no 人 in font nullfont!
Missing character: There is no 类 in font nullfont!
Missing character: There is no 对 in font nullfont!
Missing character: There is no 美 in font nullfont!
Missing character: There is no 好 in font nullfont!
Missing character: There is no 生 in font nullfont!
Missing character: There is no 活 in font nullfont!
Missing character: There is no 的 in font nullfont!
Missing character: There is no 向 in font nullfont!
Missing character: There is no 往 in font nullfont!
Missing character: There is no 、 in font nullfont!
Missing character: There is no 进 in font nullfont!
Missing character: There is no 一 in font nullfont!
Missing character: There is no 步 in font nullfont!
Missing character: There is no 解 in font nullfont!
Missing character: There is no 放 in font nullfont!
Missing character: There is no 人 in font nullfont!
Missing character: There is no 类 in font nullfont!
Missing character: There is no ， in font nullfont!
Missing character: There is no 也 in font nullfont!
Missing character: There is no 最 in font nullfont!
Missing character: There is no 终 in font nullfont!
Missing character: There is no 将 in font nullfont!
Missing character: There is no 使 in font nullfont!
Missing character: There is no 得 in font nullfont!
Missing character: There is no 人 in font nullfont!
Missing character: There is no 类 in font nullfont!
Missing character: There is no 走 in font nullfont!
Missing character: There is no 向 in font nullfont!
Missing character: There is no 更 in font nullfont!
Missing character: There is no 加 in font nullfont!
Missing character: There is no 智 in font nullfont!
Missing character: There is no 能 in font nullfont!
Missing character: There is no 社 in font nullfont!
Missing character: There is no 会 in font nullfont!
Missing character: There is no 的 in font nullfont!
Missing character: There is no 终 in font nullfont!
Missing character: There is no 极 in font nullfont!
Missing character: There is no 目 in font nullfont!
Missing character: There is no 标 in font nullfont!
Missing character: There is no 。 in font nullfont!
Missing character: There is no 特 in font nullfont!
Missing character: There is no 别 in font nullfont!
Missing character: There is no 地 in font nullfont!
Missing character: There is no ， in font nullfont!
Missing character: There is no 这 in font nullfont!
Missing character: There is no 一 in font nullfont!
Missing character: There is no 6 in font nullfont!
Missing character: There is no G in font nullfont!
Missing character: There is no 新 in font nullfont!
Missing character: There is no 基 in font nullfont!
Missing character: There is no 建 in font nullfont!
Missing character: There is no 通 in font nullfont!
Missing character: There is no 过 in font nullfont!
Missing character: There is no 与 in font nullfont!
Missing character: There is no 人 in font nullfont!
Missing character: There is no 工 in font nullfont!
Missing character: There is no 智 in font nullfont!
Missing character: There is no 能 in font nullfont!
Missing character: There is no 、 in font nullfont!
Missing character: There is no 大 in font nullfont!
Missing character: There is no 数 in font nullfont!
Missing character: There is no 据 in font nullfont!
Missing character: There is no 、 in font nullfont!
Missing character: There is no 边 in font nullfont!
Missing character: There is no 缘 in font nullfont!
Missing character: There is no 计 in font nullfont!
Missing character: There is no 算 in font nullfont!
Missing character: There is no 等 in font nullfont!
Missing character: There is no 新 in font nullfont!
Missing character: There is no 颖 in font nullfont!
Missing character: There is no 技 in font nullfont!
Missing character: There is no 术 in font nullfont!
Missing character: There is no 结 in font nullfont!
Missing character: There is no 合 in font nullfont!
Missing character: There is no ， in font nullfont!
Missing character: There is no 有 in font nullfont!
Missing character: There is no 助 in font nullfont!
Missing character: There is no 于 in font nullfont!
Missing character: There is no 改 in font nullfont!
Missing character: There is no 善 in font nullfont!
Missing character: There is no 全 in font nullfont!
Missing character: There is no 社 in font nullfont!
Missing character: There is no 会 in font nullfont!
Missing character: There is no 各 in font nullfont!
Missing character: There is no 行 in font nullfont!
Missing character: There is no 各 in font nullfont!
Missing character: There is no 业 in font nullfont!
Missing character: There is no 的 in font nullfont!
Missing character: There is no “ in font nullfont!
Missing character: There is no 大 in font nullfont!
Missing character: There is no 众 in font nullfont!
Missing character: There is no 化 in font nullfont!
Missing character: There is no 、 in font nullfont!
Missing character: There is no 普 in font nullfont!
Missing character: There is no 适 in font nullfont!
Missing character: There is no 化 in font nullfont!
Missing character: There is no ” in font nullfont!
Missing character: There is no ， in font nullfont!
Missing character: There is no 进 in font nullfont!
Missing character: There is no 而 in font nullfont!
Missing character: There is no 实 in font nullfont!
Missing character: There is no 现 in font nullfont!
Missing character: There is no “ in font nullfont!
Missing character: There is no 场 in font nullfont!
Missing character: There is no 景 in font nullfont!
Missing character: There is no 多 in font nullfont!
Missing character: There is no 样 in font nullfont!
Missing character: There is no 化 in font nullfont!
Missing character: There is no 、 in font nullfont!
Missing character: There is no 网 in font nullfont!
Missing character: There is no 络 in font nullfont!
Missing character: There is no 一 in font nullfont!
Missing character: There is no 体 in font nullfont!
Missing character: There is no 化 in font nullfont!
Missing character: There is no 、 in font nullfont!
Missing character: There is no 功 in font nullfont!
Missing character: There is no 能 in font nullfont!
Missing character: There is no 服 in font nullfont!
Missing character: There is no 务 in font nullfont!
Missing character: There is no 化 in font nullfont!
Missing character: There is no 、 in font nullfont!
Missing character: There is no 应 in font nullfont!
Missing character: There is no 用 in font nullfont!
Missing character: There is no 定 in font nullfont!
Missing character: There is no 制 in font nullfont!
Missing character: There is no 化 in font nullfont!
Missing character: There is no ” in font nullfont!
Missing character: There is no ， in font nullfont!
Missing character: There is no 对 in font nullfont!
Missing character: There is no 每 in font nullfont!
Missing character: There is no 个 in font nullfont!
Missing character: There is no 个 in font nullfont!
Missing character: There is no 体 in font nullfont!
Missing character: There is no 能 in font nullfont!
Missing character: There is no 够 in font nullfont!
Missing character: There is no 实 in font nullfont!
Missing character: There is no 现 in font nullfont!
Missing character: There is no “ in font nullfont!
Missing character: There is no 多 in font nullfont!
Missing character: There is no 样 in font nullfont!
Missing character: There is no 化 in font nullfont!
Missing character: There is no 、 in font nullfont!
Missing character: There is no 精 in font nullfont!
Missing character: There is no 细 in font nullfont!
Missing character: There is no 化 in font nullfont!
Missing character: There is no 、 in font nullfont!
Missing character: There is no 移 in font nullfont!
Missing character: There is no 动 in font nullfont!
Missing character: There is no 化 in font nullfont!
Missing character: There is no 、 in font nullfont!
Missing character: There is no 网 in font nullfont!
Missing character: There is no 络 in font nullfont!
Missing character: There is no 化 in font nullfont!
Missing character: There is no 、 in font nullfont!
Missing character: There is no 个 in font nullfont!
Missing character: There is no 性 in font nullfont!
Missing character: There is no 化 in font nullfont!
Missing character: There is no 、 in font nullfont!
Missing character: There is no 多 in font nullfont!
Missing character: There is no 元 in font nullfont!
Missing character: There is no 化 in font nullfont!
Missing character: There is no 、 in font nullfont!
Missing character: There is no 智 in font nullfont!
Missing character: There is no 联 in font nullfont!
Missing character: There is no 化 in font nullfont!
Missing character: There is no ” in font nullfont!
Missing character: There is no 等 in font nullfont!
Missing character: There is no ， in font nullfont!
Missing character: There is no 这 in font nullfont!
Missing character: There is no 将 in font nullfont!
Missing character: There is no 进 in font nullfont!
Missing character: There is no 一 in font nullfont!
Missing character: There is no 步 in font nullfont!
Missing character: There is no 降 in font nullfont!
Missing character: There is no 低 in font nullfont!
Missing character: There is no 运 in font nullfont!
Missing character: There is no 营 in font nullfont!
Missing character: There is no 成 in font nullfont!
Missing character: There is no 本 in font nullfont!
Missing character: There is no 和 in font nullfont!
Missing character: There is no 损 in font nullfont!
Missing character: There is no 耗 in font nullfont!
Missing character: There is no ， in font nullfont!
Missing character: There is no 大 in font nullfont!
Missing character: There is no 幅 in font nullfont!
Missing character: There is no 度 in font nullfont!
Missing character: There is no 提 in font nullfont!
Missing character: There is no 升 in font nullfont!
Missing character: There is no 系 in font nullfont!
Missing character: There is no 统 in font nullfont!
Missing character: There is no 如 in font nullfont!
Missing character: There is no 频 in font nullfont!
Missing character: There is no 谱 in font nullfont!
Missing character: There is no 效 in font nullfont!
Missing character: There is no 率 in font nullfont!
Missing character: There is no ( in font nullfont!
Missing character: There is no s in font nullfont!
Missing character: There is no p in font nullfont!
Missing character: There is no e in font nullfont!
Missing character: There is no c in font nullfont!
Missing character: There is no t in font nullfont!
Missing character: There is no r in font nullfont!
Missing character: There is no a in font nullfont!
Missing character: There is no l in font nullfont!
Missing character: There is no e in font nullfont!
Missing character: There is no f in font nullfont!
Missing character: There is no f in font nullfont!
Missing character: There is no i in font nullfont!
Missing character: There is no c in font nullfont!
Missing character: There is no i in font nullfont!
Missing character: There is no e in font nullfont!
Missing character: There is no n in font nullfont!
Missing character: There is no c in font nullfont!
Missing character: There is no y in font nullfont!
Missing character: There is no , in font nullfont!
Missing character: There is no S in font nullfont!
Missing character: There is no E in font nullfont!
Missing character: There is no ) in font nullfont!
Missing character: There is no 、 in font nullfont!
Missing character: There is no 能 in font nullfont!
Missing character: There is no 量 in font nullfont!
Missing character: There is no 效 in font nullfont!
Missing character: There is no 率 in font nullfont!
Missing character: There is no ( in font nullfont!
Missing character: There is no e in font nullfont!
Missing character: There is no n in font nullfont!
Missing character: There is no e in font nullfont!
Missing character: There is no r in font nullfont!
Missing character: There is no g in font nullfont!
Missing character: There is no y in font nullfont!
Missing character: There is no e in font nullfont!
Missing character: There is no f in font nullfont!
Missing character: There is no f in font nullfont!
Missing character: There is no i in font nullfont!
Missing character: There is no c in font nullfont!
Missing character: There is no i in font nullfont!
Missing character: There is no e in font nullfont!
Missing character: There is no n in font nullfont!
Missing character: There is no c in font nullfont!
Missing character: There is no y in font nullfont!
Missing character: There is no , in font nullfont!
Missing character: There is no E in font nullfont!
Missing character: There is no E in font nullfont!
Missing character: There is no ) in font nullfont!
Missing character: There is no 等 in font nullfont!
Missing character: There is no 系 in font nullfont!
Missing character: There is no 统 in font nullfont!
Missing character: There is no 性 in font nullfont!
Missing character: There is no 能 in font nullfont!
Missing character: There is no 指 in font nullfont!
Missing character: There is no 标 in font nullfont!
Missing character: There is no ， in font nullfont!
Missing character: There is no 最 in font nullfont!
Missing character: There is no 终 in font nullfont!
Missing character: There is no 实 in font nullfont!
Missing character: There is no 现 in font nullfont!
Missing character: There is no 人 in font nullfont!
Missing character: There is no 类 in font nullfont!
Missing character: There is no 的 in font nullfont!
Missing character: There is no 共 in font nullfont!
Missing character: There is no 同 in font nullfont!
Missing character: There is no 、 in font nullfont!
Missing character: There is no 优 in font nullfont!
Missing character: There is no 质 in font nullfont!
Missing character: There is no 、 in font nullfont!
Missing character: There is no 协 in font nullfont!
Missing character: There is no 调 in font nullfont!
Missing character: There is no 、 in font nullfont!
Missing character: There is no 公 in font nullfont!
Missing character: There is no 平 in font nullfont!
Missing character: There is no 、 in font nullfont!
Missing character: There is no 高 in font nullfont!
Missing character: There is no 效 in font nullfont!
Missing character: There is no 、 in font nullfont!
Missing character: There is no 多 in font nullfont!
Missing character: There is no 维 in font nullfont!
Missing character: There is no 可 in font nullfont!
Missing character: There is no 持 in font nullfont!
Missing character: There is no 续 in font nullfont!
Missing character: There is no 发 in font nullfont!
Missing character: There is no 展 in font nullfont!
Missing character: There is no 目 in font nullfont!
Missing character: There is no 标 in font nullfont!
Missing character: There is no [ in font nullfont!
\citation{R06}
! Undefined control sequence.
<write> ...: Citation `\@citeb ' on page \thepage 
                                                  \space undefined\on@line .^^J
l.24 ...维可持续发展目标\cite{R06,R060,R07,R070,R071,R072}
                                                   。
The control sequence at the end of the top line
of your error message was never \def'ed. If you have
misspelled it (e.g., `\hobx'), type `I' and the correct
spelling (e.g., `I\hbox'). Otherwise just continue,
and I'll forget about whatever was undefined.


LaTeX Warning: Citation `R06' on page  undefined on input line 24.

Missing character: There is no , in font nullfont!
\citation{R060}
! Undefined control sequence.
<write> ...: Citation `\@citeb ' on page \thepage 
                                                  \space undefined\on@line .^^J
l.24 ...维可持续发展目标\cite{R06,R060,R07,R070,R071,R072}
                                                   。
The control sequence at the end of the top line
of your error message was never \def'ed. If you have
misspelled it (e.g., `\hobx'), type `I' and the correct
spelling (e.g., `I\hbox'). Otherwise just continue,
and I'll forget about whatever was undefined.


LaTeX Warning: Citation `R060' on page  undefined on input line 24.

Missing character: There is no , in font nullfont!
\citation{R07}
! Undefined control sequence.
<write> ...: Citation `\@citeb ' on page \thepage 
                                                  \space undefined\on@line .^^J
l.24 ...维可持续发展目标\cite{R06,R060,R07,R070,R071,R072}
                                                   。
The control sequence at the end of the top line
of your error message was never \def'ed. If you have
misspelled it (e.g., `\hobx'), type `I' and the correct
spelling (e.g., `I\hbox'). Otherwise just continue,
and I'll forget about whatever was undefined.


LaTeX Warning: Citation `R07' on page  undefined on input line 24.

Missing character: There is no , in font nullfont!
\citation{R070}
! Undefined control sequence.
<write> ...: Citation `\@citeb ' on page \thepage 
                                                  \space undefined\on@line .^^J
l.24 ...维可持续发展目标\cite{R06,R060,R07,R070,R071,R072}
                                                   。
The control sequence at the end of the top line
of your error message was never \def'ed. If you have
misspelled it (e.g., `\hobx'), type `I' and the correct
spelling (e.g., `I\hbox'). Otherwise just continue,
and I'll forget about whatever was undefined.


LaTeX Warning: Citation `R070' on page  undefined on input line 24.

Missing character: There is no , in font nullfont!
\citation{R071}
! Undefined control sequence.
<write> ...: Citation `\@citeb ' on page \thepage 
                                                  \space undefined\on@line .^^J
l.24 ...维可持续发展目标\cite{R06,R060,R07,R070,R071,R072}
                                                   。
The control sequence at the end of the top line
of your error message was never \def'ed. If you have
misspelled it (e.g., `\hobx'), type `I' and the correct
spelling (e.g., `I\hbox'). Otherwise just continue,
and I'll forget about whatever was undefined.


LaTeX Warning: Citation `R071' on page  undefined on input line 24.

Missing character: There is no , in font nullfont!
\citation{R072}
! Undefined control sequence.
<write> ...: Citation `\@citeb ' on page \thepage 
                                                  \space undefined\on@line .^^J
l.24 ...维可持续发展目标\cite{R06,R060,R07,R070,R071,R072}
                                                   。
The control sequence at the end of the top line
of your error message was never \def'ed. If you have
misspelled it (e.g., `\hobx'), type `I' and the correct
spelling (e.g., `I\hbox'). Otherwise just continue,
and I'll forget about whatever was undefined.


LaTeX Warning: Citation `R072' on page  undefined on input line 24.

Missing character: There is no ] in font nullfont!
Missing character: There is no 。 in font nullfont!

! LaTeX Error: Environment figure undefined.

See the LaTeX manual or LaTeX Companion for explanation.
Type  H <return>  for immediate help.
 ...                                              
                                                  
l.25 \begin{figure}
                   [h]
Your command was ignored.
Type  I <command> <return>  to replace it with another command,
or  <return>  to continue without it.

Missing character: There is no [ in font nullfont!
Missing character: There is no h in font nullfont!
Missing character: There is no ] in font nullfont!
! Undefined control sequence.
l.27 ^^I\includegraphics
                        [width=0.6\textwidth]{figures/c1fig6.jpg}
The control sequence at the end of the top line
of your error message was never \def'ed. If you have
misspelled it (e.g., `\hobx'), type `I' and the correct
spelling (e.g., `I\hbox'). Otherwise just continue,
and I'll forget about whatever was undefined.

Missing character: There is no [ in font nullfont!
Missing character: There is no w in font nullfont!
Missing character: There is no i in font nullfont!
Missing character: There is no d in font nullfont!
Missing character: There is no t in font nullfont!
Missing character: There is no h in font nullfont!
Missing character: There is no = in font nullfont!
Missing character: There is no 0 in font nullfont!
Missing character: There is no . in font nullfont!
Missing character: There is no 6 in font nullfont!
! Missing number, treated as zero.
<to be read again> 
                   ]
l.27 ^^I\includegraphics[width=0.6\textwidth]
                                             {figures/c1fig6.jpg}
A number should have been here; I inserted `0'.
(If you can't figure out why I needed to see a number,
look up `weird error' in the index to The TeXbook.)

! Illegal unit of measure (pt inserted).
<to be read again> 
                   ]
l.27 ^^I\includegraphics[width=0.6\textwidth]
                                             {figures/c1fig6.jpg}
Dimensions can be in units of em, ex, in, pt, pc,
cm, mm, dd, cc, bp, or sp; but yours is a new one!
I'll assume that you meant to say pt, for printer's points.
To recover gracefully from this error, it's best to
delete the erroneous units; e.g., type `2' to delete
two letters. (See Chapter 27 of The TeXbook.)

Missing character: There is no ] in font nullfont!
Missing character: There is no f in font nullfont!
Missing character: There is no i in font nullfont!
Missing character: There is no g in font nullfont!
Missing character: There is no u in font nullfont!
Missing character: There is no r in font nullfont!
Missing character: There is no e in font nullfont!
Missing character: There is no s in font nullfont!
Missing character: There is no / in font nullfont!
Missing character: There is no c in font nullfont!
Missing character: There is no 1 in font nullfont!
Missing character: There is no f in font nullfont!
Missing character: There is no i in font nullfont!
Missing character: There is no g in font nullfont!
Missing character: There is no 6 in font nullfont!
Missing character: There is no . in font nullfont!
Missing character: There is no j in font nullfont!
Missing character: There is no p in font nullfont!
Missing character: There is no g in font nullfont!

! LaTeX Error: \caption outside float.

See the LaTeX manual or LaTeX Companion for explanation.
Type  H <return>  for immediate help.
 ...                                              
                                                  
l.28 ^^I\caption
                {未来通信系统的马斯洛需求模型}
You're in trouble here.  Try typing  <return>  to proceed.
If that doesn't work, type  X <return>  to quit.

Missing character: There is no 未 in font nullfont!
Missing character: There is no 来 in font nullfont!
Missing character: There is no 通 in font nullfont!
Missing character: There is no 信 in font nullfont!
Missing character: There is no 系 in font nullfont!
Missing character: There is no 统 in font nullfont!
Missing character: There is no 的 in font nullfont!
Missing character: There is no 马 in font nullfont!
Missing character: There is no 斯 in font nullfont!
Missing character: There is no 洛 in font nullfont!
Missing character: There is no 需 in font nullfont!
Missing character: There is no 求 in font nullfont!
Missing character: There is no 模 in font nullfont!
Missing character: There is no 型 in font nullfont!

! LaTeX Error: \begin{document} ended by \end{figure}.

See the LaTeX manual or LaTeX Companion for explanation.
Type  H <return>  for immediate help.
 ...                                              
                                                  
l.30 \end{figure}
                 
Your command was ignored.
Type  I <command> <return>  to replace it with another command,
or  <return>  to continue without it.


Overfull \hbox (25.43pt too wide) in paragraph at lines 24--31
[][]
 []


Overfull \hbox (5.43pt too wide) in paragraph at lines 24--31
[]
 []


Overfull \hbox (5.43pt too wide) in paragraph at lines 24--31
[]
 []


Overfull \hbox (5.43pt too wide) in paragraph at lines 24--31
[]
 []


Overfull \hbox (21.71997pt too wide) in paragraph at lines 24--31
[][][][]
 []


Overfull \hbox (5.43pt too wide) in paragraph at lines 24--31
[]
 []


Overfull \hbox (5.43pt too wide) in paragraph at lines 24--31
[]
 []


Overfull \hbox (5.43pt too wide) in paragraph at lines 24--31
[]
 []


Overfull \hbox (5.43pt too wide) in paragraph at lines 24--31
[]
 []


Overfull \hbox (5.43pt too wide) in paragraph at lines 24--31
[]
 []


Overfull \hbox (5.43pt too wide) in paragraph at lines 24--31
[]
 []


! LaTeX Error: Missing \begin{document}.

See the LaTeX manual or LaTeX Companion for explanation.
Type  H <return>  for immediate help.
 ...                                              
                                                  
l.40 此
      外，6G移动通信关键技术孕育全新突破，体系构架面临着潜在的革命性变革，其也将对传统网络所有功能进行有效融合，通过运用新技术来实现服务和业务的...

You're in trouble here.  Try typing  <return>  to proceed.
If that doesn't work, type  X <return>  to quit.

Missing character: There is no 此 in font nullfont!
Missing character: There is no 外 in font nullfont!
Missing character: There is no ， in font nullfont!
Missing character: There is no 6 in font nullfont!
Missing character: There is no G in font nullfont!
Missing character: There is no 移 in font nullfont!
Missing character: There is no 动 in font nullfont!
Missing character: There is no 通 in font nullfont!
Missing character: There is no 信 in font nullfont!
Missing character: There is no 关 in font nullfont!
Missing character: There is no 键 in font nullfont!
Missing character: There is no 技 in font nullfont!
Missing character: There is no 术 in font nullfont!
Missing character: There is no 孕 in font nullfont!
Missing character: There is no 育 in font nullfont!
Missing character: There is no 全 in font nullfont!
Missing character: There is no 新 in font nullfont!
Missing character: There is no 突 in font nullfont!
Missing character: There is no 破 in font nullfont!
Missing character: There is no ， in font nullfont!
Missing character: There is no 体 in font nullfont!
Missing character: There is no 系 in font nullfont!
Missing character: There is no 构 in font nullfont!
Missing character: There is no 架 in font nullfont!
Missing character: There is no 面 in font nullfont!
Missing character: There is no 临 in font nullfont!
Missing character: There is no 着 in font nullfont!
Missing character: There is no 潜 in font nullfont!
Missing character: There is no 在 in font nullfont!
Missing character: There is no 的 in font nullfont!
Missing character: There is no 革 in font nullfont!
Missing character: There is no 命 in font nullfont!
Missing character: There is no 性 in font nullfont!
Missing character: There is no 变 in font nullfont!
Missing character: There is no 革 in font nullfont!
Missing character: There is no ， in font nullfont!
Missing character: There is no 其 in font nullfont!
Missing character: There is no 也 in font nullfont!
Missing character: There is no 将 in font nullfont!
Missing character: There is no 对 in font nullfont!
Missing character: There is no 传 in font nullfont!
Missing character: There is no 统 in font nullfont!
Missing character: There is no 网 in font nullfont!
Missing character: There is no 络 in font nullfont!
Missing character: There is no 所 in font nullfont!
Missing character: There is no 有 in font nullfont!
Missing character: There is no 功 in font nullfont!
Missing character: There is no 能 in font nullfont!
Missing character: There is no 进 in font nullfont!
Missing character: There is no 行 in font nullfont!
Missing character: There is no 有 in font nullfont!
Missing character: There is no 效 in font nullfont!
Missing character: There is no 融 in font nullfont!
Missing character: There is no 合 in font nullfont!
Missing character: There is no ， in font nullfont!
Missing character: There is no 通 in font nullfont!
Missing character: There is no 过 in font nullfont!
Missing character: There is no 运 in font nullfont!
Missing character: There is no 用 in font nullfont!
Missing character: There is no 新 in font nullfont!
Missing character: There is no 技 in font nullfont!
Missing character: There is no 术 in font nullfont!
Missing character: There is no 来 in font nullfont!
Missing character: There is no 实 in font nullfont!
Missing character: There is no 现 in font nullfont!
Missing character: There is no 服 in font nullfont!
Missing character: There is no 务 in font nullfont!
Missing character: There is no 和 in font nullfont!
Missing character: There is no 业 in font nullfont!
Missing character: There is no 务 in font nullfont!
Missing character: There is no 的 in font nullfont!
Missing character: There is no 拓 in font nullfont!
Missing character: There is no 展 in font nullfont!
Missing character: There is no ， in font nullfont!
Missing character: There is no 这 in font nullfont!
Missing character: There is no 将 in font nullfont!
Missing character: There is no “ in font nullfont!
Missing character: There is no 全 in font nullfont!
Missing character: There is no 方 in font nullfont!
Missing character: There is no 位 in font nullfont!
Missing character: There is no 、 in font nullfont!
Missing character: There is no 多 in font nullfont!
Missing character: There is no 角 in font nullfont!
Missing character: There is no 度 in font nullfont!
Missing character: There is no 、 in font nullfont!
Missing character: There is no 深 in font nullfont!
Missing character: There is no 层 in font nullfont!
Missing character: There is no 次 in font nullfont!
Missing character: There is no ” in font nullfont!
Missing character: There is no 的 in font nullfont!
Missing character: There is no 深 in font nullfont!
Missing character: There is no 度 in font nullfont!
Missing character: There is no 挖 in font nullfont!
Missing character: There is no 掘 in font nullfont!
Missing character: There is no 系 in font nullfont!
Missing character: There is no 统 in font nullfont!
Missing character: There is no 资 in font nullfont!
Missing character: There is no 源 in font nullfont!
Missing character: There is no ， in font nullfont!
Missing character: There is no 进 in font nullfont!
Missing character: There is no 而 in font nullfont!
Missing character: There is no 扩 in font nullfont!
Missing character: There is no 展 in font nullfont!
Missing character: There is no 到 in font nullfont!
Missing character: There is no 全 in font nullfont!
Missing character: There is no 球 in font nullfont!
Missing character: There is no 无 in font nullfont!
Missing character: There is no 缝 in font nullfont!
Missing character: There is no 隙 in font nullfont!
Missing character: There is no 覆 in font nullfont!
Missing character: There is no 盖 in font nullfont!
Missing character: There is no 的 in font nullfont!
Missing character: There is no “ in font nullfont!
Missing character: There is no 空 in font nullfont!
Missing character: There is no - in font nullfont!
Missing character: There is no 天 in font nullfont!
Missing character: There is no - in font nullfont!
Missing character: There is no 地 in font nullfont!
Missing character: There is no - in font nullfont!
Missing character: There is no 海 in font nullfont!
Missing character: There is no ” in font nullfont!
Missing character: There is no 全 in font nullfont!
Missing character: There is no 时 in font nullfont!
Missing character: There is no 、 in font nullfont!
Missing character: There is no 全 in font nullfont!
Missing character: There is no 域 in font nullfont!
Missing character: There is no 、 in font nullfont!
Missing character: There is no 全 in font nullfont!
Missing character: There is no 维 in font nullfont!
Missing character: There is no 度 in font nullfont!
Missing character: There is no 的 in font nullfont!
Missing character: There is no 一 in font nullfont!
Missing character: There is no 体 in font nullfont!
Missing character: There is no 化 in font nullfont!
Missing character: There is no 网 in font nullfont!
Missing character: There is no 络 in font nullfont!
Missing character: There is no ， in font nullfont!
Missing character: There is no 其 in font nullfont!
Missing character: There is no 将 in font nullfont!
Missing character: There is no 是 in font nullfont!
Missing character: There is no 材 in font nullfont!
Missing character: There is no 料 in font nullfont!
Missing character: There is no 、 in font nullfont!
Missing character: There is no 物 in font nullfont!
Missing character: There is no 理 in font nullfont!
Missing character: There is no 、 in font nullfont!
Missing character: There is no 信 in font nullfont!
Missing character: There is no 息 in font nullfont!
Missing character: There is no 技 in font nullfont!
Missing character: There is no 术 in font nullfont!
Missing character: There is no 、 in font nullfont!
Missing character: There is no 网 in font nullfont!
Missing character: There is no 络 in font nullfont!
Missing character: There is no 技 in font nullfont!
Missing character: There is no 术 in font nullfont!
Missing character: There is no 和 in font nullfont!
Missing character: There is no 人 in font nullfont!
Missing character: There is no 工 in font nullfont!
Missing character: There is no 智 in font nullfont!
Missing character: There is no 能 in font nullfont!
Missing character: There is no 等 in font nullfont!
Missing character: There is no 技 in font nullfont!
Missing character: There is no 术 in font nullfont!
Missing character: There is no 多 in font nullfont!
Missing character: There is no 学 in font nullfont!
Missing character: There is no 科 in font nullfont!
Missing character: There is no 交 in font nullfont!
Missing character: There is no 叉 in font nullfont!
Missing character: There is no 与 in font nullfont!
Missing character: There is no 融 in font nullfont!
Missing character: There is no 合 in font nullfont!
Missing character: There is no 的 in font nullfont!
Missing character: There is no 无 in font nullfont!
Missing character: There is no 线 in font nullfont!
Missing character: There is no 和 in font nullfont!
Missing character: There is no 移 in font nullfont!
Missing character: There is no 动 in font nullfont!
Missing character: There is no 生 in font nullfont!
Missing character: There is no 态 in font nullfont!
Missing character: There is no 系 in font nullfont!
Missing character: There is no 统 in font nullfont!
Missing character: There is no ， in font nullfont!
Missing character: There is no 也 in font nullfont!
Missing character: There is no 将 in font nullfont!
Missing character: There is no 促 in font nullfont!
Missing character: There is no 使 in font nullfont!
Missing character: There is no 诸 in font nullfont!
Missing character: There is no 如 in font nullfont!
Missing character: There is no “ in font nullfont!
Missing character: There is no 内 in font nullfont!
Missing character: There is no 生 in font nullfont!
Missing character: There is no 智 in font nullfont!
Missing character: There is no 能 in font nullfont!
Missing character: There is no 、 in font nullfont!
Missing character: There is no 自 in font nullfont!
Missing character: There is no 生 in font nullfont!
Missing character: There is no 自 in font nullfont!
Missing character: There is no 治 in font nullfont!
Missing character: There is no 、 in font nullfont!
Missing character: There is no 可 in font nullfont!
Missing character: There is no 信 in font nullfont!
Missing character: There is no 增 in font nullfont!
Missing character: There is no 强 in font nullfont!
Missing character: There is no 、 in font nullfont!
Missing character: There is no 内 in font nullfont!
Missing character: There is no 生 in font nullfont!
Missing character: There is no 安 in font nullfont!
Missing character: There is no 全 in font nullfont!
Missing character: There is no ” in font nullfont!
Missing character: There is no 等 in font nullfont!
Missing character: There is no 新 in font nullfont!
Missing character: There is no 颖 in font nullfont!
Missing character: There is no 业 in font nullfont!
Missing character: There is no 务 in font nullfont!
Missing character: There is no 的 in font nullfont!
Missing character: There is no 涌 in font nullfont!
Missing character: There is no 现 in font nullfont!
Missing character: There is no ， in font nullfont!
Missing character: There is no 实 in font nullfont!
Missing character: There is no 现 in font nullfont!
Missing character: There is no “ in font nullfont!
Missing character: There is no 颠 in font nullfont!
Missing character: There is no 覆 in font nullfont!
Missing character: There is no 性 in font nullfont!
Missing character: There is no 的 in font nullfont!
Missing character: There is no 通 in font nullfont!
Missing character: There is no 信 in font nullfont!
Missing character: There is no 技 in font nullfont!
Missing character: There is no 术 in font nullfont!
Missing character: There is no ” in font nullfont!
Missing character: There is no 、 in font nullfont!
Missing character: There is no “ in font nullfont!
Missing character: There is no 新 in font nullfont!
Missing character: There is no 颖 in font nullfont!
Missing character: There is no 的 in font nullfont!
Missing character: There is no 网 in font nullfont!
Missing character: There is no 络 in font nullfont!
Missing character: There is no 架 in font nullfont!
Missing character: There is no 构 in font nullfont!
Missing character: There is no ” in font nullfont!
Missing character: There is no 和 in font nullfont!
Missing character: There is no “ in font nullfont!
Missing character: There is no 网 in font nullfont!
Missing character: There is no 络 in font nullfont!
Missing character: There is no 构 in font nullfont!
Missing character: There is no 件 in font nullfont!
Missing character: There is no 的 in font nullfont!
Missing character: There is no 智 in font nullfont!
Missing character: There is no 能 in font nullfont!
Missing character: There is no 整 in font nullfont!
Missing character: There is no 合 in font nullfont!
Missing character: There is no ” in font nullfont!
Missing character: There is no [ in font nullfont!
\citation{R073}
! Undefined control sequence.
<write> ...: Citation `\@citeb ' on page \thepage 
                                                  \space undefined\on@line .^^J
l.40 ...“新颖的网络架构”和“网络构件的智能整合”\cite{R073,R074,R075}
                                                  。这将进一步拓展通信空间，完善通信智慧，也将提供更大...
The control sequence at the end of the top line
of your error message was never \def'ed. If you have
misspelled it (e.g., `\hobx'), type `I' and the correct
spelling (e.g., `I\hbox'). Otherwise just continue,
and I'll forget about whatever was undefined.


LaTeX Warning: Citation `R073' on page  undefined on input line 40.

Missing character: There is no , in font nullfont!
\citation{R074}
! Undefined control sequence.
<write> ...: Citation `\@citeb ' on page \thepage 
                                                  \space undefined\on@line .^^J
l.40 ...“新颖的网络架构”和“网络构件的智能整合”\cite{R073,R074,R075}
                                                  。这将进一步拓展通信空间，完善通信智慧，也将提供更大...
The control sequence at the end of the top line
of your error message was never \def'ed. If you have
misspelled it (e.g., `\hobx'), type `I' and the correct
spelling (e.g., `I\hbox'). Otherwise just continue,
and I'll forget about whatever was undefined.


LaTeX Warning: Citation `R074' on page  undefined on input line 40.

Missing character: There is no , in font nullfont!
\citation{R075}
! Undefined control sequence.
<write> ...: Citation `\@citeb ' on page \thepage 
                                                  \space undefined\on@line .^^J
l.40 ...“新颖的网络架构”和“网络构件的智能整合”\cite{R073,R074,R075}
                                                  。这将进一步拓展通信空间，完善通信智慧，也将提供更大...
The control sequence at the end of the top line
of your error message was never \def'ed. If you have
misspelled it (e.g., `\hobx'), type `I' and the correct
spelling (e.g., `I\hbox'). Otherwise just continue,
and I'll forget about whatever was undefined.


LaTeX Warning: Citation `R075' on page  undefined on input line 40.

Missing character: There is no ] in font nullfont!
Missing character: There is no 。 in font nullfont!
Missing character: There is no 这 in font nullfont!
Missing character: There is no 将 in font nullfont!
Missing character: There is no 进 in font nullfont!
Missing character: There is no 一 in font nullfont!
Missing character: There is no 步 in font nullfont!
Missing character: There is no 拓 in font nullfont!
Missing character: There is no 展 in font nullfont!
Missing character: There is no 通 in font nullfont!
Missing character: There is no 信 in font nullfont!
Missing character: There is no 空 in font nullfont!
Missing character: There is no 间 in font nullfont!
Missing character: There is no ， in font nullfont!
Missing character: There is no 完 in font nullfont!
Missing character: There is no 善 in font nullfont!
Missing character: There is no 通 in font nullfont!
Missing character: There is no 信 in font nullfont!
Missing character: There is no 智 in font nullfont!
Missing character: There is no 慧 in font nullfont!
Missing character: There is no ， in font nullfont!
Missing character: There is no 也 in font nullfont!
Missing character: There is no 将 in font nullfont!
Missing character: There is no 提 in font nullfont!
Missing character: There is no 供 in font nullfont!
Missing character: There is no 更 in font nullfont!
Missing character: There is no 大 in font nullfont!
Missing character: There is no 的 in font nullfont!
Missing character: There is no 容 in font nullfont!
Missing character: There is no 量 in font nullfont!
Missing character: There is no 、 in font nullfont!
Missing character: There is no 极 in font nullfont!
Missing character: There is no 低 in font nullfont!
Missing character: There is no 的 in font nullfont!
Missing character: There is no 延 in font nullfont!
Missing character: There is no 迟 in font nullfont!
Missing character: There is no 、 in font nullfont!
Missing character: There is no 高 in font nullfont!
Missing character: There is no 可 in font nullfont!
Missing character: There is no 靠 in font nullfont!
Missing character: There is no 性 in font nullfont!
Missing character: There is no 、 in font nullfont!
Missing character: There is no 高 in font nullfont!
Missing character: There is no 安 in font nullfont!
Missing character: There is no 全 in font nullfont!
Missing character: There is no 性 in font nullfont!
Missing character: There is no 和 in font nullfont!
Missing character: There is no 全 in font nullfont!
Missing character: There is no 空 in font nullfont!
Missing character: There is no 间 in font nullfont!
Missing character: There is no 覆 in font nullfont!
Missing character: There is no 盖 in font nullfont!
Missing character: There is no 等 in font nullfont!
Missing character: There is no [ in font nullfont!
\citation{R076}
! Undefined control sequence.
<write> ...: Citation `\@citeb ' on page \thepage 
                                                  \space undefined\on@line .^^J
l.40 ...安全性和全空间覆盖等\cite{R076,R077,R078,R079,R0791}
                                                  。
The control sequence at the end of the top line
of your error message was never \def'ed. If you have
misspelled it (e.g., `\hobx'), type `I' and the correct
spelling (e.g., `I\hbox'). Otherwise just continue,
and I'll forget about whatever was undefined.


LaTeX Warning: Citation `R076' on page  undefined on input line 40.

Missing character: There is no , in font nullfont!
\citation{R077}
! Undefined control sequence.
<write> ...: Citation `\@citeb ' on page \thepage 
                                                  \space undefined\on@line .^^J
l.40 ...安全性和全空间覆盖等\cite{R076,R077,R078,R079,R0791}
                                                  。
The control sequence at the end of the top line
of your error message was never \def'ed. If you have
misspelled it (e.g., `\hobx'), type `I' and the correct
spelling (e.g., `I\hbox'). Otherwise just continue,
and I'll forget about whatever was undefined.


LaTeX Warning: Citation `R077' on page  undefined on input line 40.

Missing character: There is no , in font nullfont!
\citation{R078}
! Undefined control sequence.
<write> ...: Citation `\@citeb ' on page \thepage 
                                                  \space undefined\on@line .^^J
l.40 ...安全性和全空间覆盖等\cite{R076,R077,R078,R079,R0791}
                                                  。
The control sequence at the end of the top line
of your error message was never \def'ed. If you have
misspelled it (e.g., `\hobx'), type `I' and the correct
spelling (e.g., `I\hbox'). Otherwise just continue,
and I'll forget about whatever was undefined.


LaTeX Warning: Citation `R078' on page  undefined on input line 40.

Missing character: There is no , in font nullfont!
\citation{R079}
! Undefined control sequence.
<write> ...: Citation `\@citeb ' on page \thepage 
                                                  \space undefined\on@line .^^J
l.40 ...安全性和全空间覆盖等\cite{R076,R077,R078,R079,R0791}
                                                  。
The control sequence at the end of the top line
of your error message was never \def'ed. If you have
misspelled it (e.g., `\hobx'), type `I' and the correct
spelling (e.g., `I\hbox'). Otherwise just continue,
and I'll forget about whatever was undefined.


LaTeX Warning: Citation `R079' on page  undefined on input line 40.

Missing character: There is no , in font nullfont!
\citation{R0791}
! Undefined control sequence.
<write> ...: Citation `\@citeb ' on page \thepage 
                                                  \space undefined\on@line .^^J
l.40 ...安全性和全空间覆盖等\cite{R076,R077,R078,R079,R0791}
                                                  。
The control sequence at the end of the top line
of your error message was never \def'ed. If you have
misspelled it (e.g., `\hobx'), type `I' and the correct
spelling (e.g., `I\hbox'). Otherwise just continue,
and I'll forget about whatever was undefined.


LaTeX Warning: Citation `R0791' on page  undefined on input line 40.

Missing character: There is no ] in font nullfont!
Missing character: There is no 。 in font nullfont!

! LaTeX Error: Environment figure undefined.

See the LaTeX manual or LaTeX Companion for explanation.
Type  H <return>  for immediate help.
 ...                                              
                                                  
l.41 \begin{figure}
                   [h]
Your command was ignored.
Type  I <command> <return>  to replace it with another command,
or  <return>  to continue without it.

Missing character: There is no [ in font nullfont!
Missing character: There is no h in font nullfont!
Missing character: There is no ] in font nullfont!
! Undefined control sequence.
l.43 ^^I\includegraphics
                        [width=0.8\textwidth]{figures/c1fig6_1.jpg}
The control sequence at the end of the top line
of your error message was never \def'ed. If you have
misspelled it (e.g., `\hobx'), type `I' and the correct
spelling (e.g., `I\hbox'). Otherwise just continue,
and I'll forget about whatever was undefined.

Missing character: There is no [ in font nullfont!
Missing character: There is no w in font nullfont!
Missing character: There is no i in font nullfont!
Missing character: There is no d in font nullfont!
Missing character: There is no t in font nullfont!
Missing character: There is no h in font nullfont!
Missing character: There is no = in font nullfont!
Missing character: There is no 0 in font nullfont!
Missing character: There is no . in font nullfont!
Missing character: There is no 8 in font nullfont!
! Missing number, treated as zero.
<to be read again> 
                   ]
l.43 ^^I\includegraphics[width=0.8\textwidth]
                                             {figures/c1fig6_1.jpg}
A number should have been here; I inserted `0'.
(If you can't figure out why I needed to see a number,
look up `weird error' in the index to The TeXbook.)

! Illegal unit of measure (pt inserted).
<to be read again> 
                   ]
l.43 ^^I\includegraphics[width=0.8\textwidth]
                                             {figures/c1fig6_1.jpg}
Dimensions can be in units of em, ex, in, pt, pc,
cm, mm, dd, cc, bp, or sp; but yours is a new one!
I'll assume that you meant to say pt, for printer's points.
To recover gracefully from this error, it's best to
delete the erroneous units; e.g., type `2' to delete
two letters. (See Chapter 27 of The TeXbook.)

Missing character: There is no ] in font nullfont!
Missing character: There is no f in font nullfont!
Missing character: There is no i in font nullfont!
Missing character: There is no g in font nullfont!
Missing character: There is no u in font nullfont!
Missing character: There is no r in font nullfont!
Missing character: There is no e in font nullfont!
Missing character: There is no s in font nullfont!
Missing character: There is no / in font nullfont!
Missing character: There is no c in font nullfont!
Missing character: There is no 1 in font nullfont!
Missing character: There is no f in font nullfont!
Missing character: There is no i in font nullfont!
Missing character: There is no g in font nullfont!
Missing character: There is no 6 in font nullfont!
! Missing $ inserted.
<inserted text> 
                $
l.43 ...phics[width=0.8\textwidth]{figures/c1fig6_
                                                  1.jpg}
I've inserted a begin-math/end-math symbol since I think
you left one out. Proceed, with fingers crossed.

LaTeX Font Info:    External font `cmex10' loaded for size
(Font)              <7> on input line 43.
LaTeX Font Info:    External font `cmex10' loaded for size
(Font)              <5> on input line 43.
! Extra }, or forgotten $.
l.43 ...width=0.8\textwidth]{figures/c1fig6_1.jpg}
                                                  
I've deleted a group-closing symbol because it seems to be
spurious, as in `$x}$'. But perhaps the } is legitimate and
you forgot something else, as in `\hbox{$x}'. In such cases
the way to recover is to insert both the forgotten and the
deleted material, e.g., by typing `I$}'.


! LaTeX Error: \caption outside float.

See the LaTeX manual or LaTeX Companion for explanation.
Type  H <return>  for immediate help.
 ...                                              
                                                  
l.44 ^^I\caption
                {6G性能指标要求}
You're in trouble here.  Try typing  <return>  to proceed.
If that doesn't work, type  X <return>  to quit.


! LaTeX Error: \begin{document} ended by \end{figure}.

See the LaTeX manual or LaTeX Companion for explanation.
Type  H <return>  for immediate help.
 ...                                              
                                                  
l.46 \end{figure}
                 
Your command was ignored.
Type  I <command> <return>  to replace it with another command,
or  <return>  to continue without it.

! Missing $ inserted.
<inserted text> 
                $
l.46 \end{figure}
                 
I've inserted something that you may have forgotten.
(See the <inserted text> above.)
With luck, this will get me unwedged. But if you
really didn't forget anything, try typing `2' now; then
my insertion and my current dilemma will both disappear.

Missing character: There is no 性 in font cmr10!
Missing character: There is no 能 in font cmr10!
Missing character: There is no 指 in font cmr10!
Missing character: There is no 标 in font cmr10!
Missing character: There is no 要 in font cmr10!
Missing character: There is no 求 in font cmr10!
! Missing } inserted.
<inserted text> 
                }
l.46 \end{figure}
                 
I've inserted something that you may have forgotten.
(See the <inserted text> above.)
With luck, this will get me unwedged. But if you
really didn't forget anything, try typing `2' now; then
my insertion and my current dilemma will both disappear.

! Undefined control sequence.
l.47 \section
             {国内外研究现状及发展趋势}
The control sequence at the end of the top line
of your error message was never \def'ed. If you have
misspelled it (e.g., `\hobx'), type `I' and the correct
spelling (e.g., `I\hbox'). Otherwise just continue,
and I'll forget about whatever was undefined.

Missing character: There is no 国 in font nullfont!
Missing character: There is no 内 in font nullfont!
Missing character: There is no 外 in font nullfont!
Missing character: There is no 研 in font nullfont!
Missing character: There is no 究 in font nullfont!
Missing character: There is no 现 in font nullfont!
Missing character: There is no 状 in font nullfont!
Missing character: There is no 及 in font nullfont!
Missing character: There is no 发 in font nullfont!
Missing character: There is no 展 in font nullfont!
Missing character: There is no 趋 in font nullfont!
Missing character: There is no 势 in font nullfont!
Missing character: There is no 纵 in font nullfont!
Missing character: There is no 观 in font nullfont!
Missing character: There is no 全 in font nullfont!
Missing character: There is no 球 in font nullfont!
Missing character: There is no 通 in font nullfont!
Missing character: There is no 信 in font nullfont!
Missing character: There is no 技 in font nullfont!
Missing character: There is no 术 in font nullfont!
Missing character: There is no 的 in font nullfont!
Missing character: There is no 迅 in font nullfont!
Missing character: There is no 速 in font nullfont!
Missing character: There is no 发 in font nullfont!
Missing character: There is no 展 in font nullfont!
Missing character: There is no ， in font nullfont!
Missing character: There is no 通 in font nullfont!
Missing character: There is no 过 in font nullfont!
Missing character: There is no 语 in font nullfont!
Missing character: There is no 音 in font nullfont!
Missing character: There is no 编 in font nullfont!
Missing character: There is no 码 in font nullfont!
Missing character: There is no 技 in font nullfont!
Missing character: There is no 术 in font nullfont!
Missing character: There is no 、 in font nullfont!
Missing character: There is no 物 in font nullfont!
Missing character: There is no 理 in font nullfont!
Missing character: There is no 层 in font nullfont!
Missing character: There is no 技 in font nullfont!
Missing character: There is no 术 in font nullfont!
Missing character: There is no 和 in font nullfont!
Missing character: There is no 调 in font nullfont!
Missing character: There is no 制 in font nullfont!
Missing character: There is no 技 in font nullfont!
Missing character: There is no 术 in font nullfont!
Missing character: There is no 改 in font nullfont!
Missing character: There is no 进 in font nullfont!
Missing character: There is no 所 in font nullfont!
Missing character: There is no 带 in font nullfont!
Missing character: There is no 来 in font nullfont!
Missing character: There is no 系 in font nullfont!
Missing character: There is no 统 in font nullfont!
Missing character: There is no 频 in font nullfont!
Missing character: There is no 谱 in font nullfont!
Missing character: There is no 效 in font nullfont!
Missing character: There is no 率 in font nullfont!
Missing character: There is no 的 in font nullfont!
Missing character: There is no 提 in font nullfont!
Missing character: There is no 升 in font nullfont!
Missing character: There is no 不 in font nullfont!
Missing character: There is no 足 in font nullfont!
Missing character: There is no 1 in font nullfont!
Missing character: There is no 0 in font nullfont!
Missing character: There is no 倍 in font nullfont!
Missing character: There is no ， in font nullfont!
Missing character: There is no 通 in font nullfont!
Missing character: There is no 过 in font nullfont!
Missing character: There is no 采 in font nullfont!
Missing character: There is no 用 in font nullfont!
Missing character: There is no 更 in font nullfont!
Missing character: There is no 宽 in font nullfont!
Missing character: There is no 的 in font nullfont!
Missing character: There is no 物 in font nullfont!
Missing character: There is no 理 in font nullfont!
Missing character: There is no 频 in font nullfont!
Missing character: There is no 谱 in font nullfont!
Missing character: There is no 带 in font nullfont!
Missing character: There is no 宽 in font nullfont!
Missing character: There is no 所 in font nullfont!
Missing character: There is no 带 in font nullfont!
Missing character: There is no 来 in font nullfont!
Missing character: There is no 系 in font nullfont!
Missing character: There is no 统 in font nullfont!
Missing character: There is no 传 in font nullfont!
Missing character: There is no 输 in font nullfont!
Missing character: There is no 速 in font nullfont!
Missing character: There is no 率 in font nullfont!
Missing character: There is no 的 in font nullfont!
Missing character: There is no 提 in font nullfont!
Missing character: There is no 升 in font nullfont!
Missing character: There is no 只 in font nullfont!
Missing character: There is no 有 in font nullfont!
Missing character: There is no 几 in font nullfont!
Missing character: There is no 十 in font nullfont!
Missing character: There is no 倍 in font nullfont!
Missing character: There is no ， in font nullfont!
Missing character: There is no 而 in font nullfont!
Missing character: There is no 通 in font nullfont!
Missing character: There is no 过 in font nullfont!
Missing character: There is no 采 in font nullfont!
Missing character: There is no 用 in font nullfont!
Missing character: There is no 蜂 in font nullfont!
Missing character: There is no 窝 in font nullfont!
Missing character: There is no 分 in font nullfont!
Missing character: There is no 裂 in font nullfont!
Missing character: There is no 的 in font nullfont!
Missing character: There is no 方 in font nullfont!
Missing character: There is no 式 in font nullfont!
Missing character: There is no 所 in font nullfont!
Missing character: There is no 带 in font nullfont!
Missing character: There is no 来 in font nullfont!
Missing character: There is no 频 in font nullfont!
Missing character: There is no 谱 in font nullfont!
Missing character: There is no 效 in font nullfont!
Missing character: There is no 率 in font nullfont!
Missing character: There is no 的 in font nullfont!
Missing character: There is no 提 in font nullfont!
Missing character: There is no 升 in font nullfont!
Missing character: There is no 可 in font nullfont!
Missing character: There is no 以 in font nullfont!
Missing character: There is no 达 in font nullfont!
Missing character: There is no 到 in font nullfont!
Missing character: There is no 2 in font nullfont!
Missing character: There is no 7 in font nullfont!
Missing character: There is no 0 in font nullfont!
Missing character: There is no 0 in font nullfont!
Missing character: There is no 倍 in font nullfont!
! Undefined control sequence.
\@footnotetext ...tins {\reset@font \footnotesize 
                                                  \interlinepenalty \interfo...
l.48 ...提高系统频谱资源的空间复用效率，进而提升系统容量，但其会产生严重地越区切换问题等。}
                                                  。因此，可以预测未来通过不断缩小蜂窝小区半径，从而提...
The control sequence at the end of the top line
of your error message was never \def'ed. If you have
misspelled it (e.g., `\hobx'), type `I' and the correct
spelling (e.g., `I\hbox'). Otherwise just continue,
and I'll forget about whatever was undefined.

! Undefined control sequence.
\@footnotetext ...}\color@begingroup \@makefntext 
                                                  {\rule \z@ \footnotesep \i...
l.48 ...提高系统频谱资源的空间复用效率，进而提升系统容量，但其会产生严重地越区切换问题等。}
                                                  。因此，可以预测未来通过不断缩小蜂窝小区半径，从而提...
The control sequence at the end of the top line
of your error message was never \def'ed. If you have
misspelled it (e.g., `\hobx'), type `I' and the correct
spelling (e.g., `I\hbox'). Otherwise just continue,
and I'll forget about whatever was undefined.

Missing character: There is no 通 in font [lmroman10-regular]:mapping=tex-text;!
Missing character: There is no 过 in font [lmroman10-regular]:mapping=tex-text;!
Missing character: There is no 该 in font [lmroman10-regular]:mapping=tex-text;!
Missing character: There is no 方 in font [lmroman10-regular]:mapping=tex-text;!
Missing character: There is no 式 in font [lmroman10-regular]:mapping=tex-text;!
Missing character: There is no 可 in font [lmroman10-regular]:mapping=tex-text;!
Missing character: There is no 以 in font [lmroman10-regular]:mapping=tex-text;!
Missing character: There is no 有 in font [lmroman10-regular]:mapping=tex-text;!
Missing character: There is no 效 in font [lmroman10-regular]:mapping=tex-text;!
Missing character: There is no 地 in font [lmroman10-regular]:mapping=tex-text;!
Missing character: There is no 提 in font [lmroman10-regular]:mapping=tex-text;!
Missing character: There is no 高 in font [lmroman10-regular]:mapping=tex-text;!
Missing character: There is no 系 in font [lmroman10-regular]:mapping=tex-text;!
Missing character: There is no 统 in font [lmroman10-regular]:mapping=tex-text;!
Missing character: There is no 频 in font [lmroman10-regular]:mapping=tex-text;!
Missing character: There is no 谱 in font [lmroman10-regular]:mapping=tex-text;!
Missing character: There is no 资 in font [lmroman10-regular]:mapping=tex-text;!
Missing character: There is no 源 in font [lmroman10-regular]:mapping=tex-text;!
Missing character: There is no 的 in font [lmroman10-regular]:mapping=tex-text;!
Missing character: There is no 空 in font [lmroman10-regular]:mapping=tex-text;!
Missing character: There is no 间 in font [lmroman10-regular]:mapping=tex-text;!
Missing character: There is no 复 in font [lmroman10-regular]:mapping=tex-text;!
Missing character: There is no 用 in font [lmroman10-regular]:mapping=tex-text;!
Missing character: There is no 效 in font [lmroman10-regular]:mapping=tex-text;!
Missing character: There is no 率 in font [lmroman10-regular]:mapping=tex-text;!
Missing character: There is no ， in font [lmroman10-regular]:mapping=tex-text;!
Missing character: There is no 进 in font [lmroman10-regular]:mapping=tex-text;!
Missing character: There is no 而 in font [lmroman10-regular]:mapping=tex-text;!
Missing character: There is no 提 in font [lmroman10-regular]:mapping=tex-text;!
Missing character: There is no 升 in font [lmroman10-regular]:mapping=tex-text;!
Missing character: There is no 系 in font [lmroman10-regular]:mapping=tex-text;!
Missing character: There is no 统 in font [lmroman10-regular]:mapping=tex-text;!
Missing character: There is no 容 in font [lmroman10-regular]:mapping=tex-text;!
Missing character: There is no 量 in font [lmroman10-regular]:mapping=tex-text;!
Missing character: There is no ， in font [lmroman10-regular]:mapping=tex-text;!
Missing character: There is no 但 in font [lmroman10-regular]:mapping=tex-text;!
Missing character: There is no 其 in font [lmroman10-regular]:mapping=tex-text;!
Missing character: There is no 会 in font [lmroman10-regular]:mapping=tex-text;!
Missing character: There is no 产 in font [lmroman10-regular]:mapping=tex-text;!
Missing character: There is no 生 in font [lmroman10-regular]:mapping=tex-text;!
Missing character: There is no 严 in font [lmroman10-regular]:mapping=tex-text;!
Missing character: There is no 重 in font [lmroman10-regular]:mapping=tex-text;!
Missing character: There is no 地 in font [lmroman10-regular]:mapping=tex-text;!
Missing character: There is no 越 in font [lmroman10-regular]:mapping=tex-text;!
Missing character: There is no 区 in font [lmroman10-regular]:mapping=tex-text;!
Missing character: There is no 切 in font [lmroman10-regular]:mapping=tex-text;!
Missing character: There is no 换 in font [lmroman10-regular]:mapping=tex-text;!
Missing character: There is no 问 in font [lmroman10-regular]:mapping=tex-text;!
Missing character: There is no 题 in font [lmroman10-regular]:mapping=tex-text;!
Missing character: There is no 等 in font [lmroman10-regular]:mapping=tex-text;!
Missing character: There is no 。 in font [lmroman10-regular]:mapping=tex-text;!

Overfull \hbox (142.8pt too wide) in paragraph at lines 48--48
[][]\TU/lmr/m/n/10 通过该方式可以有效地提高系统频谱资源的空间复用效率，进而提升系统容量，但其会产生严重地越区切换问题等。| 
 []

Missing character: There is no 。 in font nullfont!
Missing character: There is no 因 in font nullfont!
Missing character: There is no 此 in font nullfont!
Missing character: There is no ， in font nullfont!
Missing character: There is no 可 in font nullfont!
Missing character: There is no 以 in font nullfont!
Missing character: There is no 预 in font nullfont!
Missing character: There is no 测 in font nullfont!
Missing character: There is no 未 in font nullfont!
Missing character: There is no 来 in font nullfont!
Missing character: There is no 通 in font nullfont!
Missing character: There is no 过 in font nullfont!
Missing character: There is no 不 in font nullfont!
Missing character: There is no 断 in font nullfont!
Missing character: There is no 缩 in font nullfont!
Missing character: There is no 小 in font nullfont!
Missing character: There is no 蜂 in font nullfont!
Missing character: There is no 窝 in font nullfont!
Missing character: There is no 小 in font nullfont!
Missing character: There is no 区 in font nullfont!
Missing character: There is no 半 in font nullfont!
Missing character: There is no 径 in font nullfont!
Missing character: There is no ， in font nullfont!
Missing character: There is no 从 in font nullfont!
Missing character: There is no 而 in font nullfont!
Missing character: There is no 提 in font nullfont!
Missing character: There is no 高 in font nullfont!
Missing character: There is no 频 in font nullfont!
Missing character: There is no 谱 in font nullfont!
Missing character: There is no 资 in font nullfont!
Missing character: There is no 源 in font nullfont!
Missing character: There is no 的 in font nullfont!
Missing character: There is no 空 in font nullfont!
Missing character: There is no 间 in font nullfont!
Missing character: There is no 复 in font nullfont!
Missing character: There is no 用 in font nullfont!
Missing character: There is no 率 in font nullfont!
Missing character: There is no 和 in font nullfont!
Missing character: There is no 改 in font nullfont!
Missing character: There is no 善 in font nullfont!
Missing character: There is no 单 in font nullfont!
Missing character: There is no 位 in font nullfont!
Missing character: There is no 面 in font nullfont!
Missing character: There is no 积 in font nullfont!
Missing character: There is no 的 in font nullfont!
Missing character: There is no 移 in font nullfont!
Missing character: There is no 动 in font nullfont!
Missing character: There is no 通 in font nullfont!
Missing character: There is no 信 in font nullfont!
Missing character: There is no 性 in font nullfont!
Missing character: There is no 能 in font nullfont!
Missing character: There is no ， in font nullfont!
Missing character: There is no 是 in font nullfont!
Missing character: There is no 保 in font nullfont!
Missing character: There is no 证 in font nullfont!
Missing character: There is no 未 in font nullfont!
Missing character: There is no 来 in font nullfont!
Missing character: There is no B in font nullfont!
Missing character: There is no 5 in font nullfont!
Missing character: There is no G in font nullfont!
Missing character: There is no 或 in font nullfont!
Missing character: There is no 6 in font nullfont!
Missing character: There is no G in font nullfont!
Missing character: There is no 网 in font nullfont!
Missing character: There is no 络 in font nullfont!
Missing character: There is no 支 in font nullfont!
Missing character: There is no 持 in font nullfont!
Missing character: There is no 1 in font nullfont!
Missing character: There is no 0 in font nullfont!
Missing character: There is no 0 in font nullfont!
Missing character: There is no 0 in font nullfont!
Missing character: There is no 倍 in font nullfont!
Missing character: There is no 业 in font nullfont!
Missing character: There is no 务 in font nullfont!
Missing character: There is no 数 in font nullfont!
Missing character: There is no 据 in font nullfont!
Missing character: There is no 量 in font nullfont!
Missing character: There is no 增 in font nullfont!
Missing character: There is no 长 in font nullfont!
Missing character: There is no 的 in font nullfont!
Missing character: There is no 关 in font nullfont!
Missing character: There is no 键 in font nullfont!
Missing character: There is no 核 in font nullfont!
Missing character: There is no 心 in font nullfont!
Missing character: There is no 方 in font nullfont!
Missing character: There is no 法 in font nullfont!
Missing character: There is no [ in font nullfont!
\citation{R0792}
! Undefined control sequence.
<write> ...: Citation `\@citeb ' on page \thepage 
                                                  \space undefined\on@line .^^J
l.48 ...G网络支持1000倍业务数据量增长的关键核心方法\cite{R0792,R0793}
                                                  。然而，这种通过不断减小蜂窝小区半径的超密集组网方式...
The control sequence at the end of the top line
of your error message was never \def'ed. If you have
misspelled it (e.g., `\hobx'), type `I' and the correct
spelling (e.g., `I\hbox'). Otherwise just continue,
and I'll forget about whatever was undefined.


LaTeX Warning: Citation `R0792' on page  undefined on input line 48.

Missing character: There is no , in font nullfont!
\citation{R0793}
! Undefined control sequence.
<write> ...: Citation `\@citeb ' on page \thepage 
                                                  \space undefined\on@line .^^J
l.48 ...G网络支持1000倍业务数据量增长的关键核心方法\cite{R0792,R0793}
                                                  。然而，这种通过不断减小蜂窝小区半径的超密集组网方式...
The control sequence at the end of the top line
of your error message was never \def'ed. If you have
misspelled it (e.g., `\hobx'), type `I' and the correct
spelling (e.g., `I\hbox'). Otherwise just continue,
and I'll forget about whatever was undefined.


LaTeX Warning: Citation `R0793' on page  undefined on input line 48.

Missing character: There is no ] in font nullfont!
Missing character: There is no 。 in font nullfont!
Missing character: There is no 然 in font nullfont!
Missing character: There is no 而 in font nullfont!
Missing character: There is no ， in font nullfont!
Missing character: There is no 这 in font nullfont!
Missing character: There is no 种 in font nullfont!
Missing character: There is no 通 in font nullfont!
Missing character: There is no 过 in font nullfont!
Missing character: There is no 不 in font nullfont!
Missing character: There is no 断 in font nullfont!
Missing character: There is no 减 in font nullfont!
Missing character: There is no 小 in font nullfont!
Missing character: There is no 蜂 in font nullfont!
Missing character: There is no 窝 in font nullfont!
Missing character: There is no 小 in font nullfont!
Missing character: There is no 区 in font nullfont!
Missing character: There is no 半 in font nullfont!
Missing character: There is no 径 in font nullfont!
Missing character: There is no 的 in font nullfont!
Missing character: There is no 超 in font nullfont!
Missing character: There is no 密 in font nullfont!
Missing character: There is no 集 in font nullfont!
Missing character: There is no 组 in font nullfont!
Missing character: There is no 网 in font nullfont!
Missing character: There is no 方 in font nullfont!
Missing character: There is no 式 in font nullfont!
Missing character: There is no 虽 in font nullfont!
Missing character: There is no 然 in font nullfont!
Missing character: There is no 有 in font nullfont!
Missing character: There is no 很 in font nullfont!
Missing character: There is no 大 in font nullfont!
Missing character: There is no 的 in font nullfont!
Missing character: There is no 发 in font nullfont!
Missing character: There is no 展 in font nullfont!
Missing character: There is no 前 in font nullfont!
Missing character: There is no 景 in font nullfont!
Missing character: There is no ， in font nullfont!
Missing character: There is no 然 in font nullfont!
Missing character: There is no 而 in font nullfont!
Missing character: There is no 其 in font nullfont!
Missing character: There is no 也 in font nullfont!
Missing character: There is no 将 in font nullfont!
Missing character: There is no 成 in font nullfont!
Missing character: There is no 为 in font nullfont!
Missing character: There is no 未 in font nullfont!
Missing character: There is no 来 in font nullfont!
Missing character: There is no 移 in font nullfont!
Missing character: There is no 动 in font nullfont!
Missing character: There is no 通 in font nullfont!
Missing character: There is no 信 in font nullfont!
Missing character: There is no 系 in font nullfont!
Missing character: There is no 统 in font nullfont!
Missing character: There is no 性 in font nullfont!
Missing character: There is no 能 in font nullfont!
Missing character: There is no 增 in font nullfont!
Missing character: There is no 长 in font nullfont!
Missing character: There is no 的 in font nullfont!
Missing character: There is no 主 in font nullfont!
Missing character: There is no 要 in font nullfont!
Missing character: There is no 瓶 in font nullfont!
Missing character: There is no 颈 in font nullfont!
Missing character: There is no 。 in font nullfont!
Missing character: There is no 这 in font nullfont!
Missing character: There is no 对 in font nullfont!
Missing character: There is no 未 in font nullfont!
Missing character: There is no 来 in font nullfont!
Missing character: There is no 移 in font nullfont!
Missing character: There is no 动 in font nullfont!
Missing character: There is no 通 in font nullfont!
Missing character: There is no 信 in font nullfont!
Missing character: There is no 系 in font nullfont!
Missing character: There is no 统 in font nullfont!
Missing character: There is no 所 in font nullfont!
Missing character: There is no 要 in font nullfont!
Missing character: There is no 求 in font nullfont!
Missing character: There is no 的 in font nullfont!
Missing character: There is no 超 in font nullfont!
Missing character: There is no 大 in font nullfont!
Missing character: There is no 连 in font nullfont!
Missing character: There is no 接 in font nullfont!
Missing character: There is no 、 in font nullfont!
Missing character: There is no 超 in font nullfont!
Missing character: There is no 大 in font nullfont!
Missing character: There is no 流 in font nullfont!
Missing character: There is no 量 in font nullfont!
Missing character: There is no 、 in font nullfont!
Missing character: There is no 超 in font nullfont!
Missing character: There is no 低 in font nullfont!
Missing character: There is no 延 in font nullfont!
Missing character: There is no 迟 in font nullfont!
Missing character: There is no 和 in font nullfont!
Missing character: There is no 超 in font nullfont!
Missing character: There is no 高 in font nullfont!
Missing character: There is no 可 in font nullfont!
Missing character: There is no 靠 in font nullfont!
Missing character: There is no 性 in font nullfont!
Missing character: There is no 等 in font nullfont!
Missing character: There is no 带 in font nullfont!
Missing character: There is no 来 in font nullfont!
Missing character: There is no 了 in font nullfont!
Missing character: There is no 严 in font nullfont!
Missing character: There is no 峻 in font nullfont!
Missing character: There is no 的 in font nullfont!
Missing character: There is no 挑 in font nullfont!
Missing character: There is no 战 in font nullfont!
Missing character: There is no ， in font nullfont!
Missing character: There is no 具 in font nullfont!
Missing character: There is no 体 in font nullfont!
Missing character: There is no 主 in font nullfont!
Missing character: There is no 要 in font nullfont!
Missing character: There is no 包 in font nullfont!
Missing character: There is no 括 in font nullfont!
Missing character: There is no ： in font nullfont!

Overfull \hbox (25.43pt too wide) in paragraph at lines 40--49
[][]
 []


Overfull \hbox (5.43pt too wide) in paragraph at lines 40--49
[]
 []


Overfull \hbox (10.85999pt too wide) in paragraph at lines 40--49
[][]
 []


Overfull \hbox (5.43pt too wide) in paragraph at lines 40--49
[]
 []


Overfull \hbox (5.43pt too wide) in paragraph at lines 40--49
[]
 []


Overfull \hbox (5.43pt too wide) in paragraph at lines 40--49
[]
 []


Overfull \hbox (5.43pt too wide) in paragraph at lines 40--49
[]
 []


Overfull \hbox (34.97662pt too wide) in paragraph at lines 40--49
[]\OML/cmm/m/it/10 :jpg[][]$
 []


Overfull \hbox (9.913pt too wide) in paragraph at lines 40--49
[][]
 []


Overfull \hbox (5.43pt too wide) in paragraph at lines 40--49
[] 
 []


! LaTeX Error: Missing \begin{document}.

See the LaTeX manual or LaTeX Companion for explanation.
Type  H <return>  for immediate help.
 ...                                              
                                                  
l.50 (
      1)在超密集的组网方式或异构网络中，由于各层用户间资源竞争压力的存在，可能会导致同频部署的相同无线接入技术所带来的干扰、不同无线接入技术之间...

You're in trouble here.  Try typing  <return>  to proceed.
If that doesn't work, type  X <return>  to quit.

Missing character: There is no ( in font nullfont!
Missing character: There is no 1 in font nullfont!
Missing character: There is no ) in font nullfont!
Missing character: There is no 在 in font nullfont!
Missing character: There is no 超 in font nullfont!
Missing character: There is no 密 in font nullfont!
Missing character: There is no 集 in font nullfont!
Missing character: There is no 的 in font nullfont!
Missing character: There is no 组 in font nullfont!
Missing character: There is no 网 in font nullfont!
Missing character: There is no 方 in font nullfont!
Missing character: There is no 式 in font nullfont!
Missing character: There is no 或 in font nullfont!
Missing character: There is no 异 in font nullfont!
Missing character: There is no 构 in font nullfont!
Missing character: There is no 网 in font nullfont!
Missing character: There is no 络 in font nullfont!
Missing character: There is no 中 in font nullfont!
Missing character: There is no ， in font nullfont!
Missing character: There is no 由 in font nullfont!
Missing character: There is no 于 in font nullfont!
Missing character: There is no 各 in font nullfont!
Missing character: There is no 层 in font nullfont!
Missing character: There is no 用 in font nullfont!
Missing character: There is no 户 in font nullfont!
Missing character: There is no 间 in font nullfont!
Missing character: There is no 资 in font nullfont!
Missing character: There is no 源 in font nullfont!
Missing character: There is no 竞 in font nullfont!
Missing character: There is no 争 in font nullfont!
Missing character: There is no 压 in font nullfont!
Missing character: There is no 力 in font nullfont!
Missing character: There is no 的 in font nullfont!
Missing character: There is no 存 in font nullfont!
Missing character: There is no 在 in font nullfont!
Missing character: There is no ， in font nullfont!
Missing character: There is no 可 in font nullfont!
Missing character: There is no 能 in font nullfont!
Missing character: There is no 会 in font nullfont!
Missing character: There is no 导 in font nullfont!
Missing character: There is no 致 in font nullfont!
Missing character: There is no 同 in font nullfont!
Missing character: There is no 频 in font nullfont!
Missing character: There is no 部 in font nullfont!
Missing character: There is no 署 in font nullfont!
Missing character: There is no 的 in font nullfont!
Missing character: There is no 相 in font nullfont!
Missing character: There is no 同 in font nullfont!
Missing character: There is no 无 in font nullfont!
Missing character: There is no 线 in font nullfont!
Missing character: There is no 接 in font nullfont!
Missing character: There is no 入 in font nullfont!
Missing character: There is no 技 in font nullfont!
Missing character: There is no 术 in font nullfont!
Missing character: There is no 所 in font nullfont!
Missing character: There is no 带 in font nullfont!
Missing character: There is no 来 in font nullfont!
Missing character: There is no 的 in font nullfont!
Missing character: There is no 干 in font nullfont!
Missing character: There is no 扰 in font nullfont!
Missing character: There is no 、 in font nullfont!
Missing character: There is no 不 in font nullfont!
Missing character: There is no 同 in font nullfont!
Missing character: There is no 无 in font nullfont!
Missing character: There is no 线 in font nullfont!
Missing character: There is no 接 in font nullfont!
Missing character: There is no 入 in font nullfont!
Missing character: There is no 技 in font nullfont!
Missing character: There is no 术 in font nullfont!
Missing character: There is no 之 in font nullfont!
Missing character: There is no 间 in font nullfont!
Missing character: There is no 共 in font nullfont!
Missing character: There is no 享 in font nullfont!
Missing character: There is no 频 in font nullfont!
Missing character: There is no 谱 in font nullfont!
Missing character: There is no 带 in font nullfont!
Missing character: There is no 来 in font nullfont!
Missing character: There is no 的 in font nullfont!
Missing character: There is no 干 in font nullfont!
Missing character: There is no 扰 in font nullfont!
Missing character: There is no 和 in font nullfont!
Missing character: There is no 不 in font nullfont!
Missing character: There is no 同 in font nullfont!
Missing character: There is no 网 in font nullfont!
Missing character: There is no 络 in font nullfont!
Missing character: There is no 层 in font nullfont!
Missing character: There is no 覆 in font nullfont!
Missing character: There is no 盖 in font nullfont!
Missing character: There is no 之 in font nullfont!
Missing character: There is no 间 in font nullfont!
Missing character: There is no 的 in font nullfont!
Missing character: There is no 干 in font nullfont!
Missing character: There is no 扰 in font nullfont!
Missing character: There is no 等 in font nullfont!
Missing character: There is no [ in font nullfont!
\citation{R07931}
! Undefined control sequence.
<write> ...: Citation `\@citeb ' on page \thepage 
                                                  \space undefined\on@line .^^J
l.50 ...等\cite{R07931,R07932,R07933,R07934,R07935}
                                                  。此外，由于小区中邻近网络节点的传输损耗差别较小，就...
The control sequence at the end of the top line
of your error message was never \def'ed. If you have
misspelled it (e.g., `\hobx'), type `I' and the correct
spelling (e.g., `I\hbox'). Otherwise just continue,
and I'll forget about whatever was undefined.


LaTeX Warning: Citation `R07931' on page  undefined on input line 50.

Missing character: There is no , in font nullfont!
\citation{R07932}
! Undefined control sequence.
<write> ...: Citation `\@citeb ' on page \thepage 
                                                  \space undefined\on@line .^^J
l.50 ...等\cite{R07931,R07932,R07933,R07934,R07935}
                                                  。此外，由于小区中邻近网络节点的传输损耗差别较小，就...
The control sequence at the end of the top line
of your error message was never \def'ed. If you have
misspelled it (e.g., `\hobx'), type `I' and the correct
spelling (e.g., `I\hbox'). Otherwise just continue,
and I'll forget about whatever was undefined.


LaTeX Warning: Citation `R07932' on page  undefined on input line 50.

Missing character: There is no , in font nullfont!
\citation{R07933}
! Undefined control sequence.
<write> ...: Citation `\@citeb ' on page \thepage 
                                                  \space undefined\on@line .^^J
l.50 ...等\cite{R07931,R07932,R07933,R07934,R07935}
                                                  。此外，由于小区中邻近网络节点的传输损耗差别较小，就...
The control sequence at the end of the top line
of your error message was never \def'ed. If you have
misspelled it (e.g., `\hobx'), type `I' and the correct
spelling (e.g., `I\hbox'). Otherwise just continue,
and I'll forget about whatever was undefined.


LaTeX Warning: Citation `R07933' on page  undefined on input line 50.

Missing character: There is no , in font nullfont!
\citation{R07934}
! Undefined control sequence.
<write> ...: Citation `\@citeb ' on page \thepage 
                                                  \space undefined\on@line .^^J
l.50 ...等\cite{R07931,R07932,R07933,R07934,R07935}
                                                  。此外，由于小区中邻近网络节点的传输损耗差别较小，就...
The control sequence at the end of the top line
of your error message was never \def'ed. If you have
misspelled it (e.g., `\hobx'), type `I' and the correct
spelling (e.g., `I\hbox'). Otherwise just continue,
and I'll forget about whatever was undefined.


LaTeX Warning: Citation `R07934' on page  undefined on input line 50.

Missing character: There is no , in font nullfont!
\citation{R07935}
! Undefined control sequence.
<write> ...: Citation `\@citeb ' on page \thepage 
                                                  \space undefined\on@line .^^J
l.50 ...等\cite{R07931,R07932,R07933,R07934,R07935}
                                                  。此外，由于小区中邻近网络节点的传输损耗差别较小，就...
The control sequence at the end of the top line
of your error message was never \def'ed. If you have
misspelled it (e.g., `\hobx'), type `I' and the correct
spelling (e.g., `I\hbox'). Otherwise just continue,
and I'll forget about whatever was undefined.


LaTeX Warning: Citation `R07935' on page  undefined on input line 50.

Missing character: There is no ] in font nullfont!
Missing character: There is no 。 in font nullfont!
Missing character: There is no 此 in font nullfont!
Missing character: There is no 外 in font nullfont!
Missing character: There is no ， in font nullfont!
Missing character: There is no 由 in font nullfont!
Missing character: There is no 于 in font nullfont!
Missing character: There is no 小 in font nullfont!
Missing character: There is no 区 in font nullfont!
Missing character: There is no 中 in font nullfont!
Missing character: There is no 邻 in font nullfont!
Missing character: There is no 近 in font nullfont!
Missing character: There is no 网 in font nullfont!
Missing character: There is no 络 in font nullfont!
Missing character: There is no 节 in font nullfont!
Missing character: There is no 点 in font nullfont!
Missing character: There is no 的 in font nullfont!
Missing character: There is no 传 in font nullfont!
Missing character: There is no 输 in font nullfont!
Missing character: There is no 损 in font nullfont!
Missing character: There is no 耗 in font nullfont!
Missing character: There is no 差 in font nullfont!
Missing character: There is no 别 in font nullfont!
Missing character: There is no 较 in font nullfont!
Missing character: There is no 小 in font nullfont!
Missing character: There is no ， in font nullfont!
Missing character: There is no 就 in font nullfont!
Missing character: There is no 可 in font nullfont!
Missing character: There is no 能 in font nullfont!
Missing character: There is no 导 in font nullfont!
Missing character: There is no 致 in font nullfont!
Missing character: There is no 系 in font nullfont!
Missing character: There is no 统 in font nullfont!
Missing character: There is no 存 in font nullfont!
Missing character: There is no 在 in font nullfont!
Missing character: There is no 多 in font nullfont!
Missing character: There is no 个 in font nullfont!
Missing character: There is no 发 in font nullfont!
Missing character: There is no 射 in font nullfont!
Missing character: There is no 强 in font nullfont!
Missing character: There is no 度 in font nullfont!
Missing character: There is no 接 in font nullfont!
Missing character: There is no 近 in font nullfont!
Missing character: There is no 的 in font nullfont!
Missing character: There is no 干 in font nullfont!
Missing character: There is no 扰 in font nullfont!
Missing character: There is no 源 in font nullfont!
Missing character: There is no ， in font nullfont!
Missing character: There is no 从 in font nullfont!
Missing character: There is no 而 in font nullfont!
Missing character: There is no 导 in font nullfont!
Missing character: There is no 致 in font nullfont!
Missing character: There is no 更 in font nullfont!
Missing character: There is no 加 in font nullfont!
Missing character: There is no 严 in font nullfont!
Missing character: There is no 重 in font nullfont!
Missing character: There is no 的 in font nullfont!
Missing character: There is no 系 in font nullfont!
Missing character: There is no 统 in font nullfont!
Missing character: There is no 干 in font nullfont!
Missing character: There is no 扰 in font nullfont!
Missing character: There is no 。 in font nullfont!
Missing character: There is no 因 in font nullfont!
Missing character: There is no 此 in font nullfont!
Missing character: There is no ， in font nullfont!
Missing character: There is no 如 in font nullfont!
Missing character: There is no 何 in font nullfont!
Missing character: There is no 能 in font nullfont!
Missing character: There is no 够 in font nullfont!
Missing character: There is no 有 in font nullfont!
Missing character: There is no 效 in font nullfont!
Missing character: There is no 地 in font nullfont!
Missing character: There is no 减 in font nullfont!
Missing character: There is no 小 in font nullfont!
Missing character: There is no 、 in font nullfont!
Missing character: There is no 降 in font nullfont!
Missing character: There is no 低 in font nullfont!
Missing character: There is no 或 in font nullfont!
Missing character: There is no 消 in font nullfont!
Missing character: There is no 除 in font nullfont!
Missing character: There is no 这 in font nullfont!
Missing character: There is no 些 in font nullfont!
Missing character: There is no 干 in font nullfont!
Missing character: There is no 扰 in font nullfont!
Missing character: There is no 是 in font nullfont!
Missing character: There is no 未 in font nullfont!
Missing character: There is no 来 in font nullfont!
Missing character: There is no 超 in font nullfont!
Missing character: There is no 密 in font nullfont!
Missing character: There is no 集 in font nullfont!
Missing character: There is no 网 in font nullfont!
Missing character: There is no 络 in font nullfont!
Missing character: There is no 的 in font nullfont!
Missing character: There is no 关 in font nullfont!
Missing character: There is no 键 in font nullfont!
Missing character: There is no 问 in font nullfont!
Missing character: There is no 题 in font nullfont!
Missing character: There is no [ in font nullfont!
\citation{R07936}
! Undefined control sequence.
<write> ...: Citation `\@citeb ' on page \thepage 
                                                  \space undefined\on@line .^^J
l.50 ...干扰是未来超密集网络的关键问题\cite{R07936,R07937,R07938}
                                                  ；
The control sequence at the end of the top line
of your error message was never \def'ed. If you have
misspelled it (e.g., `\hobx'), type `I' and the correct
spelling (e.g., `I\hbox'). Otherwise just continue,
and I'll forget about whatever was undefined.


LaTeX Warning: Citation `R07936' on page  undefined on input line 50.

Missing character: There is no , in font nullfont!
\citation{R07937}
! Undefined control sequence.
<write> ...: Citation `\@citeb ' on page \thepage 
                                                  \space undefined\on@line .^^J
l.50 ...干扰是未来超密集网络的关键问题\cite{R07936,R07937,R07938}
                                                  ；
The control sequence at the end of the top line
of your error message was never \def'ed. If you have
misspelled it (e.g., `\hobx'), type `I' and the correct
spelling (e.g., `I\hbox'). Otherwise just continue,
and I'll forget about whatever was undefined.


LaTeX Warning: Citation `R07937' on page  undefined on input line 50.

Missing character: There is no , in font nullfont!
\citation{R07938}
! Undefined control sequence.
<write> ...: Citation `\@citeb ' on page \thepage 
                                                  \space undefined\on@line .^^J
l.50 ...干扰是未来超密集网络的关键问题\cite{R07936,R07937,R07938}
                                                  ；
The control sequence at the end of the top line
of your error message was never \def'ed. If you have
misspelled it (e.g., `\hobx'), type `I' and the correct
spelling (e.g., `I\hbox'). Otherwise just continue,
and I'll forget about whatever was undefined.


LaTeX Warning: Citation `R07938' on page  undefined on input line 50.

Missing character: There is no ] in font nullfont!
Missing character: There is no ； in font nullfont!

Overfull \hbox (25.43pt too wide) in paragraph at lines 50--51
[][]
 []


Overfull \hbox (5.43pt too wide) in paragraph at lines 50--51
[]
 []


Overfull \hbox (5.43pt too wide) in paragraph at lines 50--51
[]
 []


Overfull \hbox (5.43pt too wide) in paragraph at lines 50--51
[]
 []


Overfull \hbox (10.85999pt too wide) in paragraph at lines 50--51
[][]
 []


Overfull \hbox (5.43pt too wide) in paragraph at lines 50--51
[]
 []


Overfull \hbox (5.43pt too wide) in paragraph at lines 50--51
[] 
 []


! LaTeX Error: Missing \begin{document}.

See the LaTeX manual or LaTeX Companion for explanation.
Type  H <return>  for immediate help.
 ...                                              
                                                  
l.52 (
      2)由于不同网络层的叠加会使得小区的边界更多、更不规则，这将导致更频繁、更为复杂的网络/小区切换问题，产生严重的“乒乓效应”，这对保证用户良...

You're in trouble here.  Try typing  <return>  to proceed.
If that doesn't work, type  X <return>  to quit.

Missing character: There is no ( in font nullfont!
Missing character: There is no 2 in font nullfont!
Missing character: There is no ) in font nullfont!
Missing character: There is no 由 in font nullfont!
Missing character: There is no 于 in font nullfont!
Missing character: There is no 不 in font nullfont!
Missing character: There is no 同 in font nullfont!
Missing character: There is no 网 in font nullfont!
Missing character: There is no 络 in font nullfont!
Missing character: There is no 层 in font nullfont!
Missing character: There is no 的 in font nullfont!
Missing character: There is no 叠 in font nullfont!
Missing character: There is no 加 in font nullfont!
Missing character: There is no 会 in font nullfont!
Missing character: There is no 使 in font nullfont!
Missing character: There is no 得 in font nullfont!
Missing character: There is no 小 in font nullfont!
Missing character: There is no 区 in font nullfont!
Missing character: There is no 的 in font nullfont!
Missing character: There is no 边 in font nullfont!
Missing character: There is no 界 in font nullfont!
Missing character: There is no 更 in font nullfont!
Missing character: There is no 多 in font nullfont!
Missing character: There is no 、 in font nullfont!
Missing character: There is no 更 in font nullfont!
Missing character: There is no 不 in font nullfont!
Missing character: There is no 规 in font nullfont!
Missing character: There is no 则 in font nullfont!
Missing character: There is no ， in font nullfont!
Missing character: There is no 这 in font nullfont!
Missing character: There is no 将 in font nullfont!
Missing character: There is no 导 in font nullfont!
Missing character: There is no 致 in font nullfont!
Missing character: There is no 更 in font nullfont!
Missing character: There is no 频 in font nullfont!
Missing character: There is no 繁 in font nullfont!
Missing character: There is no 、 in font nullfont!
Missing character: There is no 更 in font nullfont!
Missing character: There is no 为 in font nullfont!
Missing character: There is no 复 in font nullfont!
Missing character: There is no 杂 in font nullfont!
Missing character: There is no 的 in font nullfont!
Missing character: There is no 网 in font nullfont!
Missing character: There is no 络 in font nullfont!
Missing character: There is no / in font nullfont!
Missing character: There is no 小 in font nullfont!
Missing character: There is no 区 in font nullfont!
Missing character: There is no 切 in font nullfont!
Missing character: There is no 换 in font nullfont!
Missing character: There is no 问 in font nullfont!
Missing character: There is no 题 in font nullfont!
Missing character: There is no ， in font nullfont!
Missing character: There is no 产 in font nullfont!
Missing character: There is no 生 in font nullfont!
Missing character: There is no 严 in font nullfont!
Missing character: There is no 重 in font nullfont!
Missing character: There is no 的 in font nullfont!
Missing character: There is no “ in font nullfont!
Missing character: There is no 乒 in font nullfont!
Missing character: There is no 乓 in font nullfont!
Missing character: There is no 效 in font nullfont!
Missing character: There is no 应 in font nullfont!
Missing character: There is no ” in font nullfont!
Missing character: There is no ， in font nullfont!
Missing character: There is no 这 in font nullfont!
Missing character: There is no 对 in font nullfont!
Missing character: There is no 保 in font nullfont!
Missing character: There is no 证 in font nullfont!
Missing character: There is no 用 in font nullfont!
Missing character: There is no 户 in font nullfont!
Missing character: There is no 良 in font nullfont!
Missing character: There is no 好 in font nullfont!
Missing character: There is no 的 in font nullfont!
Missing character: There is no 移 in font nullfont!
Missing character: There is no 动 in font nullfont!
Missing character: There is no 性 in font nullfont!
Missing character: There is no 带 in font nullfont!
Missing character: There is no 来 in font nullfont!
Missing character: There is no 了 in font nullfont!
Missing character: There is no 严 in font nullfont!
Missing character: There is no 峻 in font nullfont!
Missing character: There is no 的 in font nullfont!
Missing character: There is no 挑 in font nullfont!
Missing character: There is no 战 in font nullfont!
Missing character: There is no 。 in font nullfont!
Missing character: There is no 因 in font nullfont!
Missing character: There is no 此 in font nullfont!
Missing character: There is no ， in font nullfont!
Missing character: There is no 需 in font nullfont!
Missing character: There is no 要 in font nullfont!
Missing character: There is no 研 in font nullfont!
Missing character: There is no 发 in font nullfont!
Missing character: There is no 新 in font nullfont!
Missing character: There is no 的 in font nullfont!
Missing character: There is no 针 in font nullfont!
Missing character: There is no 对 in font nullfont!
Missing character: There is no 超 in font nullfont!
Missing character: There is no 密 in font nullfont!
Missing character: There is no 集 in font nullfont!
Missing character: There is no 网 in font nullfont!
Missing character: There is no 络 in font nullfont!
Missing character: There is no 场 in font nullfont!
Missing character: There is no 景 in font nullfont!
Missing character: There is no 的 in font nullfont!
Missing character: There is no 网 in font nullfont!
Missing character: There is no 络 in font nullfont!
Missing character: There is no 切 in font nullfont!
Missing character: There is no 换 in font nullfont!
Missing character: There is no 算 in font nullfont!
Missing character: There is no 法 in font nullfont!
Missing character: There is no 迫 in font nullfont!
Missing character: There is no 在 in font nullfont!
Missing character: There is no 眉 in font nullfont!
Missing character: There is no 睫 in font nullfont!
Missing character: There is no [ in font nullfont!
\citation{R0794}
! Undefined control sequence.
<write> ...: Citation `\@citeb ' on page \thepage 
                                                  \space undefined\on@line .^^J
l.52 ...超密集网络场景的网络切换算法迫在眉睫\cite{R0794,R0795,R0796}
                                                  ；
The control sequence at the end of the top line
of your error message was never \def'ed. If you have
misspelled it (e.g., `\hobx'), type `I' and the correct
spelling (e.g., `I\hbox'). Otherwise just continue,
and I'll forget about whatever was undefined.


LaTeX Warning: Citation `R0794' on page  undefined on input line 52.

Missing character: There is no , in font nullfont!
\citation{R0795}
! Undefined control sequence.
<write> ...: Citation `\@citeb ' on page \thepage 
                                                  \space undefined\on@line .^^J
l.52 ...超密集网络场景的网络切换算法迫在眉睫\cite{R0794,R0795,R0796}
                                                  ；
The control sequence at the end of the top line
of your error message was never \def'ed. If you have
misspelled it (e.g., `\hobx'), type `I' and the correct
spelling (e.g., `I\hbox'). Otherwise just continue,
and I'll forget about whatever was undefined.


LaTeX Warning: Citation `R0795' on page  undefined on input line 52.

Missing character: There is no , in font nullfont!
\citation{R0796}
! Undefined control sequence.
<write> ...: Citation `\@citeb ' on page \thepage 
                                                  \space undefined\on@line .^^J
l.52 ...超密集网络场景的网络切换算法迫在眉睫\cite{R0794,R0795,R0796}
                                                  ；
The control sequence at the end of the top line
of your error message was never \def'ed. If you have
misspelled it (e.g., `\hobx'), type `I' and the correct
spelling (e.g., `I\hbox'). Otherwise just continue,
and I'll forget about whatever was undefined.


LaTeX Warning: Citation `R0796' on page  undefined on input line 52.

Missing character: There is no ] in font nullfont!
Missing character: There is no ； in font nullfont!

Overfull \hbox (25.43pt too wide) in paragraph at lines 52--53
[][]
 []


Overfull \hbox (5.43pt too wide) in paragraph at lines 52--53
[]
 []


Overfull \hbox (5.43pt too wide) in paragraph at lines 52--53
[] 
 []


! LaTeX Error: Missing \begin{document}.

See the LaTeX manual or LaTeX Companion for explanation.
Type  H <return>  for immediate help.
 ...                                              
                                                  
l.54 (
      3)对于异构网络的用户级联(user association, UA)问题，即如何将一对用户级联到不同的可用中继/基站。通常，UA不仅会影响...

You're in trouble here.  Try typing  <return>  to proceed.
If that doesn't work, type  X <return>  to quit.

Missing character: There is no ( in font nullfont!
Missing character: There is no 3 in font nullfont!
Missing character: There is no ) in font nullfont!
Missing character: There is no 对 in font nullfont!
Missing character: There is no 于 in font nullfont!
Missing character: There is no 异 in font nullfont!
Missing character: There is no 构 in font nullfont!
Missing character: There is no 网 in font nullfont!
Missing character: There is no 络 in font nullfont!
Missing character: There is no 的 in font nullfont!
Missing character: There is no 用 in font nullfont!
Missing character: There is no 户 in font nullfont!
Missing character: There is no 级 in font nullfont!
Missing character: There is no 联 in font nullfont!
Missing character: There is no ( in font nullfont!
Missing character: There is no u in font nullfont!
Missing character: There is no s in font nullfont!
Missing character: There is no e in font nullfont!
Missing character: There is no r in font nullfont!
Missing character: There is no a in font nullfont!
Missing character: There is no s in font nullfont!
Missing character: There is no s in font nullfont!
Missing character: There is no o in font nullfont!
Missing character: There is no c in font nullfont!
Missing character: There is no i in font nullfont!
Missing character: There is no a in font nullfont!
Missing character: There is no t in font nullfont!
Missing character: There is no i in font nullfont!
Missing character: There is no o in font nullfont!
Missing character: There is no n in font nullfont!
Missing character: There is no , in font nullfont!
Missing character: There is no U in font nullfont!
Missing character: There is no A in font nullfont!
Missing character: There is no ) in font nullfont!
Missing character: There is no 问 in font nullfont!
Missing character: There is no 题 in font nullfont!
Missing character: There is no ， in font nullfont!
Missing character: There is no 即 in font nullfont!
Missing character: There is no 如 in font nullfont!
Missing character: There is no 何 in font nullfont!
Missing character: There is no 将 in font nullfont!
Missing character: There is no 一 in font nullfont!
Missing character: There is no 对 in font nullfont!
Missing character: There is no 用 in font nullfont!
Missing character: There is no 户 in font nullfont!
Missing character: There is no 级 in font nullfont!
Missing character: There is no 联 in font nullfont!
Missing character: There is no 到 in font nullfont!
Missing character: There is no 不 in font nullfont!
Missing character: There is no 同 in font nullfont!
Missing character: There is no 的 in font nullfont!
Missing character: There is no 可 in font nullfont!
Missing character: There is no 用 in font nullfont!
Missing character: There is no 中 in font nullfont!
Missing character: There is no 继 in font nullfont!
Missing character: There is no / in font nullfont!
Missing character: There is no 基 in font nullfont!
Missing character: There is no 站 in font nullfont!
Missing character: There is no 。 in font nullfont!
Missing character: There is no 通 in font nullfont!
Missing character: There is no 常 in font nullfont!
Missing character: There is no ， in font nullfont!
Missing character: There is no U in font nullfont!
Missing character: There is no A in font nullfont!
Missing character: There is no 不 in font nullfont!
Missing character: There is no 仅 in font nullfont!
Missing character: There is no 会 in font nullfont!
Missing character: There is no 影 in font nullfont!
Missing character: There is no 响 in font nullfont!
Missing character: There is no 当 in font nullfont!
Missing character: There is no 前 in font nullfont!
Missing character: There is no 用 in font nullfont!
Missing character: There is no 户 in font nullfont!
Missing character: There is no 的 in font nullfont!
Missing character: There is no 物 in font nullfont!
Missing character: There is no 理 in font nullfont!
Missing character: There is no 资 in font nullfont!
Missing character: There is no 源 in font nullfont!
Missing character: There is no 块 in font nullfont!
Missing character: There is no ， in font nullfont!
Missing character: There is no 还 in font nullfont!
Missing character: There is no 会 in font nullfont!
Missing character: There is no 影 in font nullfont!
Missing character: There is no 响 in font nullfont!
Missing character: There is no 其 in font nullfont!
Missing character: There is no 他 in font nullfont!
Missing character: There is no 用 in font nullfont!
Missing character: There is no 户 in font nullfont!
Missing character: There is no 对 in font nullfont!
Missing character: There is no 整 in font nullfont!
Missing character: There is no 个 in font nullfont!
Missing character: There is no 资 in font nullfont!
Missing character: There is no 源 in font nullfont!
Missing character: There is no 块 in font nullfont!
Missing character: There is no 的 in font nullfont!
Missing character: There is no 使 in font nullfont!
Missing character: There is no 用 in font nullfont!
Missing character: There is no 情 in font nullfont!
Missing character: There is no 况 in font nullfont!
Missing character: There is no ， in font nullfont!
Missing character: There is no 进 in font nullfont!
Missing character: There is no 而 in font nullfont!
Missing character: There is no 影 in font nullfont!
Missing character: There is no 响 in font nullfont!
Missing character: There is no 到 in font nullfont!
Missing character: There is no 整 in font nullfont!
Missing character: There is no 个 in font nullfont!
Missing character: There is no 系 in font nullfont!
Missing character: There is no 统 in font nullfont!
Missing character: There is no 资 in font nullfont!
Missing character: There is no 源 in font nullfont!
Missing character: There is no 的 in font nullfont!
Missing character: There is no 有 in font nullfont!
Missing character: There is no 效 in font nullfont!
Missing character: There is no 、 in font nullfont!
Missing character: There is no 合 in font nullfont!
Missing character: There is no 理 in font nullfont!
Missing character: There is no 配 in font nullfont!
Missing character: There is no 置 in font nullfont!
! Undefined control sequence.
\@footnotetext ...tins {\reset@font \footnotesize 
                                                  \interlinepenalty \interfo...
l.54 ...footnote{因为一旦部分中继/基站关闭，用户对必须重新级联到新的中继/基站。}
                                                  。在传统的蜂窝网络中，UA一般是基于信号的接收强度准...
The control sequence at the end of the top line
of your error message was never \def'ed. If you have
misspelled it (e.g., `\hobx'), type `I' and the correct
spelling (e.g., `I\hbox'). Otherwise just continue,
and I'll forget about whatever was undefined.

! Undefined control sequence.
\@footnotetext ...}\color@begingroup \@makefntext 
                                                  {\rule \z@ \footnotesep \i...
l.54 ...footnote{因为一旦部分中继/基站关闭，用户对必须重新级联到新的中继/基站。}
                                                  。在传统的蜂窝网络中，UA一般是基于信号的接收强度准...
The control sequence at the end of the top line
of your error message was never \def'ed. If you have
misspelled it (e.g., `\hobx'), type `I' and the correct
spelling (e.g., `I\hbox'). Otherwise just continue,
and I'll forget about whatever was undefined.

Missing character: There is no 因 in font [lmroman10-regular]:mapping=tex-text;!
Missing character: There is no 为 in font [lmroman10-regular]:mapping=tex-text;!
Missing character: There is no 一 in font [lmroman10-regular]:mapping=tex-text;!
Missing character: There is no 旦 in font [lmroman10-regular]:mapping=tex-text;!
Missing character: There is no 部 in font [lmroman10-regular]:mapping=tex-text;!
Missing character: There is no 分 in font [lmroman10-regular]:mapping=tex-text;!
Missing character: There is no 中 in font [lmroman10-regular]:mapping=tex-text;!
Missing character: There is no 继 in font [lmroman10-regular]:mapping=tex-text;!
Missing character: There is no 基 in font [lmroman10-regular]:mapping=tex-text;!
Missing character: There is no 站 in font [lmroman10-regular]:mapping=tex-text;!
Missing character: There is no 关 in font [lmroman10-regular]:mapping=tex-text;!
Missing character: There is no 闭 in font [lmroman10-regular]:mapping=tex-text;!
Missing character: There is no ， in font [lmroman10-regular]:mapping=tex-text;!
Missing character: There is no 用 in font [lmroman10-regular]:mapping=tex-text;!
Missing character: There is no 户 in font [lmroman10-regular]:mapping=tex-text;!
Missing character: There is no 对 in font [lmroman10-regular]:mapping=tex-text;!
Missing character: There is no 必 in font [lmroman10-regular]:mapping=tex-text;!
Missing character: There is no 须 in font [lmroman10-regular]:mapping=tex-text;!
Missing character: There is no 重 in font [lmroman10-regular]:mapping=tex-text;!
Missing character: There is no 新 in font [lmroman10-regular]:mapping=tex-text;!
Missing character: There is no 级 in font [lmroman10-regular]:mapping=tex-text;!
Missing character: There is no 联 in font [lmroman10-regular]:mapping=tex-text;!
Missing character: There is no 到 in font [lmroman10-regular]:mapping=tex-text;!
Missing character: There is no 新 in font [lmroman10-regular]:mapping=tex-text;!
Missing character: There is no 的 in font [lmroman10-regular]:mapping=tex-text;!
Missing character: There is no 中 in font [lmroman10-regular]:mapping=tex-text;!
Missing character: There is no 继 in font [lmroman10-regular]:mapping=tex-text;!
Missing character: There is no 基 in font [lmroman10-regular]:mapping=tex-text;!
Missing character: There is no 站 in font [lmroman10-regular]:mapping=tex-text;!
Missing character: There is no 。 in font [lmroman10-regular]:mapping=tex-text;!

Overfull \hbox (94.0pt too wide) in paragraph at lines 54--54
[][]\TU/lmr/m/n/10 因为一旦部分中继/基站关闭，用户对必须重新级联到新的中继/基站。| 
 []

Missing character: There is no 。 in font nullfont!
Missing character: There is no 在 in font nullfont!
Missing character: There is no 传 in font nullfont!
Missing character: There is no 统 in font nullfont!
Missing character: There is no 的 in font nullfont!
Missing character: There is no 蜂 in font nullfont!
Missing character: There is no 窝 in font nullfont!
Missing character: There is no 网 in font nullfont!
Missing character: There is no 络 in font nullfont!
Missing character: There is no 中 in font nullfont!
Missing character: There is no ， in font nullfont!
Missing character: There is no U in font nullfont!
Missing character: There is no A in font nullfont!
Missing character: There is no 一 in font nullfont!
Missing character: There is no 般 in font nullfont!
Missing character: There is no 是 in font nullfont!
Missing character: There is no 基 in font nullfont!
Missing character: There is no 于 in font nullfont!
Missing character: There is no 信 in font nullfont!
Missing character: There is no 号 in font nullfont!
Missing character: There is no 的 in font nullfont!
Missing character: There is no 接 in font nullfont!
Missing character: There is no 收 in font nullfont!
Missing character: There is no 强 in font nullfont!
Missing character: There is no 度 in font nullfont!
Missing character: There is no 准 in font nullfont!
Missing character: There is no 则 in font nullfont!
Missing character: There is no 和 in font nullfont!
Missing character: There is no 基 in font nullfont!
Missing character: There is no 于 in font nullfont!
Missing character: There is no 信 in font nullfont!
Missing character: There is no 干 in font nullfont!
Missing character: There is no 比 in font nullfont!
Missing character: There is no ( in font nullfont!
Missing character: There is no s in font nullfont!
Missing character: There is no i in font nullfont!
Missing character: There is no g in font nullfont!
Missing character: There is no n in font nullfont!
Missing character: There is no a in font nullfont!
Missing character: There is no l in font nullfont!
Missing character: There is no - in font nullfont!
Missing character: There is no t in font nullfont!
Missing character: There is no o in font nullfont!
Missing character: There is no - in font nullfont!
Missing character: There is no i in font nullfont!
Missing character: There is no n in font nullfont!
Missing character: There is no t in font nullfont!
Missing character: There is no e in font nullfont!
Missing character: There is no r in font nullfont!
Missing character: There is no f in font nullfont!
Missing character: There is no e in font nullfont!
Missing character: There is no r in font nullfont!
Missing character: There is no e in font nullfont!
Missing character: There is no n in font nullfont!
Missing character: There is no c in font nullfont!
Missing character: There is no e in font nullfont!
Missing character: There is no - in font nullfont!
Missing character: There is no n in font nullfont!
Missing character: There is no o in font nullfont!
Missing character: There is no i in font nullfont!
Missing character: There is no s in font nullfont!
Missing character: There is no e in font nullfont!
Missing character: There is no r in font nullfont!
Missing character: There is no a in font nullfont!
Missing character: There is no t in font nullfont!
Missing character: There is no i in font nullfont!
Missing character: There is no o in font nullfont!
Missing character: There is no , in font nullfont!
Missing character: There is no S in font nullfont!
Missing character: There is no I in font nullfont!
Missing character: There is no N in font nullfont!
Missing character: There is no R in font nullfont!
Missing character: There is no ) in font nullfont!
Missing character: There is no 的 in font nullfont!
Missing character: There is no 级 in font nullfont!
Missing character: There is no 联 in font nullfont!
Missing character: There is no 规 in font nullfont!
Missing character: There is no 则 in font nullfont!
Missing character: There is no [ in font nullfont!
\citation{R0797}
! Undefined control sequence.
<write> ...: Citation `\@citeb ' on page \thepage 
                                                  \space undefined\on@line .^^J
l.54 ...noise ratio, SINR)的级联规则\cite{R0797,R07971}
                                                  。然而，这两种传统的方法对于未来的超密集组网方式可能...
The control sequence at the end of the top line
of your error message was never \def'ed. If you have
misspelled it (e.g., `\hobx'), type `I' and the correct
spelling (e.g., `I\hbox'). Otherwise just continue,
and I'll forget about whatever was undefined.


LaTeX Warning: Citation `R0797' on page  undefined on input line 54.

Missing character: There is no , in font nullfont!
\citation{R07971}
! Undefined control sequence.
<write> ...: Citation `\@citeb ' on page \thepage 
                                                  \space undefined\on@line .^^J
l.54 ...noise ratio, SINR)的级联规则\cite{R0797,R07971}
                                                  。然而，这两种传统的方法对于未来的超密集组网方式可能...
The control sequence at the end of the top line
of your error message was never \def'ed. If you have
misspelled it (e.g., `\hobx'), type `I' and the correct
spelling (e.g., `I\hbox'). Otherwise just continue,
and I'll forget about whatever was undefined.


LaTeX Warning: Citation `R07971' on page  undefined on input line 54.

Missing character: There is no ] in font nullfont!
Missing character: There is no 。 in font nullfont!
Missing character: There is no 然 in font nullfont!
Missing character: There is no 而 in font nullfont!
Missing character: There is no ， in font nullfont!
Missing character: There is no 这 in font nullfont!
Missing character: There is no 两 in font nullfont!
Missing character: There is no 种 in font nullfont!
Missing character: There is no 传 in font nullfont!
Missing character: There is no 统 in font nullfont!
Missing character: There is no 的 in font nullfont!
Missing character: There is no 方 in font nullfont!
Missing character: There is no 法 in font nullfont!
Missing character: There is no 对 in font nullfont!
Missing character: There is no 于 in font nullfont!
Missing character: There is no 未 in font nullfont!
Missing character: There is no 来 in font nullfont!
Missing character: There is no 的 in font nullfont!
Missing character: There is no 超 in font nullfont!
Missing character: There is no 密 in font nullfont!
Missing character: There is no 集 in font nullfont!
Missing character: There is no 组 in font nullfont!
Missing character: There is no 网 in font nullfont!
Missing character: There is no 方 in font nullfont!
Missing character: There is no 式 in font nullfont!
Missing character: There is no 可 in font nullfont!
Missing character: There is no 能 in font nullfont!
Missing character: There is no 会 in font nullfont!
Missing character: There is no 导 in font nullfont!
Missing character: There is no 致 in font nullfont!
Missing character: There is no 严 in font nullfont!
Missing character: There is no 重 in font nullfont!
Missing character: There is no 的 in font nullfont!
Missing character: There is no 负 in font nullfont!
Missing character: There is no 载 in font nullfont!
Missing character: There is no 不 in font nullfont!
Missing character: There is no 平 in font nullfont!
Missing character: There is no 衡 in font nullfont!
Missing character: There is no 问 in font nullfont!
Missing character: There is no 题 in font nullfont!
Missing character: There is no ， in font nullfont!
Missing character: There is no 这 in font nullfont!
Missing character: There is no 并 in font nullfont!
Missing character: There is no 不 in font nullfont!
Missing character: There is no 能 in font nullfont!
Missing character: There is no 实 in font nullfont!
Missing character: There is no 现 in font nullfont!
Missing character: There is no 未 in font nullfont!
Missing character: There is no 来 in font nullfont!
Missing character: There is no 超 in font nullfont!
Missing character: There is no 密 in font nullfont!
Missing character: There is no 集 in font nullfont!
Missing character: There is no 网 in font nullfont!
Missing character: There is no 络 in font nullfont!
Missing character: There is no 的 in font nullfont!
Missing character: There is no 最 in font nullfont!
Missing character: There is no 优 in font nullfont!
Missing character: There is no 性 in font nullfont!
Missing character: There is no 能 in font nullfont!
Missing character: There is no ， in font nullfont!
Missing character: There is no 甚 in font nullfont!
Missing character: There is no 至 in font nullfont!
Missing character: There is no 将 in font nullfont!
Missing character: There is no 严 in font nullfont!
Missing character: There is no 重 in font nullfont!
Missing character: There is no 地 in font nullfont!
Missing character: There is no 降 in font nullfont!
Missing character: There is no 低 in font nullfont!
Missing character: There is no 系 in font nullfont!
Missing character: There is no 统 in font nullfont!
Missing character: There is no 性 in font nullfont!
Missing character: There is no 能 in font nullfont!
Missing character: There is no [ in font nullfont!
\citation{R0798}
! Undefined control sequence.
<write> ...: Citation `\@citeb ' on page \thepage 
                                                  \space undefined\on@line .^^J
l.54 ...来超密集网络的最优性能，甚至将严重地降低系统性能\cite{R0798,R0799}
                                                  。
The control sequence at the end of the top line
of your error message was never \def'ed. If you have
misspelled it (e.g., `\hobx'), type `I' and the correct
spelling (e.g., `I\hbox'). Otherwise just continue,
and I'll forget about whatever was undefined.


LaTeX Warning: Citation `R0798' on page  undefined on input line 54.

Missing character: There is no , in font nullfont!
\citation{R0799}
! Undefined control sequence.
<write> ...: Citation `\@citeb ' on page \thepage 
                                                  \space undefined\on@line .^^J
l.54 ...来超密集网络的最优性能，甚至将严重地降低系统性能\cite{R0798,R0799}
                                                  。
The control sequence at the end of the top line
of your error message was never \def'ed. If you have
misspelled it (e.g., `\hobx'), type `I' and the correct
spelling (e.g., `I\hbox'). Otherwise just continue,
and I'll forget about whatever was undefined.


LaTeX Warning: Citation `R0799' on page  undefined on input line 54.

Missing character: There is no ] in font nullfont!
Missing character: There is no 。 in font nullfont!

Overfull \hbox (20.0pt too wide) in paragraph at lines 54--55
[]
 []


Overfull \hbox (4.483pt too wide) in paragraph at lines 54--55
[]
 []


Overfull \hbox (5.43pt too wide) in paragraph at lines 54--55
[]
 []


Overfull \hbox (10.85999pt too wide) in paragraph at lines 54--55
[][]
 []


Overfull \hbox (5.43pt too wide) in paragraph at lines 54--55
[] 
 []


! LaTeX Error: Environment figure undefined.

See the LaTeX manual or LaTeX Companion for explanation.
Type  H <return>  for immediate help.
 ...                                              
                                                  
l.63 \begin{figure}
                   [h]
Your command was ignored.
Type  I <command> <return>  to replace it with another command,
or  <return>  to continue without it.


! LaTeX Error: Missing \begin{document}.

See the LaTeX manual or LaTeX Companion for explanation.
Type  H <return>  for immediate help.
 ...                                              
                                                  
l.63 \begin{figure}[
                    h]
You're in trouble here.  Try typing  <return>  to proceed.
If that doesn't work, type  X <return>  to quit.

Missing character: There is no [ in font nullfont!
Missing character: There is no h in font nullfont!
Missing character: There is no ] in font nullfont!
! Undefined control sequence.
l.65 ^^I\includegraphics
                        [width=0.5\textwidth]{figures/c1fig8.jpg}
The control sequence at the end of the top line
of your error message was never \def'ed. If you have
misspelled it (e.g., `\hobx'), type `I' and the correct
spelling (e.g., `I\hbox'). Otherwise just continue,
and I'll forget about whatever was undefined.

Missing character: There is no [ in font nullfont!
Missing character: There is no w in font nullfont!
Missing character: There is no i in font nullfont!
Missing character: There is no d in font nullfont!
Missing character: There is no t in font nullfont!
Missing character: There is no h in font nullfont!
Missing character: There is no = in font nullfont!
Missing character: There is no 0 in font nullfont!
Missing character: There is no . in font nullfont!
Missing character: There is no 5 in font nullfont!
! Missing number, treated as zero.
<to be read again> 
                   ]
l.65 ^^I\includegraphics[width=0.5\textwidth]
                                             {figures/c1fig8.jpg}
A number should have been here; I inserted `0'.
(If you can't figure out why I needed to see a number,
look up `weird error' in the index to The TeXbook.)

! Illegal unit of measure (pt inserted).
<to be read again> 
                   ]
l.65 ^^I\includegraphics[width=0.5\textwidth]
                                             {figures/c1fig8.jpg}
Dimensions can be in units of em, ex, in, pt, pc,
cm, mm, dd, cc, bp, or sp; but yours is a new one!
I'll assume that you meant to say pt, for printer's points.
To recover gracefully from this error, it's best to
delete the erroneous units; e.g., type `2' to delete
two letters. (See Chapter 27 of The TeXbook.)

Missing character: There is no ] in font nullfont!
Missing character: There is no f in font nullfont!
Missing character: There is no i in font nullfont!
Missing character: There is no g in font nullfont!
Missing character: There is no u in font nullfont!
Missing character: There is no r in font nullfont!
Missing character: There is no e in font nullfont!
Missing character: There is no s in font nullfont!
Missing character: There is no / in font nullfont!
Missing character: There is no c in font nullfont!
Missing character: There is no 1 in font nullfont!
Missing character: There is no f in font nullfont!
Missing character: There is no i in font nullfont!
Missing character: There is no g in font nullfont!
Missing character: There is no 8 in font nullfont!
Missing character: There is no . in font nullfont!
Missing character: There is no j in font nullfont!
Missing character: There is no p in font nullfont!
Missing character: There is no g in font nullfont!

! LaTeX Error: \caption outside float.

See the LaTeX manual or LaTeX Companion for explanation.
Type  H <return>  for immediate help.
 ...                                              
                                                  
l.66 ^^I\caption
                {传统蜂窝网络架构模型}
You're in trouble here.  Try typing  <return>  to proceed.
If that doesn't work, type  X <return>  to quit.

Missing character: There is no 传 in font nullfont!
Missing character: There is no 统 in font nullfont!
Missing character: There is no 蜂 in font nullfont!
Missing character: There is no 窝 in font nullfont!
Missing character: There is no 网 in font nullfont!
Missing character: There is no 络 in font nullfont!
Missing character: There is no 架 in font nullfont!
Missing character: There is no 构 in font nullfont!
Missing character: There is no 模 in font nullfont!
Missing character: There is no 型 in font nullfont!

! LaTeX Error: \begin{document} ended by \end{figure}.

See the LaTeX manual or LaTeX Companion for explanation.
Type  H <return>  for immediate help.
 ...                                              
                                                  
l.68 \end{figure}
                 
Your command was ignored.
Type  I <command> <return>  to replace it with another command,
or  <return>  to continue without it.


Overfull \hbox (20.0pt too wide) in paragraph at lines 63--69
[]
 []


! LaTeX Error: Missing \begin{document}.

See the LaTeX manual or LaTeX Companion for explanation.
Type  H <return>  for immediate help.
 ...                                              
                                                  
l.71 为
      了有效地解决上述问题，近年来，无蜂窝大规模MIMO技术应运而生，其联合了分布式天线技术和大规模MIMO技术的优势，彻底颠覆了传统“以蜂窝小区...

You're in trouble here.  Try typing  <return>  to proceed.
If that doesn't work, type  X <return>  to quit.

Missing character: There is no 为 in font nullfont!
Missing character: There is no 了 in font nullfont!
Missing character: There is no 有 in font nullfont!
Missing character: There is no 效 in font nullfont!
Missing character: There is no 地 in font nullfont!
Missing character: There is no 解 in font nullfont!
Missing character: There is no 决 in font nullfont!
Missing character: There is no 上 in font nullfont!
Missing character: There is no 述 in font nullfont!
Missing character: There is no 问 in font nullfont!
Missing character: There is no 题 in font nullfont!
Missing character: There is no ， in font nullfont!
Missing character: There is no 近 in font nullfont!
Missing character: There is no 年 in font nullfont!
Missing character: There is no 来 in font nullfont!
Missing character: There is no ， in font nullfont!
Missing character: There is no 无 in font nullfont!
Missing character: There is no 蜂 in font nullfont!
Missing character: There is no 窝 in font nullfont!
Missing character: There is no 大 in font nullfont!
Missing character: There is no 规 in font nullfont!
Missing character: There is no 模 in font nullfont!
Missing character: There is no M in font nullfont!
Missing character: There is no I in font nullfont!
Missing character: There is no M in font nullfont!
Missing character: There is no O in font nullfont!
Missing character: There is no 技 in font nullfont!
Missing character: There is no 术 in font nullfont!
Missing character: There is no 应 in font nullfont!
Missing character: There is no 运 in font nullfont!
Missing character: There is no 而 in font nullfont!
Missing character: There is no 生 in font nullfont!
Missing character: There is no ， in font nullfont!
Missing character: There is no 其 in font nullfont!
Missing character: There is no 联 in font nullfont!
Missing character: There is no 合 in font nullfont!
Missing character: There is no 了 in font nullfont!
Missing character: There is no 分 in font nullfont!
Missing character: There is no 布 in font nullfont!
Missing character: There is no 式 in font nullfont!
Missing character: There is no 天 in font nullfont!
Missing character: There is no 线 in font nullfont!
Missing character: There is no 技 in font nullfont!
Missing character: There is no 术 in font nullfont!
Missing character: There is no 和 in font nullfont!
Missing character: There is no 大 in font nullfont!
Missing character: There is no 规 in font nullfont!
Missing character: There is no 模 in font nullfont!
Missing character: There is no M in font nullfont!
Missing character: There is no I in font nullfont!
Missing character: There is no M in font nullfont!
Missing character: There is no O in font nullfont!
Missing character: There is no 技 in font nullfont!
Missing character: There is no 术 in font nullfont!
Missing character: There is no 的 in font nullfont!
Missing character: There is no 优 in font nullfont!
Missing character: There is no 势 in font nullfont!
Missing character: There is no ， in font nullfont!
Missing character: There is no 彻 in font nullfont!
Missing character: There is no 底 in font nullfont!
Missing character: There is no 颠 in font nullfont!
Missing character: There is no 覆 in font nullfont!
Missing character: There is no 了 in font nullfont!
Missing character: There is no 传 in font nullfont!
Missing character: There is no 统 in font nullfont!
Missing character: There is no “ in font nullfont!
Missing character: There is no 以 in font nullfont!
Missing character: There is no 蜂 in font nullfont!
Missing character: There is no 窝 in font nullfont!
Missing character: There is no 小 in font nullfont!
Missing character: There is no 区 in font nullfont!
Missing character: There is no 为 in font nullfont!
Missing character: There is no 中 in font nullfont!
Missing character: There is no 心 in font nullfont!
Missing character: There is no ” in font nullfont!
Missing character: There is no 的 in font nullfont!
Missing character: There is no 小 in font nullfont!
Missing character: There is no 区 in font nullfont!
Missing character: There is no 分 in font nullfont!
Missing character: There is no 割 in font nullfont!
Missing character: There is no 思 in font nullfont!
Missing character: There is no 想 in font nullfont!
Missing character: There is no ， in font nullfont!
Missing character: There is no 而 in font nullfont!
Missing character: There is no 采 in font nullfont!
Missing character: There is no 用 in font nullfont!
Missing character: There is no 了 in font nullfont!
Missing character: There is no “ in font nullfont!
Missing character: There is no 以 in font nullfont!
Missing character: There is no 用 in font nullfont!
Missing character: There is no 户 in font nullfont!
Missing character: There is no 为 in font nullfont!
Missing character: There is no 中 in font nullfont!
Missing character: There is no 心 in font nullfont!
Missing character: There is no ” in font nullfont!
Missing character: There is no 的 in font nullfont!
Missing character: There is no 服 in font nullfont!
Missing character: There is no 务 in font nullfont!
Missing character: There is no 方 in font nullfont!
Missing character: There is no 式 in font nullfont!
Missing character: There is no 。 in font nullfont!
Missing character: There is no 该 in font nullfont!
Missing character: There is no 系 in font nullfont!
Missing character: There is no 统 in font nullfont!
Missing character: There is no 采 in font nullfont!
Missing character: There is no 用 in font nullfont!
Missing character: There is no 多 in font nullfont!
Missing character: There is no 点 in font nullfont!
Missing character: There is no 协 in font nullfont!
Missing character: There is no 作 in font nullfont!
Missing character: There is no 、 in font nullfont!
Missing character: There is no 信 in font nullfont!
Missing character: There is no 息 in font nullfont!
Missing character: There is no 联 in font nullfont!
Missing character: There is no 合 in font nullfont!
Missing character: There is no 处 in font nullfont!
Missing character: There is no 理 in font nullfont!
Missing character: There is no 的 in font nullfont!
Missing character: There is no 方 in font nullfont!
Missing character: There is no 式 in font nullfont!
Missing character: There is no ， in font nullfont!
Missing character: There is no 可 in font nullfont!
Missing character: There is no 以 in font nullfont!
Missing character: There is no 实 in font nullfont!
Missing character: There is no 现 in font nullfont!
Missing character: There is no 区 in font nullfont!
Missing character: There is no 域 in font nullfont!
Missing character: There is no 的 in font nullfont!
Missing character: There is no 均 in font nullfont!
Missing character: There is no 匀 in font nullfont!
Missing character: There is no 覆 in font nullfont!
Missing character: There is no 盖 in font nullfont!
Missing character: There is no 进 in font nullfont!
Missing character: There is no 而 in font nullfont!
Missing character: There is no 可 in font nullfont!
Missing character: There is no 以 in font nullfont!
Missing character: There is no 有 in font nullfont!
Missing character: There is no 效 in font nullfont!
Missing character: There is no 地 in font nullfont!
Missing character: There is no 降 in font nullfont!
Missing character: There is no 低 in font nullfont!
Missing character: There is no 系 in font nullfont!
Missing character: There is no 统 in font nullfont!
Missing character: There is no 的 in font nullfont!
Missing character: There is no 开 in font nullfont!
Missing character: There is no 销 in font nullfont!
Missing character: There is no [ in font nullfont!
\citation{R14}
! Undefined control sequence.
<write> ...: Citation `\@citeb ' on page \thepage 
                                                  \space undefined\on@line .^^J
l.71 ...以实现区域的均匀覆盖进而可以有效地降低系统的开销\cite{R14,R15,R16}
                                                  。其通过在较大区域分散地部署多个APs然后使用回程链...
The control sequence at the end of the top line
of your error message was never \def'ed. If you have
misspelled it (e.g., `\hobx'), type `I' and the correct
spelling (e.g., `I\hbox'). Otherwise just continue,
and I'll forget about whatever was undefined.


LaTeX Warning: Citation `R14' on page  undefined on input line 71.

Missing character: There is no , in font nullfont!
\citation{R15}
! Undefined control sequence.
<write> ...: Citation `\@citeb ' on page \thepage 
                                                  \space undefined\on@line .^^J
l.71 ...以实现区域的均匀覆盖进而可以有效地降低系统的开销\cite{R14,R15,R16}
                                                  。其通过在较大区域分散地部署多个APs然后使用回程链...
The control sequence at the end of the top line
of your error message was never \def'ed. If you have
misspelled it (e.g., `\hobx'), type `I' and the correct
spelling (e.g., `I\hbox'). Otherwise just continue,
and I'll forget about whatever was undefined.


LaTeX Warning: Citation `R15' on page  undefined on input line 71.

Missing character: There is no , in font nullfont!
\citation{R16}
! Undefined control sequence.
<write> ...: Citation `\@citeb ' on page \thepage 
                                                  \space undefined\on@line .^^J
l.71 ...以实现区域的均匀覆盖进而可以有效地降低系统的开销\cite{R14,R15,R16}
                                                  。其通过在较大区域分散地部署多个APs然后使用回程链...
The control sequence at the end of the top line
of your error message was never \def'ed. If you have
misspelled it (e.g., `\hobx'), type `I' and the correct
spelling (e.g., `I\hbox'). Otherwise just continue,
and I'll forget about whatever was undefined.


LaTeX Warning: Citation `R16' on page  undefined on input line 71.

Missing character: There is no ] in font nullfont!
Missing character: There is no 。 in font nullfont!
Missing character: There is no 其 in font nullfont!
Missing character: There is no 通 in font nullfont!
Missing character: There is no 过 in font nullfont!
Missing character: There is no 在 in font nullfont!
Missing character: There is no 较 in font nullfont!
Missing character: There is no 大 in font nullfont!
Missing character: There is no 区 in font nullfont!
Missing character: There is no 域 in font nullfont!
Missing character: There is no 分 in font nullfont!
Missing character: There is no 散 in font nullfont!
Missing character: There is no 地 in font nullfont!
Missing character: There is no 部 in font nullfont!
Missing character: There is no 署 in font nullfont!
Missing character: There is no 多 in font nullfont!
Missing character: There is no 个 in font nullfont!
Missing character: There is no A in font nullfont!
Missing character: There is no P in font nullfont!
Missing character: There is no s in font nullfont!
Missing character: There is no 然 in font nullfont!
Missing character: There is no 后 in font nullfont!
Missing character: There is no 使 in font nullfont!
Missing character: There is no 用 in font nullfont!
Missing character: There is no 回 in font nullfont!
Missing character: There is no 程 in font nullfont!
Missing character: There is no 链 in font nullfont!
Missing character: There is no 路 in font nullfont!
Missing character: There is no 将 in font nullfont!
Missing character: There is no 分 in font nullfont!
Missing character: There is no 散 in font nullfont!
Missing character: There is no A in font nullfont!
Missing character: There is no P in font nullfont!
Missing character: There is no s in font nullfont!
Missing character: There is no 的 in font nullfont!
Missing character: There is no 数 in font nullfont!
Missing character: There is no 据 in font nullfont!
Missing character: There is no 传 in font nullfont!
Missing character: There is no 输 in font nullfont!
Missing character: There is no 到 in font nullfont!
Missing character: There is no 中 in font nullfont!
Missing character: There is no 央 in font nullfont!
Missing character: There is no 处 in font nullfont!
Missing character: There is no 理 in font nullfont!
Missing character: There is no 单 in font nullfont!
Missing character: There is no 元 in font nullfont!
Missing character: There is no ( in font nullfont!
Missing character: There is no c in font nullfont!
Missing character: There is no e in font nullfont!
Missing character: There is no n in font nullfont!
Missing character: There is no t in font nullfont!
Missing character: There is no r in font nullfont!
Missing character: There is no a in font nullfont!
Missing character: There is no l in font nullfont!
Missing character: There is no p in font nullfont!
Missing character: There is no r in font nullfont!
Missing character: There is no o in font nullfont!
Missing character: There is no c in font nullfont!
Missing character: There is no e in font nullfont!
Missing character: There is no s in font nullfont!
Missing character: There is no s in font nullfont!
Missing character: There is no i in font nullfont!
Missing character: There is no n in font nullfont!
Missing character: There is no g in font nullfont!
Missing character: There is no u in font nullfont!
Missing character: There is no n in font nullfont!
Missing character: There is no i in font nullfont!
Missing character: There is no t in font nullfont!
Missing character: There is no , in font nullfont!
Missing character: There is no C in font nullfont!
Missing character: There is no P in font nullfont!
Missing character: There is no U in font nullfont!
Missing character: There is no ) in font nullfont!
Missing character: There is no ， in font nullfont!
Missing character: There is no 并 in font nullfont!
Missing character: There is no 利 in font nullfont!
Missing character: There is no 用 in font nullfont!
Missing character: There is no 相 in font nullfont!
Missing character: There is no 同 in font nullfont!
Missing character: There is no 的 in font nullfont!
Missing character: There is no 时 in font nullfont!
Missing character: There is no 频 in font nullfont!
Missing character: There is no 资 in font nullfont!
Missing character: There is no 源 in font nullfont!
Missing character: There is no 为 in font nullfont!
Missing character: There is no 多 in font nullfont!
Missing character: There is no 个 in font nullfont!
Missing character: There is no 用 in font nullfont!
Missing character: There is no 户 in font nullfont!
Missing character: There is no 同 in font nullfont!
Missing character: There is no 时 in font nullfont!
Missing character: There is no 提 in font nullfont!
Missing character: There is no 供 in font nullfont!
Missing character: There is no 服 in font nullfont!
Missing character: There is no 务 in font nullfont!
Missing character: There is no 。 in font nullfont!
Missing character: There is no 由 in font nullfont!
Missing character: There is no 于 in font nullfont!
Missing character: There is no 其 in font nullfont!
Missing character: There is no 可 in font nullfont!
Missing character: There is no 以 in font nullfont!
Missing character: There is no 有 in font nullfont!
Missing character: There is no 效 in font nullfont!
Missing character: There is no 地 in font nullfont!
Missing character: There is no 缩 in font nullfont!
Missing character: There is no 短 in font nullfont!
Missing character: There is no A in font nullfont!
Missing character: There is no P in font nullfont!
Missing character: There is no s in font nullfont!
Missing character: There is no 与 in font nullfont!
Missing character: There is no 用 in font nullfont!
Missing character: There is no 户 in font nullfont!
Missing character: There is no 的 in font nullfont!
Missing character: There is no 平 in font nullfont!
Missing character: There is no 均 in font nullfont!
Missing character: There is no 距 in font nullfont!
Missing character: There is no 离 in font nullfont!
Missing character: There is no 、 in font nullfont!
Missing character: There is no 极 in font nullfont!
Missing character: There is no 大 in font nullfont!
Missing character: There is no 地 in font nullfont!
Missing character: There is no 降 in font nullfont!
Missing character: There is no 低 in font nullfont!
Missing character: There is no 路 in font nullfont!
Missing character: There is no 径 in font nullfont!
Missing character: There is no 损 in font nullfont!
Missing character: There is no 耗 in font nullfont!
Missing character: There is no ， in font nullfont!
Missing character: There is no 且 in font nullfont!
Missing character: There is no 不 in font nullfont!
Missing character: There is no 需 in font nullfont!
Missing character: There is no 要 in font nullfont!
Missing character: There is no A in font nullfont!
Missing character: There is no P in font nullfont!
Missing character: There is no 间 in font nullfont!
Missing character: There is no 协 in font nullfont!
Missing character: There is no 作 in font nullfont!
Missing character: There is no 所 in font nullfont!
Missing character: There is no 需 in font nullfont!
Missing character: There is no 要 in font nullfont!
Missing character: There is no 的 in font nullfont!
Missing character: There is no 额 in font nullfont!
Missing character: There is no 外 in font nullfont!
Missing character: There is no 导 in font nullfont!
Missing character: There is no 频 in font nullfont!
Missing character: There is no 资 in font nullfont!
Missing character: There is no 源 in font nullfont!
Missing character: There is no 和 in font nullfont!
Missing character: There is no 复 in font nullfont!
Missing character: There is no 杂 in font nullfont!
Missing character: There is no 的 in font nullfont!
Missing character: There is no 预 in font nullfont!
Missing character: There is no 编 in font nullfont!
Missing character: There is no 码 in font nullfont!
Missing character: There is no 设 in font nullfont!
Missing character: There is no 计 in font nullfont!
Missing character: There is no 与 in font nullfont!
Missing character: There is no 调 in font nullfont!
Missing character: There is no 度 in font nullfont!
Missing character: There is no 问 in font nullfont!
Missing character: There is no 题 in font nullfont!
Missing character: There is no ， in font nullfont!
Missing character: There is no 并 in font nullfont!
Missing character: There is no 可 in font nullfont!
Missing character: There is no 以 in font nullfont!
Missing character: There is no 通 in font nullfont!
Missing character: There is no 过 in font nullfont!
Missing character: There is no 有 in font nullfont!
Missing character: There is no 利 in font nullfont!
Missing character: There is no 的 in font nullfont!
Missing character: There is no 传 in font nullfont!
Missing character: There is no 播 in font nullfont!
Missing character: There is no 条 in font nullfont!
Missing character: There is no 件 in font nullfont!
Missing character: There is no 获 in font nullfont!
Missing character: There is no 得 in font nullfont!
Missing character: There is no 更 in font nullfont!
Missing character: There is no 多 in font nullfont!
Missing character: There is no 的 in font nullfont!
Missing character: There is no 宏 in font nullfont!
Missing character: There is no 分 in font nullfont!
Missing character: There is no 集 in font nullfont!
Missing character: There is no 增 in font nullfont!
Missing character: There is no 益 in font nullfont!
Missing character: There is no 、 in font nullfont!
Missing character: There is no 更 in font nullfont!
Missing character: There is no 高 in font nullfont!
Missing character: There is no 的 in font nullfont!
Missing character: There is no 覆 in font nullfont!
Missing character: There is no 盖 in font nullfont!
Missing character: There is no 概 in font nullfont!
Missing character: There is no 率 in font nullfont!
Missing character: There is no 、 in font nullfont!
Missing character: There is no 更 in font nullfont!
Missing character: There is no 大 in font nullfont!
Missing character: There is no 的 in font nullfont!
Missing character: There is no 空 in font nullfont!
Missing character: There is no 间 in font nullfont!
Missing character: There is no 复 in font nullfont!
Missing character: There is no 用 in font nullfont!
Missing character: There is no 等 in font nullfont!
Missing character: There is no 技 in font nullfont!
Missing character: There is no 术 in font nullfont!
Missing character: There is no 优 in font nullfont!
Missing character: There is no 势 in font nullfont!
Missing character: There is no 而 in font nullfont!
Missing character: There is no 受 in font nullfont!
Missing character: There is no 到 in font nullfont!
Missing character: There is no 了 in font nullfont!
Missing character: There is no 工 in font nullfont!
Missing character: There is no 业 in font nullfont!
Missing character: There is no 界 in font nullfont!
Missing character: There is no 和 in font nullfont!
Missing character: There is no 学 in font nullfont!
Missing character: There is no 术 in font nullfont!
Missing character: There is no 界 in font nullfont!
Missing character: There is no 的 in font nullfont!
Missing character: There is no 广 in font nullfont!
Missing character: There is no 泛 in font nullfont!
Missing character: There is no 关 in font nullfont!
Missing character: There is no 注 in font nullfont!
Missing character: There is no [ in font nullfont!
\citation{R161}
! Undefined control sequence.
<write> ...: Citation `\@citeb ' on page \thepage 
                                                  \space undefined\on@line .^^J
l.71 ...学术界的广泛关注\cite{R161,R162,R17,R18,R181,R182}
                                                  。根据其极大的性能优势，它已被视为未来移动通信系统的...
The control sequence at the end of the top line
of your error message was never \def'ed. If you have
misspelled it (e.g., `\hobx'), type `I' and the correct
spelling (e.g., `I\hbox'). Otherwise just continue,
and I'll forget about whatever was undefined.


LaTeX Warning: Citation `R161' on page  undefined on input line 71.

Missing character: There is no , in font nullfont!
\citation{R162}
! Undefined control sequence.
<write> ...: Citation `\@citeb ' on page \thepage 
                                                  \space undefined\on@line .^^J
l.71 ...学术界的广泛关注\cite{R161,R162,R17,R18,R181,R182}
                                                  。根据其极大的性能优势，它已被视为未来移动通信系统的...
The control sequence at the end of the top line
of your error message was never \def'ed. If you have
misspelled it (e.g., `\hobx'), type `I' and the correct
spelling (e.g., `I\hbox'). Otherwise just continue,
and I'll forget about whatever was undefined.


LaTeX Warning: Citation `R162' on page  undefined on input line 71.

Missing character: There is no , in font nullfont!
\citation{R17}
! Undefined control sequence.
<write> ...: Citation `\@citeb ' on page \thepage 
                                                  \space undefined\on@line .^^J
l.71 ...学术界的广泛关注\cite{R161,R162,R17,R18,R181,R182}
                                                  。根据其极大的性能优势，它已被视为未来移动通信系统的...
The control sequence at the end of the top line
of your error message was never \def'ed. If you have
misspelled it (e.g., `\hobx'), type `I' and the correct
spelling (e.g., `I\hbox'). Otherwise just continue,
and I'll forget about whatever was undefined.


LaTeX Warning: Citation `R17' on page  undefined on input line 71.

Missing character: There is no , in font nullfont!
\citation{R18}
! Undefined control sequence.
<write> ...: Citation `\@citeb ' on page \thepage 
                                                  \space undefined\on@line .^^J
l.71 ...学术界的广泛关注\cite{R161,R162,R17,R18,R181,R182}
                                                  。根据其极大的性能优势，它已被视为未来移动通信系统的...
The control sequence at the end of the top line
of your error message was never \def'ed. If you have
misspelled it (e.g., `\hobx'), type `I' and the correct
spelling (e.g., `I\hbox'). Otherwise just continue,
and I'll forget about whatever was undefined.


LaTeX Warning: Citation `R18' on page  undefined on input line 71.

Missing character: There is no , in font nullfont!
\citation{R181}
! Undefined control sequence.
<write> ...: Citation `\@citeb ' on page \thepage 
                                                  \space undefined\on@line .^^J
l.71 ...学术界的广泛关注\cite{R161,R162,R17,R18,R181,R182}
                                                  。根据其极大的性能优势，它已被视为未来移动通信系统的...
The control sequence at the end of the top line
of your error message was never \def'ed. If you have
misspelled it (e.g., `\hobx'), type `I' and the correct
spelling (e.g., `I\hbox'). Otherwise just continue,
and I'll forget about whatever was undefined.


LaTeX Warning: Citation `R181' on page  undefined on input line 71.

Missing character: There is no , in font nullfont!
\citation{R182}
! Undefined control sequence.
<write> ...: Citation `\@citeb ' on page \thepage 
                                                  \space undefined\on@line .^^J
l.71 ...学术界的广泛关注\cite{R161,R162,R17,R18,R181,R182}
                                                  。根据其极大的性能优势，它已被视为未来移动通信系统的...
The control sequence at the end of the top line
of your error message was never \def'ed. If you have
misspelled it (e.g., `\hobx'), type `I' and the correct
spelling (e.g., `I\hbox'). Otherwise just continue,
and I'll forget about whatever was undefined.


LaTeX Warning: Citation `R182' on page  undefined on input line 71.

Missing character: There is no ] in font nullfont!
Missing character: There is no 。 in font nullfont!
Missing character: There is no 根 in font nullfont!
Missing character: There is no 据 in font nullfont!
Missing character: There is no 其 in font nullfont!
Missing character: There is no 极 in font nullfont!
Missing character: There is no 大 in font nullfont!
Missing character: There is no 的 in font nullfont!
Missing character: There is no 性 in font nullfont!
Missing character: There is no 能 in font nullfont!
Missing character: There is no 优 in font nullfont!
Missing character: There is no 势 in font nullfont!
Missing character: There is no ， in font nullfont!
Missing character: There is no 它 in font nullfont!
Missing character: There is no 已 in font nullfont!
Missing character: There is no 被 in font nullfont!
Missing character: There is no 视 in font nullfont!
Missing character: There is no 为 in font nullfont!
Missing character: There is no 未 in font nullfont!
Missing character: There is no 来 in font nullfont!
Missing character: There is no 移 in font nullfont!
Missing character: There is no 动 in font nullfont!
Missing character: There is no 通 in font nullfont!
Missing character: There is no 信 in font nullfont!
Missing character: There is no 系 in font nullfont!
Missing character: There is no 统 in font nullfont!
Missing character: There is no 的 in font nullfont!
Missing character: There is no 中 in font nullfont!
Missing character: There is no 最 in font nullfont!
Missing character: There is no 具 in font nullfont!
Missing character: There is no 有 in font nullfont!
Missing character: There is no 颠 in font nullfont!
Missing character: There is no 覆 in font nullfont!
Missing character: There is no 性 in font nullfont!
Missing character: There is no 的 in font nullfont!
Missing character: There is no 关 in font nullfont!
Missing character: There is no 键 in font nullfont!
Missing character: There is no 技 in font nullfont!
Missing character: There is no 术 in font nullfont!
Missing character: There is no 之 in font nullfont!
Missing character: There is no 一 in font nullfont!
Missing character: There is no [ in font nullfont!
\citation{R19}
! Undefined control sequence.
<write> ...: Citation `\@citeb ' on page \thepage 
                                                  \space undefined\on@line .^^J
l.71 ...信系统的中最具有颠覆性的关键技术之一\cite{R19,R20,R201,R202}
                                                  。
The control sequence at the end of the top line
of your error message was never \def'ed. If you have
misspelled it (e.g., `\hobx'), type `I' and the correct
spelling (e.g., `I\hbox'). Otherwise just continue,
and I'll forget about whatever was undefined.


LaTeX Warning: Citation `R19' on page  undefined on input line 71.

Missing character: There is no , in font nullfont!
\citation{R20}
! Undefined control sequence.
<write> ...: Citation `\@citeb ' on page \thepage 
                                                  \space undefined\on@line .^^J
l.71 ...信系统的中最具有颠覆性的关键技术之一\cite{R19,R20,R201,R202}
                                                  。
The control sequence at the end of the top line
of your error message was never \def'ed. If you have
misspelled it (e.g., `\hobx'), type `I' and the correct
spelling (e.g., `I\hbox'). Otherwise just continue,
and I'll forget about whatever was undefined.


LaTeX Warning: Citation `R20' on page  undefined on input line 71.

Missing character: There is no , in font nullfont!
\citation{R201}
! Undefined control sequence.
<write> ...: Citation `\@citeb ' on page \thepage 
                                                  \space undefined\on@line .^^J
l.71 ...信系统的中最具有颠覆性的关键技术之一\cite{R19,R20,R201,R202}
                                                  。
The control sequence at the end of the top line
of your error message was never \def'ed. If you have
misspelled it (e.g., `\hobx'), type `I' and the correct
spelling (e.g., `I\hbox'). Otherwise just continue,
and I'll forget about whatever was undefined.


LaTeX Warning: Citation `R201' on page  undefined on input line 71.

Missing character: There is no , in font nullfont!
\citation{R202}
! Undefined control sequence.
<write> ...: Citation `\@citeb ' on page \thepage 
                                                  \space undefined\on@line .^^J
l.71 ...信系统的中最具有颠覆性的关键技术之一\cite{R19,R20,R201,R202}
                                                  。
The control sequence at the end of the top line
of your error message was never \def'ed. If you have
misspelled it (e.g., `\hobx'), type `I' and the correct
spelling (e.g., `I\hbox'). Otherwise just continue,
and I'll forget about whatever was undefined.


LaTeX Warning: Citation `R202' on page  undefined on input line 71.

Missing character: There is no ] in font nullfont!
Missing character: There is no 。 in font nullfont!

! LaTeX Error: Environment figure undefined.

See the LaTeX manual or LaTeX Companion for explanation.
Type  H <return>  for immediate help.
 ...                                              
                                                  
l.72 \begin{figure}
                   [h]
Your command was ignored.
Type  I <command> <return>  to replace it with another command,
or  <return>  to continue without it.

Missing character: There is no [ in font nullfont!
Missing character: There is no h in font nullfont!
Missing character: There is no ] in font nullfont!
! Undefined control sequence.
l.74 ^^I\includegraphics
                        [width=0.5\textwidth]{figures/c1fig9.jpg}
The control sequence at the end of the top line
of your error message was never \def'ed. If you have
misspelled it (e.g., `\hobx'), type `I' and the correct
spelling (e.g., `I\hbox'). Otherwise just continue,
and I'll forget about whatever was undefined.

Missing character: There is no [ in font nullfont!
Missing character: There is no w in font nullfont!
Missing character: There is no i in font nullfont!
Missing character: There is no d in font nullfont!
Missing character: There is no t in font nullfont!
Missing character: There is no h in font nullfont!
Missing character: There is no = in font nullfont!
Missing character: There is no 0 in font nullfont!
Missing character: There is no . in font nullfont!
Missing character: There is no 5 in font nullfont!
! Missing number, treated as zero.
<to be read again> 
                   ]
l.74 ^^I\includegraphics[width=0.5\textwidth]
                                             {figures/c1fig9.jpg}
A number should have been here; I inserted `0'.
(If you can't figure out why I needed to see a number,
look up `weird error' in the index to The TeXbook.)

! Illegal unit of measure (pt inserted).
<to be read again> 
                   ]
l.74 ^^I\includegraphics[width=0.5\textwidth]
                                             {figures/c1fig9.jpg}
Dimensions can be in units of em, ex, in, pt, pc,
cm, mm, dd, cc, bp, or sp; but yours is a new one!
I'll assume that you meant to say pt, for printer's points.
To recover gracefully from this error, it's best to
delete the erroneous units; e.g., type `2' to delete
two letters. (See Chapter 27 of The TeXbook.)

Missing character: There is no ] in font nullfont!
Missing character: There is no f in font nullfont!
Missing character: There is no i in font nullfont!
Missing character: There is no g in font nullfont!
Missing character: There is no u in font nullfont!
Missing character: There is no r in font nullfont!
Missing character: There is no e in font nullfont!
Missing character: There is no s in font nullfont!
Missing character: There is no / in font nullfont!
Missing character: There is no c in font nullfont!
Missing character: There is no 1 in font nullfont!
Missing character: There is no f in font nullfont!
Missing character: There is no i in font nullfont!
Missing character: There is no g in font nullfont!
Missing character: There is no 9 in font nullfont!
Missing character: There is no . in font nullfont!
Missing character: There is no j in font nullfont!
Missing character: There is no p in font nullfont!
Missing character: There is no g in font nullfont!

! LaTeX Error: \caption outside float.

See the LaTeX manual or LaTeX Companion for explanation.
Type  H <return>  for immediate help.
 ...                                              
                                                  
l.75 ^^I\caption
                {无蜂窝网络架构模型}
You're in trouble here.  Try typing  <return>  to proceed.
If that doesn't work, type  X <return>  to quit.

Missing character: There is no 无 in font nullfont!
Missing character: There is no 蜂 in font nullfont!
Missing character: There is no 窝 in font nullfont!
Missing character: There is no 网 in font nullfont!
Missing character: There is no 络 in font nullfont!
Missing character: There is no 架 in font nullfont!
Missing character: There is no 构 in font nullfont!
Missing character: There is no 模 in font nullfont!
Missing character: There is no 型 in font nullfont!

! LaTeX Error: \begin{document} ended by \end{figure}.

See the LaTeX manual or LaTeX Companion for explanation.
Type  H <return>  for immediate help.
 ...                                              
                                                  
l.77 \end{figure}
                 
Your command was ignored.
Type  I <command> <return>  to replace it with another command,
or  <return>  to continue without it.


Overfull \hbox (25.43pt too wide) in paragraph at lines 71--78
[][]
 []


Overfull \hbox (5.43pt too wide) in paragraph at lines 71--78
[]
 []


Overfull \hbox (5.43pt too wide) in paragraph at lines 71--78
[]
 []


Overfull \hbox (5.43pt too wide) in paragraph at lines 71--78
[]
 []


Overfull \hbox (5.43pt too wide) in paragraph at lines 71--78
[]
 []


Overfull \hbox (5.43pt too wide) in paragraph at lines 71--78
[]
 []


Overfull \hbox (5.43pt too wide) in paragraph at lines 71--78
[]
 []


Overfull \hbox (5.43pt too wide) in paragraph at lines 71--78
[]
 []


Overfull \hbox (10.85999pt too wide) in paragraph at lines 71--78
[][]
 []


Overfull \hbox (5.43pt too wide) in paragraph at lines 71--78
[]
 []


Overfull \hbox (5.43pt too wide) in paragraph at lines 71--78
[]
 []


Overfull \hbox (5.43pt too wide) in paragraph at lines 71--78
[]
 []


! LaTeX Error: Missing \begin{document}.

See the LaTeX manual or LaTeX Companion for explanation.
Type  H <return>  for immediate help.
 ...                                              
                                                  
l.81 在
      开创性论文\textcite{R14}和\textcite{R15}中，作者首次提出了无蜂窝大规模MIMO技术的雏形，并且其已经被证明与小小...

You're in trouble here.  Try typing  <return>  to proceed.
If that doesn't work, type  X <return>  to quit.

Missing character: There is no 在 in font nullfont!
Missing character: There is no 开 in font nullfont!
Missing character: There is no 创 in font nullfont!
Missing character: There is no 性 in font nullfont!
Missing character: There is no 论 in font nullfont!
Missing character: There is no 文 in font nullfont!
! Undefined control sequence.
l.81 在开创性论文\textcite
                    {R14}和\textcite{R15}中，作者首次提出了无蜂窝大规模MIMO技术的雏形，并且其已经被证明与小小...
The control sequence at the end of the top line
of your error message was never \def'ed. If you have
misspelled it (e.g., `\hobx'), type `I' and the correct
spelling (e.g., `I\hbox'). Otherwise just continue,
and I'll forget about whatever was undefined.

Missing character: There is no R in font nullfont!
Missing character: There is no 1 in font nullfont!
Missing character: There is no 4 in font nullfont!
Missing character: There is no 和 in font nullfont!
! Undefined control sequence.
l.81 在开创性论文\textcite{R14}和\textcite
                                   {R15}中，作者首次提出了无蜂窝大规模MIMO技术的雏形，并且其已经被证明与小小...
The control sequence at the end of the top line
of your error message was never \def'ed. If you have
misspelled it (e.g., `\hobx'), type `I' and the correct
spelling (e.g., `I\hbox'). Otherwise just continue,
and I'll forget about whatever was undefined.

Missing character: There is no R in font nullfont!
Missing character: There is no 1 in font nullfont!
Missing character: There is no 5 in font nullfont!
Missing character: There is no 中 in font nullfont!
Missing character: There is no ， in font nullfont!
Missing character: There is no 作 in font nullfont!
Missing character: There is no 者 in font nullfont!
Missing character: There is no 首 in font nullfont!
Missing character: There is no 次 in font nullfont!
Missing character: There is no 提 in font nullfont!
Missing character: There is no 出 in font nullfont!
Missing character: There is no 了 in font nullfont!
Missing character: There is no 无 in font nullfont!
Missing character: There is no 蜂 in font nullfont!
Missing character: There is no 窝 in font nullfont!
Missing character: There is no 大 in font nullfont!
Missing character: There is no 规 in font nullfont!
Missing character: There is no 模 in font nullfont!
Missing character: There is no M in font nullfont!
Missing character: There is no I in font nullfont!
Missing character: There is no M in font nullfont!
Missing character: There is no O in font nullfont!
Missing character: There is no 技 in font nullfont!
Missing character: There is no 术 in font nullfont!
Missing character: There is no 的 in font nullfont!
Missing character: There is no 雏 in font nullfont!
Missing character: There is no 形 in font nullfont!
Missing character: There is no ， in font nullfont!
Missing character: There is no 并 in font nullfont!
Missing character: There is no 且 in font nullfont!
Missing character: There is no 其 in font nullfont!
Missing character: There is no 已 in font nullfont!
Missing character: There is no 经 in font nullfont!
Missing character: There is no 被 in font nullfont!
Missing character: There is no 证 in font nullfont!
Missing character: There is no 明 in font nullfont!
Missing character: There is no 与 in font nullfont!
Missing character: There is no 小 in font nullfont!
Missing character: There is no 小 in font nullfont!
Missing character: There is no 区 in font nullfont!
Missing character: There is no 系 in font nullfont!
Missing character: There is no 统 in font nullfont!
Missing character: There is no 相 in font nullfont!
Missing character: There is no 比 in font nullfont!
Missing character: There is no ， in font nullfont!
Missing character: There is no 无 in font nullfont!
Missing character: There is no 蜂 in font nullfont!
Missing character: There is no 窝 in font nullfont!
Missing character: There is no 大 in font nullfont!
Missing character: There is no 规 in font nullfont!
Missing character: There is no 模 in font nullfont!
Missing character: There is no M in font nullfont!
Missing character: There is no I in font nullfont!
Missing character: There is no M in font nullfont!
Missing character: There is no O in font nullfont!
Missing character: There is no 技 in font nullfont!
Missing character: There is no 术 in font nullfont!
Missing character: There is no 可 in font nullfont!
Missing character: There is no 以 in font nullfont!
Missing character: There is no 有 in font nullfont!
Missing character: There is no 效 in font nullfont!
Missing character: There is no 地 in font nullfont!
Missing character: There is no 在 in font nullfont!
Missing character: There is no 5 in font nullfont!
Missing character: There is no ％ in font nullfont!
Missing character: There is no 的 in font nullfont!
Missing character: There is no 中 in font nullfont!
Missing character: There is no 断 in font nullfont!
Missing character: There is no 概 in font nullfont!
Missing character: There is no 率 in font nullfont!
Missing character: There is no 上 in font nullfont!
Missing character: There is no 提 in font nullfont!
Missing character: There is no 高 in font nullfont!
Missing character: There is no 十 in font nullfont!
Missing character: There is no 倍 in font nullfont!
Missing character: There is no 。 in font nullfont!
Missing character: There is no 作 in font nullfont!
Missing character: There is no 为 in font nullfont!
Missing character: There is no 从 in font nullfont!
Missing character: There is no 传 in font nullfont!
Missing character: There is no 统 in font nullfont!
Missing character: There is no 大 in font nullfont!
Missing character: There is no 规 in font nullfont!
Missing character: There is no 模 in font nullfont!
Missing character: There is no M in font nullfont!
Missing character: There is no I in font nullfont!
Missing character: There is no M in font nullfont!
Missing character: There is no O in font nullfont!
Missing character: There is no 和 in font nullfont!
Missing character: There is no 网 in font nullfont!
Missing character: There is no 络 in font nullfont!
Missing character: There is no / in font nullfont!
Missing character: There is no 分 in font nullfont!
Missing character: There is no 布 in font nullfont!
Missing character: There is no 式 in font nullfont!
Missing character: There is no M in font nullfont!
Missing character: There is no I in font nullfont!
Missing character: There is no M in font nullfont!
Missing character: There is no O in font nullfont!
Missing character: There is no 的 in font nullfont!
Missing character: There is no 新 in font nullfont!
Missing character: There is no 范 in font nullfont!
Missing character: There is no 式 in font nullfont!
Missing character: There is no 转 in font nullfont!
Missing character: There is no 变 in font nullfont!
Missing character: There is no 技 in font nullfont!
Missing character: There is no 术 in font nullfont!
Missing character: There is no ， in font nullfont!
Missing character: There is no 借 in font nullfont!
Missing character: There is no 助 in font nullfont!
Missing character: There is no 于 in font nullfont!
Missing character: There is no 大 in font nullfont!
Missing character: There is no 量 in font nullfont!
Missing character: There is no 位 in font nullfont!
Missing character: There is no 置 in font nullfont!
Missing character: There is no 独 in font nullfont!
Missing character: There is no 立 in font nullfont!
Missing character: There is no 分 in font nullfont!
Missing character: There is no 布 in font nullfont!
Missing character: There is no 地 in font nullfont!
Missing character: There is no 单 in font nullfont!
Missing character: There is no / in font nullfont!
Missing character: There is no 多 in font nullfont!
Missing character: There is no 天 in font nullfont!
Missing character: There is no 线 in font nullfont!
Missing character: There is no A in font nullfont!
Missing character: There is no P in font nullfont!
Missing character: There is no s in font nullfont!
Missing character: There is no ， in font nullfont!
Missing character: There is no 其 in font nullfont!
Missing character: There is no 主 in font nullfont!
Missing character: There is no 要 in font nullfont!
Missing character: There is no 具 in font nullfont!
Missing character: There is no 有 in font nullfont!
Missing character: There is no 如 in font nullfont!
Missing character: There is no 下 in font nullfont!
Missing character: There is no 性 in font nullfont!
Missing character: There is no 能 in font nullfont!
Missing character: There is no 优 in font nullfont!
Missing character: There is no 势 in font nullfont!
Missing character: There is no ： in font nullfont!

Overfull \hbox (20.0pt too wide) in paragraph at lines 81--82
[] 
 []


! LaTeX Error: Missing \begin{document}.

See the LaTeX manual or LaTeX Companion for explanation.
Type  H <return>  for immediate help.
 ...                                              
                                                  
l.83 (
      1)不同于传统的以小区为通信单位，无蜂窝大规模MIMO系统由于没有小区或小区边界，其可以有效地避免小区间切换、降低由于AP信号功率剧烈变化而...

You're in trouble here.  Try typing  <return>  to proceed.
If that doesn't work, type  X <return>  to quit.

Missing character: There is no ( in font nullfont!
Missing character: There is no 1 in font nullfont!
Missing character: There is no ) in font nullfont!
Missing character: There is no 不 in font nullfont!
Missing character: There is no 同 in font nullfont!
Missing character: There is no 于 in font nullfont!
Missing character: There is no 传 in font nullfont!
Missing character: There is no 统 in font nullfont!
Missing character: There is no 的 in font nullfont!
Missing character: There is no 以 in font nullfont!
Missing character: There is no 小 in font nullfont!
Missing character: There is no 区 in font nullfont!
Missing character: There is no 为 in font nullfont!
Missing character: There is no 通 in font nullfont!
Missing character: There is no 信 in font nullfont!
Missing character: There is no 单 in font nullfont!
Missing character: There is no 位 in font nullfont!
Missing character: There is no ， in font nullfont!
Missing character: There is no 无 in font nullfont!
Missing character: There is no 蜂 in font nullfont!
Missing character: There is no 窝 in font nullfont!
Missing character: There is no 大 in font nullfont!
Missing character: There is no 规 in font nullfont!
Missing character: There is no 模 in font nullfont!
Missing character: There is no M in font nullfont!
Missing character: There is no I in font nullfont!
Missing character: There is no M in font nullfont!
Missing character: There is no O in font nullfont!
Missing character: There is no 系 in font nullfont!
Missing character: There is no 统 in font nullfont!
Missing character: There is no 由 in font nullfont!
Missing character: There is no 于 in font nullfont!
Missing character: There is no 没 in font nullfont!
Missing character: There is no 有 in font nullfont!
Missing character: There is no 小 in font nullfont!
Missing character: There is no 区 in font nullfont!
Missing character: There is no 或 in font nullfont!
Missing character: There is no 小 in font nullfont!
Missing character: There is no 区 in font nullfont!
Missing character: There is no 边 in font nullfont!
Missing character: There is no 界 in font nullfont!
Missing character: There is no ， in font nullfont!
Missing character: There is no 其 in font nullfont!
Missing character: There is no 可 in font nullfont!
Missing character: There is no 以 in font nullfont!
Missing character: There is no 有 in font nullfont!
Missing character: There is no 效 in font nullfont!
Missing character: There is no 地 in font nullfont!
Missing character: There is no 避 in font nullfont!
Missing character: There is no 免 in font nullfont!
Missing character: There is no 小 in font nullfont!
Missing character: There is no 区 in font nullfont!
Missing character: There is no 间 in font nullfont!
Missing character: There is no 切 in font nullfont!
Missing character: There is no 换 in font nullfont!
Missing character: There is no 、 in font nullfont!
Missing character: There is no 降 in font nullfont!
Missing character: There is no 低 in font nullfont!
Missing character: There is no 由 in font nullfont!
Missing character: There is no 于 in font nullfont!
Missing character: There is no A in font nullfont!
Missing character: There is no P in font nullfont!
Missing character: There is no 信 in font nullfont!
Missing character: There is no 号 in font nullfont!
Missing character: There is no 功 in font nullfont!
Missing character: There is no 率 in font nullfont!
Missing character: There is no 剧 in font nullfont!
Missing character: There is no 烈 in font nullfont!
Missing character: There is no 变 in font nullfont!
Missing character: There is no 化 in font nullfont!
Missing character: There is no 而 in font nullfont!
Missing character: There is no 造 in font nullfont!
Missing character: There is no 成 in font nullfont!
Missing character: There is no 用 in font nullfont!
Missing character: There is no 户 in font nullfont!
Missing character: There is no 在 in font nullfont!
Missing character: There is no 不 in font nullfont!
Missing character: There is no 同 in font nullfont!
Missing character: There is no A in font nullfont!
Missing character: There is no P in font nullfont!
Missing character: There is no 间 in font nullfont!
Missing character: There is no 频 in font nullfont!
Missing character: There is no 繁 in font nullfont!
Missing character: There is no 切 in font nullfont!
Missing character: There is no 换 in font nullfont!
Missing character: There is no 所 in font nullfont!
Missing character: There is no 造 in font nullfont!
Missing character: There is no 成 in font nullfont!
Missing character: There is no 的 in font nullfont!
Missing character: There is no “ in font nullfont!
Missing character: There is no 乒 in font nullfont!
Missing character: There is no 乓 in font nullfont!
Missing character: There is no 效 in font nullfont!
Missing character: There is no 应 in font nullfont!
Missing character: There is no ” in font nullfont!
Missing character: There is no 和 in font nullfont!
Missing character: There is no 减 in font nullfont!
Missing character: There is no 少 in font nullfont!
Missing character: There is no 不 in font nullfont!
Missing character: There is no 必 in font nullfont!
Missing character: There is no 要 in font nullfont!
Missing character: There is no 的 in font nullfont!
Missing character: There is no 控 in font nullfont!
Missing character: There is no 制 in font nullfont!
Missing character: There is no 信 in font nullfont!
Missing character: There is no 令 in font nullfont!
Missing character: There is no 间 in font nullfont!
Missing character: There is no 的 in font nullfont!
Missing character: There is no 相 in font nullfont!
Missing character: There is no 互 in font nullfont!
Missing character: There is no 交 in font nullfont!
Missing character: There is no 互 in font nullfont!
Missing character: There is no 问 in font nullfont!
Missing character: There is no 题 in font nullfont!
Missing character: There is no ， in font nullfont!
Missing character: There is no 并 in font nullfont!
Missing character: There is no 且 in font nullfont!
Missing character: There is no 能 in font nullfont!
Missing character: There is no 够 in font nullfont!
Missing character: There is no 切 in font nullfont!
Missing character: There is no 实 in font nullfont!
Missing character: There is no 地 in font nullfont!
Missing character: There is no 提 in font nullfont!
Missing character: There is no 高 in font nullfont!
Missing character: There is no 无 in font nullfont!
Missing character: There is no 线 in font nullfont!
Missing character: There is no 电 in font nullfont!
Missing character: There is no 资 in font nullfont!
Missing character: There is no 源 in font nullfont!
Missing character: There is no 的 in font nullfont!
Missing character: There is no 利 in font nullfont!
Missing character: There is no 用 in font nullfont!
Missing character: There is no 效 in font nullfont!
Missing character: There is no 率 in font nullfont!
Missing character: There is no [ in font nullfont!
\citation{R15}
! Undefined control sequence.
<write> ...: Citation `\@citeb ' on page \thepage 
                                                  \space undefined\on@line .^^J
l.83 ...的相互交互问题，并且能够切实地提高无线电资源的利用效率\cite{R15,R161}
                                                  ;
The control sequence at the end of the top line
of your error message was never \def'ed. If you have
misspelled it (e.g., `\hobx'), type `I' and the correct
spelling (e.g., `I\hbox'). Otherwise just continue,
and I'll forget about whatever was undefined.


LaTeX Warning: Citation `R15' on page  undefined on input line 83.

Missing character: There is no , in font nullfont!
\citation{R161}
! Undefined control sequence.
<write> ...: Citation `\@citeb ' on page \thepage 
                                                  \space undefined\on@line .^^J
l.83 ...的相互交互问题，并且能够切实地提高无线电资源的利用效率\cite{R15,R161}
                                                  ;
The control sequence at the end of the top line
of your error message was never \def'ed. If you have
misspelled it (e.g., `\hobx'), type `I' and the correct
spelling (e.g., `I\hbox'). Otherwise just continue,
and I'll forget about whatever was undefined.


LaTeX Warning: Citation `R161' on page  undefined on input line 83.

Missing character: There is no ] in font nullfont!
Missing character: There is no ; in font nullfont!

Overfull \hbox (25.43pt too wide) in paragraph at lines 83--84
[][]
 []


Overfull \hbox (5.43pt too wide) in paragraph at lines 83--84
[] 
 []


! LaTeX Error: Missing \begin{document}.

See the LaTeX manual or LaTeX Companion for explanation.
Type  H <return>  for immediate help.
 ...                                              
                                                  
l.85 (
      2)不同于传统的网络MIMO，无蜂窝大规模MIMO系统中的AP仅需要获取本地的CSI\footnote{通常，本地CSI表示所有AP和用户之...

You're in trouble here.  Try typing  <return>  to proceed.
If that doesn't work, type  X <return>  to quit.

Missing character: There is no ( in font nullfont!
Missing character: There is no 2 in font nullfont!
Missing character: There is no ) in font nullfont!
Missing character: There is no 不 in font nullfont!
Missing character: There is no 同 in font nullfont!
Missing character: There is no 于 in font nullfont!
Missing character: There is no 传 in font nullfont!
Missing character: There is no 统 in font nullfont!
Missing character: There is no 的 in font nullfont!
Missing character: There is no 网 in font nullfont!
Missing character: There is no 络 in font nullfont!
Missing character: There is no M in font nullfont!
Missing character: There is no I in font nullfont!
Missing character: There is no M in font nullfont!
Missing character: There is no O in font nullfont!
Missing character: There is no ， in font nullfont!
Missing character: There is no 无 in font nullfont!
Missing character: There is no 蜂 in font nullfont!
Missing character: There is no 窝 in font nullfont!
Missing character: There is no 大 in font nullfont!
Missing character: There is no 规 in font nullfont!
Missing character: There is no 模 in font nullfont!
Missing character: There is no M in font nullfont!
Missing character: There is no I in font nullfont!
Missing character: There is no M in font nullfont!
Missing character: There is no O in font nullfont!
Missing character: There is no 系 in font nullfont!
Missing character: There is no 统 in font nullfont!
Missing character: There is no 中 in font nullfont!
Missing character: There is no 的 in font nullfont!
Missing character: There is no A in font nullfont!
Missing character: There is no P in font nullfont!
Missing character: There is no 仅 in font nullfont!
Missing character: There is no 需 in font nullfont!
Missing character: There is no 要 in font nullfont!
Missing character: There is no 获 in font nullfont!
Missing character: There is no 取 in font nullfont!
Missing character: There is no 本 in font nullfont!
Missing character: There is no 地 in font nullfont!
Missing character: There is no 的 in font nullfont!
Missing character: There is no C in font nullfont!
Missing character: There is no S in font nullfont!
Missing character: There is no I in font nullfont!
! Undefined control sequence.
\@footnotetext ...tins {\reset@font \footnotesize 
                                                  \interlinepenalty \interfo...
l.85 ...用时分双工(time division duplexing, TDD)方式来获得。}
                                                  就可用于数据传输，而不需要通过昂贵的回程链路来频繁交...
The control sequence at the end of the top line
of your error message was never \def'ed. If you have
misspelled it (e.g., `\hobx'), type `I' and the correct
spelling (e.g., `I\hbox'). Otherwise just continue,
and I'll forget about whatever was undefined.

! Undefined control sequence.
\@footnotetext ...}\color@begingroup \@makefntext 
                                                  {\rule \z@ \footnotesep \i...
l.85 ...用时分双工(time division duplexing, TDD)方式来获得。}
                                                  就可用于数据传输，而不需要通过昂贵的回程链路来频繁交...
The control sequence at the end of the top line
of your error message was never \def'ed. If you have
misspelled it (e.g., `\hobx'), type `I' and the correct
spelling (e.g., `I\hbox'). Otherwise just continue,
and I'll forget about whatever was undefined.

Missing character: There is no 通 in font [lmroman10-regular]:mapping=tex-text;!
Missing character: There is no 常 in font [lmroman10-regular]:mapping=tex-text;!
Missing character: There is no ， in font [lmroman10-regular]:mapping=tex-text;!
Missing character: There is no 本 in font [lmroman10-regular]:mapping=tex-text;!
Missing character: There is no 地 in font [lmroman10-regular]:mapping=tex-text;!
Missing character: There is no 表 in font [lmroman10-regular]:mapping=tex-text;!
Missing character: There is no 示 in font [lmroman10-regular]:mapping=tex-text;!
Missing character: There is no 所 in font [lmroman10-regular]:mapping=tex-text;!
Missing character: There is no 有 in font [lmroman10-regular]:mapping=tex-text;!
Missing character: There is no 和 in font [lmroman10-regular]:mapping=tex-text;!
Missing character: There is no 用 in font [lmroman10-regular]:mapping=tex-text;!
Missing character: There is no 户 in font [lmroman10-regular]:mapping=tex-text;!
Missing character: There is no 之 in font [lmroman10-regular]:mapping=tex-text;!
Missing character: There is no 间 in font [lmroman10-regular]:mapping=tex-text;!
Missing character: There is no 的 in font [lmroman10-regular]:mapping=tex-text;!
Missing character: There is no 信 in font [lmroman10-regular]:mapping=tex-text;!
Missing character: There is no 道 in font [lmroman10-regular]:mapping=tex-text;!
Missing character: There is no ， in font [lmroman10-regular]:mapping=tex-text;!
Missing character: There is no 其 in font [lmroman10-regular]:mapping=tex-text;!
Missing character: There is no 可 in font [lmroman10-regular]:mapping=tex-text;!
Missing character: There is no 以 in font [lmroman10-regular]:mapping=tex-text;!
Missing character: There is no 使 in font [lmroman10-regular]:mapping=tex-text;!
Missing character: There is no 用 in font [lmroman10-regular]:mapping=tex-text;!
Missing character: There is no 时 in font [lmroman10-regular]:mapping=tex-text;!
Missing character: There is no 分 in font [lmroman10-regular]:mapping=tex-text;!
Missing character: There is no 双 in font [lmroman10-regular]:mapping=tex-text;!
Missing character: There is no 工 in font [lmroman10-regular]:mapping=tex-text;!
Missing character: There is no 方 in font [lmroman10-regular]:mapping=tex-text;!
Missing character: There is no 式 in font [lmroman10-regular]:mapping=tex-text;!
Missing character: There is no 来 in font [lmroman10-regular]:mapping=tex-text;!
Missing character: There is no 获 in font [lmroman10-regular]:mapping=tex-text;!
Missing character: There is no 得 in font [lmroman10-regular]:mapping=tex-text;!
Missing character: There is no 。 in font [lmroman10-regular]:mapping=tex-text;!

Overfull \hbox (129.63pt too wide) in paragraph at lines 85--85
[][]\TU/lmr/m/n/10 通常，本地CSI表示所有AP和用户之间的信道，其可以使用时分双工(time
 []


Overfull \hbox (11.67pt too wide) in paragraph at lines 85--85
\TU/lmr/m/n/10 di-
 []


Overfull \hbox (11.39pt too wide) in paragraph at lines 85--85
\TU/lmr/m/n/10 vi-
 []


Overfull \hbox (17.28pt too wide) in paragraph at lines 85--85
\TU/lmr/m/n/10 sion
 []


Overfull \hbox (14.45pt too wide) in paragraph at lines 85--85
\TU/lmr/m/n/10 du-
 []


Overfull \hbox (21.39pt too wide) in paragraph at lines 85--85
\TU/lmr/m/n/10 plex-
 []


Overfull \hbox (16.12pt too wide) in paragraph at lines 85--85
\TU/lmr/m/n/10 ing,
 []


Overfull \hbox (43.19pt too wide) in paragraph at lines 85--85
\TU/lmr/m/n/10 TDD)方式来获得。| 
 []

Missing character: There is no 就 in font nullfont!
Missing character: There is no 可 in font nullfont!
Missing character: There is no 用 in font nullfont!
Missing character: There is no 于 in font nullfont!
Missing character: There is no 数 in font nullfont!
Missing character: There is no 据 in font nullfont!
Missing character: There is no 传 in font nullfont!
Missing character: There is no 输 in font nullfont!
Missing character: There is no ， in font nullfont!
Missing character: There is no 而 in font nullfont!
Missing character: There is no 不 in font nullfont!
Missing character: There is no 需 in font nullfont!
Missing character: There is no 要 in font nullfont!
Missing character: There is no 通 in font nullfont!
Missing character: There is no 过 in font nullfont!
Missing character: There is no 昂 in font nullfont!
Missing character: There is no 贵 in font nullfont!
Missing character: There is no 的 in font nullfont!
Missing character: There is no 回 in font nullfont!
Missing character: There is no 程 in font nullfont!
Missing character: There is no 链 in font nullfont!
Missing character: There is no 路 in font nullfont!
Missing character: There is no 来 in font nullfont!
Missing character: There is no 频 in font nullfont!
Missing character: There is no 繁 in font nullfont!
Missing character: There is no 交 in font nullfont!
Missing character: There is no 换 in font nullfont!
Missing character: There is no 瞬 in font nullfont!
Missing character: There is no 时 in font nullfont!
Missing character: There is no C in font nullfont!
Missing character: There is no S in font nullfont!
Missing character: There is no I in font nullfont!
Missing character: There is no ， in font nullfont!
Missing character: There is no 其 in font nullfont!
Missing character: There is no 可 in font nullfont!
Missing character: There is no 以 in font nullfont!
Missing character: There is no 极 in font nullfont!
Missing character: There is no 大 in font nullfont!
Missing character: There is no 地 in font nullfont!
Missing character: There is no 降 in font nullfont!
Missing character: There is no 低 in font nullfont!
Missing character: There is no 严 in font nullfont!
Missing character: There is no 重 in font nullfont!
Missing character: There is no 的 in font nullfont!
Missing character: There is no 前 in font nullfont!
Missing character: There is no 传 in font nullfont!
Missing character: There is no 链 in font nullfont!
Missing character: There is no 路 in font nullfont!
Missing character: There is no 资 in font nullfont!
Missing character: There is no 源 in font nullfont!
Missing character: There is no 开 in font nullfont!
Missing character: There is no 销 in font nullfont!
Missing character: There is no ， in font nullfont!
Missing character: There is no 也 in font nullfont!
Missing character: There is no 可 in font nullfont!
Missing character: There is no 以 in font nullfont!
Missing character: There is no 降 in font nullfont!
Missing character: There is no 低 in font nullfont!
Missing character: There is no 严 in font nullfont!
Missing character: There is no 重 in font nullfont!
Missing character: There is no 的 in font nullfont!
Missing character: There is no 链 in font nullfont!
Missing character: There is no 路 in font nullfont!
Missing character: There is no 负 in font nullfont!
Missing character: There is no 载 in font nullfont!
Missing character: There is no [ in font nullfont!
\citation{R17}
! Undefined control sequence.
<write> ...: Citation `\@citeb ' on page \thepage 
                                                  \space undefined\on@line .^^J
l.85 ...传链路资源开销，也可以降低严重的链路负载\cite{R17,R19,R20,R22}
                                                  ;
The control sequence at the end of the top line
of your error message was never \def'ed. If you have
misspelled it (e.g., `\hobx'), type `I' and the correct
spelling (e.g., `I\hbox'). Otherwise just continue,
and I'll forget about whatever was undefined.


LaTeX Warning: Citation `R17' on page  undefined on input line 85.

Missing character: There is no , in font nullfont!
\citation{R19}
! Undefined control sequence.
<write> ...: Citation `\@citeb ' on page \thepage 
                                                  \space undefined\on@line .^^J
l.85 ...传链路资源开销，也可以降低严重的链路负载\cite{R17,R19,R20,R22}
                                                  ;
The control sequence at the end of the top line
of your error message was never \def'ed. If you have
misspelled it (e.g., `\hobx'), type `I' and the correct
spelling (e.g., `I\hbox'). Otherwise just continue,
and I'll forget about whatever was undefined.


LaTeX Warning: Citation `R19' on page  undefined on input line 85.

Missing character: There is no , in font nullfont!
\citation{R20}
! Undefined control sequence.
<write> ...: Citation `\@citeb ' on page \thepage 
                                                  \space undefined\on@line .^^J
l.85 ...传链路资源开销，也可以降低严重的链路负载\cite{R17,R19,R20,R22}
                                                  ;
The control sequence at the end of the top line
of your error message was never \def'ed. If you have
misspelled it (e.g., `\hobx'), type `I' and the correct
spelling (e.g., `I\hbox'). Otherwise just continue,
and I'll forget about whatever was undefined.


LaTeX Warning: Citation `R20' on page  undefined on input line 85.

Missing character: There is no , in font nullfont!
\citation{R22}
! Undefined control sequence.
<write> ...: Citation `\@citeb ' on page \thepage 
                                                  \space undefined\on@line .^^J
l.85 ...传链路资源开销，也可以降低严重的链路负载\cite{R17,R19,R20,R22}
                                                  ;
The control sequence at the end of the top line
of your error message was never \def'ed. If you have
misspelled it (e.g., `\hobx'), type `I' and the correct
spelling (e.g., `I\hbox'). Otherwise just continue,
and I'll forget about whatever was undefined.


LaTeX Warning: Citation `R22' on page  undefined on input line 85.

Missing character: There is no ] in font nullfont!
Missing character: There is no ; in font nullfont!

Overfull \hbox (29.913pt too wide) in paragraph at lines 85--86
[][][]
 []


Overfull \hbox (5.43pt too wide) in paragraph at lines 85--86
[]
 []


Overfull \hbox (5.43pt too wide) in paragraph at lines 85--86
[]
 []


Overfull \hbox (5.43pt too wide) in paragraph at lines 85--86
[] 
 []


! LaTeX Error: Missing \begin{document}.

See the LaTeX manual or LaTeX Companion for explanation.
Type  H <return>  for immediate help.
 ...                                              
                                                  
l.87 (
      3)大量地理位置分散部署的APs将极大地减少用户与APs之间的平均距离，其可以有效地降低路径损耗和阴影衰落等对系统造成的不利影响。此外，其还...

You're in trouble here.  Try typing  <return>  to proceed.
If that doesn't work, type  X <return>  to quit.

Missing character: There is no ( in font nullfont!
Missing character: There is no 3 in font nullfont!
Missing character: There is no ) in font nullfont!
Missing character: There is no 大 in font nullfont!
Missing character: There is no 量 in font nullfont!
Missing character: There is no 地 in font nullfont!
Missing character: There is no 理 in font nullfont!
Missing character: There is no 位 in font nullfont!
Missing character: There is no 置 in font nullfont!
Missing character: There is no 分 in font nullfont!
Missing character: There is no 散 in font nullfont!
Missing character: There is no 部 in font nullfont!
Missing character: There is no 署 in font nullfont!
Missing character: There is no 的 in font nullfont!
Missing character: There is no A in font nullfont!
Missing character: There is no P in font nullfont!
Missing character: There is no s in font nullfont!
Missing character: There is no 将 in font nullfont!
Missing character: There is no 极 in font nullfont!
Missing character: There is no 大 in font nullfont!
Missing character: There is no 地 in font nullfont!
Missing character: There is no 减 in font nullfont!
Missing character: There is no 少 in font nullfont!
Missing character: There is no 用 in font nullfont!
Missing character: There is no 户 in font nullfont!
Missing character: There is no 与 in font nullfont!
Missing character: There is no A in font nullfont!
Missing character: There is no P in font nullfont!
Missing character: There is no s in font nullfont!
Missing character: There is no 之 in font nullfont!
Missing character: There is no 间 in font nullfont!
Missing character: There is no 的 in font nullfont!
Missing character: There is no 平 in font nullfont!
Missing character: There is no 均 in font nullfont!
Missing character: There is no 距 in font nullfont!
Missing character: There is no 离 in font nullfont!
Missing character: There is no ， in font nullfont!
Missing character: There is no 其 in font nullfont!
Missing character: There is no 可 in font nullfont!
Missing character: There is no 以 in font nullfont!
Missing character: There is no 有 in font nullfont!
Missing character: There is no 效 in font nullfont!
Missing character: There is no 地 in font nullfont!
Missing character: There is no 降 in font nullfont!
Missing character: There is no 低 in font nullfont!
Missing character: There is no 路 in font nullfont!
Missing character: There is no 径 in font nullfont!
Missing character: There is no 损 in font nullfont!
Missing character: There is no 耗 in font nullfont!
Missing character: There is no 和 in font nullfont!
Missing character: There is no 阴 in font nullfont!
Missing character: There is no 影 in font nullfont!
Missing character: There is no 衰 in font nullfont!
Missing character: There is no 落 in font nullfont!
Missing character: There is no 等 in font nullfont!
Missing character: There is no 对 in font nullfont!
Missing character: There is no 系 in font nullfont!
Missing character: There is no 统 in font nullfont!
Missing character: There is no 造 in font nullfont!
Missing character: There is no 成 in font nullfont!
Missing character: There is no 的 in font nullfont!
Missing character: There is no 不 in font nullfont!
Missing character: There is no 利 in font nullfont!
Missing character: There is no 影 in font nullfont!
Missing character: There is no 响 in font nullfont!
Missing character: There is no 。 in font nullfont!
Missing character: There is no 此 in font nullfont!
Missing character: There is no 外 in font nullfont!
Missing character: There is no ， in font nullfont!
Missing character: There is no 其 in font nullfont!
Missing character: There is no 还 in font nullfont!
Missing character: There is no 可 in font nullfont!
Missing character: There is no 以 in font nullfont!
Missing character: There is no 提 in font nullfont!
Missing character: There is no 供 in font nullfont!
Missing character: There is no 出 in font nullfont!
Missing character: There is no 色 in font nullfont!
Missing character: There is no 的 in font nullfont!
Missing character: There is no 空 in font nullfont!
Missing character: There is no 间 in font nullfont!
Missing character: There is no 复 in font nullfont!
Missing character: There is no 用 in font nullfont!
Missing character: There is no 增 in font nullfont!
Missing character: There is no 益 in font nullfont!
Missing character: There is no 和 in font nullfont!
Missing character: There is no 巨 in font nullfont!
Missing character: There is no 大 in font nullfont!
Missing character: There is no 的 in font nullfont!
Missing character: There is no 空 in font nullfont!
Missing character: There is no 间 in font nullfont!
Missing character: There is no 宏 in font nullfont!
Missing character: There is no 分 in font nullfont!
Missing character: There is no 集 in font nullfont!
Missing character: There is no 增 in font nullfont!
Missing character: There is no 益 in font nullfont!
Missing character: There is no [ in font nullfont!
\citation{R20}
! Undefined control sequence.
<write> ...: Citation `\@citeb ' on page \thepage 
                                                  \space undefined\on@line .^^J
l.87 ...色的空间复用增益和巨大的空间宏分集增益\cite{R20,R21,R210,R22}
                                                  ;
The control sequence at the end of the top line
of your error message was never \def'ed. If you have
misspelled it (e.g., `\hobx'), type `I' and the correct
spelling (e.g., `I\hbox'). Otherwise just continue,
and I'll forget about whatever was undefined.


LaTeX Warning: Citation `R20' on page  undefined on input line 87.

Missing character: There is no , in font nullfont!
\citation{R21}
! Undefined control sequence.
<write> ...: Citation `\@citeb ' on page \thepage 
                                                  \space undefined\on@line .^^J
l.87 ...色的空间复用增益和巨大的空间宏分集增益\cite{R20,R21,R210,R22}
                                                  ;
The control sequence at the end of the top line
of your error message was never \def'ed. If you have
misspelled it (e.g., `\hobx'), type `I' and the correct
spelling (e.g., `I\hbox'). Otherwise just continue,
and I'll forget about whatever was undefined.


LaTeX Warning: Citation `R21' on page  undefined on input line 87.

Missing character: There is no , in font nullfont!
\citation{R210}
! Undefined control sequence.
<write> ...: Citation `\@citeb ' on page \thepage 
                                                  \space undefined\on@line .^^J
l.87 ...色的空间复用增益和巨大的空间宏分集增益\cite{R20,R21,R210,R22}
                                                  ;
The control sequence at the end of the top line
of your error message was never \def'ed. If you have
misspelled it (e.g., `\hobx'), type `I' and the correct
spelling (e.g., `I\hbox'). Otherwise just continue,
and I'll forget about whatever was undefined.


LaTeX Warning: Citation `R210' on page  undefined on input line 87.

Missing character: There is no , in font nullfont!
\citation{R22}
! Undefined control sequence.
<write> ...: Citation `\@citeb ' on page \thepage 
                                                  \space undefined\on@line .^^J
l.87 ...色的空间复用增益和巨大的空间宏分集增益\cite{R20,R21,R210,R22}
                                                  ;
The control sequence at the end of the top line
of your error message was never \def'ed. If you have
misspelled it (e.g., `\hobx'), type `I' and the correct
spelling (e.g., `I\hbox'). Otherwise just continue,
and I'll forget about whatever was undefined.


LaTeX Warning: Citation `R22' on page  undefined on input line 87.

Missing character: There is no ] in font nullfont!
Missing character: There is no ; in font nullfont!

Overfull \hbox (25.43pt too wide) in paragraph at lines 87--88
[][]
 []


Overfull \hbox (5.43pt too wide) in paragraph at lines 87--88
[]
 []


Overfull \hbox (5.43pt too wide) in paragraph at lines 87--88
[]
 []


Overfull \hbox (5.43pt too wide) in paragraph at lines 87--88
[] 
 []


! LaTeX Error: Missing \begin{document}.

See the LaTeX manual or LaTeX Companion for explanation.
Type  H <return>  for immediate help.
 ...                                              
                                                  
l.89 (
      4)由于大量的AP所提供的大规模天线增益，可以继承传统大规模MIMO的诸如“信道硬化”现象和“利好传输”等优越特性，因此无蜂窝大规模MIMO...

You're in trouble here.  Try typing  <return>  to proceed.
If that doesn't work, type  X <return>  to quit.

Missing character: There is no ( in font nullfont!
Missing character: There is no 4 in font nullfont!
Missing character: There is no ) in font nullfont!
Missing character: There is no 由 in font nullfont!
Missing character: There is no 于 in font nullfont!
Missing character: There is no 大 in font nullfont!
Missing character: There is no 量 in font nullfont!
Missing character: There is no 的 in font nullfont!
Missing character: There is no A in font nullfont!
Missing character: There is no P in font nullfont!
Missing character: There is no 所 in font nullfont!
Missing character: There is no 提 in font nullfont!
Missing character: There is no 供 in font nullfont!
Missing character: There is no 的 in font nullfont!
Missing character: There is no 大 in font nullfont!
Missing character: There is no 规 in font nullfont!
Missing character: There is no 模 in font nullfont!
Missing character: There is no 天 in font nullfont!
Missing character: There is no 线 in font nullfont!
Missing character: There is no 增 in font nullfont!
Missing character: There is no 益 in font nullfont!
Missing character: There is no ， in font nullfont!
Missing character: There is no 可 in font nullfont!
Missing character: There is no 以 in font nullfont!
Missing character: There is no 继 in font nullfont!
Missing character: There is no 承 in font nullfont!
Missing character: There is no 传 in font nullfont!
Missing character: There is no 统 in font nullfont!
Missing character: There is no 大 in font nullfont!
Missing character: There is no 规 in font nullfont!
Missing character: There is no 模 in font nullfont!
Missing character: There is no M in font nullfont!
Missing character: There is no I in font nullfont!
Missing character: There is no M in font nullfont!
Missing character: There is no O in font nullfont!
Missing character: There is no 的 in font nullfont!
Missing character: There is no 诸 in font nullfont!
Missing character: There is no 如 in font nullfont!
Missing character: There is no “ in font nullfont!
Missing character: There is no 信 in font nullfont!
Missing character: There is no 道 in font nullfont!
Missing character: There is no 硬 in font nullfont!
Missing character: There is no 化 in font nullfont!
Missing character: There is no ” in font nullfont!
Missing character: There is no 现 in font nullfont!
Missing character: There is no 象 in font nullfont!
Missing character: There is no 和 in font nullfont!
Missing character: There is no “ in font nullfont!
Missing character: There is no 利 in font nullfont!
Missing character: There is no 好 in font nullfont!
Missing character: There is no 传 in font nullfont!
Missing character: There is no 输 in font nullfont!
Missing character: There is no ” in font nullfont!
Missing character: There is no 等 in font nullfont!
Missing character: There is no 优 in font nullfont!
Missing character: There is no 越 in font nullfont!
Missing character: There is no 特 in font nullfont!
Missing character: There is no 性 in font nullfont!
Missing character: There is no ， in font nullfont!
Missing character: There is no 因 in font nullfont!
Missing character: There is no 此 in font nullfont!
Missing character: There is no 无 in font nullfont!
Missing character: There is no 蜂 in font nullfont!
Missing character: There is no 窝 in font nullfont!
Missing character: There is no 大 in font nullfont!
Missing character: There is no 规 in font nullfont!
Missing character: There is no 模 in font nullfont!
Missing character: There is no M in font nullfont!
Missing character: There is no I in font nullfont!
Missing character: There is no M in font nullfont!
Missing character: There is no O in font nullfont!
Missing character: There is no 系 in font nullfont!
Missing character: There is no 统 in font nullfont!
Missing character: There is no 可 in font nullfont!
Missing character: There is no 以 in font nullfont!
Missing character: There is no 通 in font nullfont!
Missing character: There is no 过 in font nullfont!
Missing character: There is no 借 in font nullfont!
Missing character: There is no 助 in font nullfont!
Missing character: There is no 低 in font nullfont!
Missing character: There is no 复 in font nullfont!
Missing character: There is no 杂 in font nullfont!
Missing character: There is no 度 in font nullfont!
Missing character: There is no 的 in font nullfont!
Missing character: There is no 诸 in font nullfont!
Missing character: There is no 如 in font nullfont!
Missing character: There is no 匹 in font nullfont!
Missing character: There is no 配 in font nullfont!
Missing character: There is no 滤 in font nullfont!
Missing character: There is no 波 in font nullfont!
Missing character: There is no 器 in font nullfont!
Missing character: There is no ( in font nullfont!
Missing character: There is no m in font nullfont!
Missing character: There is no a in font nullfont!
Missing character: There is no t in font nullfont!
Missing character: There is no c in font nullfont!
Missing character: There is no h in font nullfont!
Missing character: There is no e in font nullfont!
Missing character: There is no d in font nullfont!
Missing character: There is no f in font nullfont!
Missing character: There is no i in font nullfont!
Missing character: There is no l in font nullfont!
Missing character: There is no t in font nullfont!
Missing character: There is no e in font nullfont!
Missing character: There is no r in font nullfont!
Missing character: There is no i in font nullfont!
Missing character: There is no n in font nullfont!
Missing character: There is no g in font nullfont!
Missing character: There is no , in font nullfont!
Missing character: There is no M in font nullfont!
Missing character: There is no F in font nullfont!
Missing character: There is no ) in font nullfont!
Missing character: There is no 和 in font nullfont!
Missing character: There is no 共 in font nullfont!
Missing character: There is no 轭 in font nullfont!
Missing character: There is no 波 in font nullfont!
Missing character: There is no 束 in font nullfont!
Missing character: There is no 成 in font nullfont!
Missing character: There is no 形 in font nullfont!
Missing character: There is no ( in font nullfont!
Missing character: There is no c in font nullfont!
Missing character: There is no o in font nullfont!
Missing character: There is no n in font nullfont!
Missing character: There is no j in font nullfont!
Missing character: There is no u in font nullfont!
Missing character: There is no g in font nullfont!
Missing character: There is no a in font nullfont!
Missing character: There is no t in font nullfont!
Missing character: There is no e in font nullfont!
Missing character: There is no b in font nullfont!
Missing character: There is no e in font nullfont!
Missing character: There is no a in font nullfont!
Missing character: There is no m in font nullfont!
Missing character: There is no f in font nullfont!
Missing character: There is no o in font nullfont!
Missing character: There is no r in font nullfont!
Missing character: There is no m in font nullfont!
Missing character: There is no i in font nullfont!
Missing character: There is no n in font nullfont!
Missing character: There is no g in font nullfont!
Missing character: There is no , in font nullfont!
Missing character: There is no C in font nullfont!
Missing character: There is no B in font nullfont!
Missing character: There is no ) in font nullfont!
Missing character: There is no 等 in font nullfont!
Missing character: There is no 传 in font nullfont!
Missing character: There is no 统 in font nullfont!
Missing character: There is no 的 in font nullfont!
Missing character: There is no 线 in font nullfont!
Missing character: There is no 性 in font nullfont!
Missing character: There is no 预 in font nullfont!
Missing character: There is no 处 in font nullfont!
Missing character: There is no 理 in font nullfont!
Missing character: There is no 方 in font nullfont!
Missing character: There is no 案 in font nullfont!
Missing character: There is no 来 in font nullfont!
Missing character: There is no 降 in font nullfont!
Missing character: There is no 低 in font nullfont!
Missing character: There is no 系 in font nullfont!
Missing character: There is no 统 in font nullfont!
Missing character: There is no 复 in font nullfont!
Missing character: There is no 杂 in font nullfont!
Missing character: There is no 度 in font nullfont!
Missing character: There is no ， in font nullfont!
Missing character: There is no 其 in font nullfont!
Missing character: There is no 可 in font nullfont!
Missing character: There is no 以 in font nullfont!
Missing character: There is no 有 in font nullfont!
Missing character: There is no 效 in font nullfont!
Missing character: There is no 地 in font nullfont!
Missing character: There is no 缓 in font nullfont!
Missing character: There is no 解 in font nullfont!
Missing character: There is no 或 in font nullfont!
Missing character: There is no 消 in font nullfont!
Missing character: There is no 除 in font nullfont!
Missing character: There is no 多 in font nullfont!
Missing character: There is no 用 in font nullfont!
Missing character: There is no 户 in font nullfont!
Missing character: There is no 间 in font nullfont!
Missing character: There is no 干 in font nullfont!
Missing character: There is no 扰 in font nullfont!
Missing character: There is no 和 in font nullfont!
Missing character: There is no 加 in font nullfont!
Missing character: There is no 性 in font nullfont!
Missing character: There is no 噪 in font nullfont!
Missing character: There is no 声 in font nullfont!
Missing character: There is no 对 in font nullfont!
Missing character: There is no 系 in font nullfont!
Missing character: There is no 统 in font nullfont!
Missing character: There is no 的 in font nullfont!
Missing character: There is no 不 in font nullfont!
Missing character: There is no 利 in font nullfont!
Missing character: There is no 影 in font nullfont!
Missing character: There is no 响 in font nullfont!
Missing character: There is no ， in font nullfont!
Missing character: There is no 以 in font nullfont!
Missing character: There is no 此 in font nullfont!
Missing character: There is no 来 in font nullfont!
Missing character: There is no 提 in font nullfont!
Missing character: There is no 高 in font nullfont!
Missing character: There is no 系 in font nullfont!
Missing character: There is no 统 in font nullfont!
Missing character: There is no 的 in font nullfont!
Missing character: There is no 性 in font nullfont!
Missing character: There is no 能 in font nullfont!
Missing character: There is no [ in font nullfont!
\citation{R162}
! Undefined control sequence.
<write> ...: Citation `\@citeb ' on page \thepage 
                                                  \space undefined\on@line .^^J
l.89 ...加性噪声对系统的不利影响，以此来提高系统的性能\cite{R162,R17,R23}
                                                  。
The control sequence at the end of the top line
of your error message was never \def'ed. If you have
misspelled it (e.g., `\hobx'), type `I' and the correct
spelling (e.g., `I\hbox'). Otherwise just continue,
and I'll forget about whatever was undefined.


LaTeX Warning: Citation `R162' on page  undefined on input line 89.

Missing character: There is no , in font nullfont!
\citation{R17}
! Undefined control sequence.
<write> ...: Citation `\@citeb ' on page \thepage 
                                                  \space undefined\on@line .^^J
l.89 ...加性噪声对系统的不利影响，以此来提高系统的性能\cite{R162,R17,R23}
                                                  。
The control sequence at the end of the top line
of your error message was never \def'ed. If you have
misspelled it (e.g., `\hobx'), type `I' and the correct
spelling (e.g., `I\hbox'). Otherwise just continue,
and I'll forget about whatever was undefined.


LaTeX Warning: Citation `R17' on page  undefined on input line 89.

Missing character: There is no , in font nullfont!
\citation{R23}
! Undefined control sequence.
<write> ...: Citation `\@citeb ' on page \thepage 
                                                  \space undefined\on@line .^^J
l.89 ...加性噪声对系统的不利影响，以此来提高系统的性能\cite{R162,R17,R23}
                                                  。
The control sequence at the end of the top line
of your error message was never \def'ed. If you have
misspelled it (e.g., `\hobx'), type `I' and the correct
spelling (e.g., `I\hbox'). Otherwise just continue,
and I'll forget about whatever was undefined.


LaTeX Warning: Citation `R23' on page  undefined on input line 89.

Missing character: There is no ] in font nullfont!
Missing character: There is no 。 in font nullfont!

Overfull \hbox (20.0pt too wide) in paragraph at lines 89--90
[]
 []


Overfull \hbox (5.43pt too wide) in paragraph at lines 89--90
[]
 []


Overfull \hbox (5.43pt too wide) in paragraph at lines 89--90
[]
 []


Overfull \hbox (5.43pt too wide) in paragraph at lines 89--90
[] 
 []


! LaTeX Error: Missing \begin{document}.

See the LaTeX manual or LaTeX Companion for explanation.
Type  H <return>  for immediate help.
 ...                                              
                                                  
l.91 凭
      借上述性能优势，近年来，学术界对无蜂窝大规模MIMO技术进行了极为广泛的研究\cite{R22,R23,R24,R25,R26,R251,R...

You're in trouble here.  Try typing  <return>  to proceed.
If that doesn't work, type  X <return>  to quit.

Missing character: There is no 凭 in font nullfont!
Missing character: There is no 借 in font nullfont!
Missing character: There is no 上 in font nullfont!
Missing character: There is no 述 in font nullfont!
Missing character: There is no 性 in font nullfont!
Missing character: There is no 能 in font nullfont!
Missing character: There is no 优 in font nullfont!
Missing character: There is no 势 in font nullfont!
Missing character: There is no ， in font nullfont!
Missing character: There is no 近 in font nullfont!
Missing character: There is no 年 in font nullfont!
Missing character: There is no 来 in font nullfont!
Missing character: There is no ， in font nullfont!
Missing character: There is no 学 in font nullfont!
Missing character: There is no 术 in font nullfont!
Missing character: There is no 界 in font nullfont!
Missing character: There is no 对 in font nullfont!
Missing character: There is no 无 in font nullfont!
Missing character: There is no 蜂 in font nullfont!
Missing character: There is no 窝 in font nullfont!
Missing character: There is no 大 in font nullfont!
Missing character: There is no 规 in font nullfont!
Missing character: There is no 模 in font nullfont!
Missing character: There is no M in font nullfont!
Missing character: There is no I in font nullfont!
Missing character: There is no M in font nullfont!
Missing character: There is no O in font nullfont!
Missing character: There is no 技 in font nullfont!
Missing character: There is no 术 in font nullfont!
Missing character: There is no 进 in font nullfont!
Missing character: There is no 行 in font nullfont!
Missing character: There is no 了 in font nullfont!
Missing character: There is no 极 in font nullfont!
Missing character: There is no 为 in font nullfont!
Missing character: There is no 广 in font nullfont!
Missing character: There is no 泛 in font nullfont!
Missing character: There is no 的 in font nullfont!
Missing character: There is no 研 in font nullfont!
Missing character: There is no 究 in font nullfont!
Missing character: There is no [ in font nullfont!
\citation{R22}
! Undefined control sequence.
<write> ...: Citation `\@citeb ' on page \thepage 
                                                  \space undefined\on@line .^^J
l.91 ...22,R23,R24,R25,R26,R251,R252,R27,R28,R281}
                                                  。特别的，不同于文献\textcite{R15}所采...
The control sequence at the end of the top line
of your error message was never \def'ed. If you have
misspelled it (e.g., `\hobx'), type `I' and the correct
spelling (e.g., `I\hbox'). Otherwise just continue,
and I'll forget about whatever was undefined.


LaTeX Warning: Citation `R22' on page  undefined on input line 91.

Missing character: There is no , in font nullfont!
\citation{R23}
! Undefined control sequence.
<write> ...: Citation `\@citeb ' on page \thepage 
                                                  \space undefined\on@line .^^J
l.91 ...22,R23,R24,R25,R26,R251,R252,R27,R28,R281}
                                                  。特别的，不同于文献\textcite{R15}所采...
The control sequence at the end of the top line
of your error message was never \def'ed. If you have
misspelled it (e.g., `\hobx'), type `I' and the correct
spelling (e.g., `I\hbox'). Otherwise just continue,
and I'll forget about whatever was undefined.


LaTeX Warning: Citation `R23' on page  undefined on input line 91.

Missing character: There is no , in font nullfont!
\citation{R24}
! Undefined control sequence.
<write> ...: Citation `\@citeb ' on page \thepage 
                                                  \space undefined\on@line .^^J
l.91 ...22,R23,R24,R25,R26,R251,R252,R27,R28,R281}
                                                  。特别的，不同于文献\textcite{R15}所采...
The control sequence at the end of the top line
of your error message was never \def'ed. If you have
misspelled it (e.g., `\hobx'), type `I' and the correct
spelling (e.g., `I\hbox'). Otherwise just continue,
and I'll forget about whatever was undefined.


LaTeX Warning: Citation `R24' on page  undefined on input line 91.

Missing character: There is no , in font nullfont!
\citation{R25}
! Undefined control sequence.
<write> ...: Citation `\@citeb ' on page \thepage 
                                                  \space undefined\on@line .^^J
l.91 ...22,R23,R24,R25,R26,R251,R252,R27,R28,R281}
                                                  。特别的，不同于文献\textcite{R15}所采...
The control sequence at the end of the top line
of your error message was never \def'ed. If you have
misspelled it (e.g., `\hobx'), type `I' and the correct
spelling (e.g., `I\hbox'). Otherwise just continue,
and I'll forget about whatever was undefined.


LaTeX Warning: Citation `R25' on page  undefined on input line 91.

Missing character: There is no , in font nullfont!
\citation{R26}
! Undefined control sequence.
<write> ...: Citation `\@citeb ' on page \thepage 
                                                  \space undefined\on@line .^^J
l.91 ...22,R23,R24,R25,R26,R251,R252,R27,R28,R281}
                                                  。特别的，不同于文献\textcite{R15}所采...
The control sequence at the end of the top line
of your error message was never \def'ed. If you have
misspelled it (e.g., `\hobx'), type `I' and the correct
spelling (e.g., `I\hbox'). Otherwise just continue,
and I'll forget about whatever was undefined.


LaTeX Warning: Citation `R26' on page  undefined on input line 91.

Missing character: There is no , in font nullfont!
\citation{R251}
! Undefined control sequence.
<write> ...: Citation `\@citeb ' on page \thepage 
                                                  \space undefined\on@line .^^J
l.91 ...22,R23,R24,R25,R26,R251,R252,R27,R28,R281}
                                                  。特别的，不同于文献\textcite{R15}所采...
The control sequence at the end of the top line
of your error message was never \def'ed. If you have
misspelled it (e.g., `\hobx'), type `I' and the correct
spelling (e.g., `I\hbox'). Otherwise just continue,
and I'll forget about whatever was undefined.


LaTeX Warning: Citation `R251' on page  undefined on input line 91.

Missing character: There is no , in font nullfont!
\citation{R252}
! Undefined control sequence.
<write> ...: Citation `\@citeb ' on page \thepage 
                                                  \space undefined\on@line .^^J
l.91 ...22,R23,R24,R25,R26,R251,R252,R27,R28,R281}
                                                  。特别的，不同于文献\textcite{R15}所采...
The control sequence at the end of the top line
of your error message was never \def'ed. If you have
misspelled it (e.g., `\hobx'), type `I' and the correct
spelling (e.g., `I\hbox'). Otherwise just continue,
and I'll forget about whatever was undefined.


LaTeX Warning: Citation `R252' on page  undefined on input line 91.

Missing character: There is no , in font nullfont!
\citation{R27}
! Undefined control sequence.
<write> ...: Citation `\@citeb ' on page \thepage 
                                                  \space undefined\on@line .^^J
l.91 ...22,R23,R24,R25,R26,R251,R252,R27,R28,R281}
                                                  。特别的，不同于文献\textcite{R15}所采...
The control sequence at the end of the top line
of your error message was never \def'ed. If you have
misspelled it (e.g., `\hobx'), type `I' and the correct
spelling (e.g., `I\hbox'). Otherwise just continue,
and I'll forget about whatever was undefined.


LaTeX Warning: Citation `R27' on page  undefined on input line 91.

Missing character: There is no , in font nullfont!
\citation{R28}
! Undefined control sequence.
<write> ...: Citation `\@citeb ' on page \thepage 
                                                  \space undefined\on@line .^^J
l.91 ...22,R23,R24,R25,R26,R251,R252,R27,R28,R281}
                                                  。特别的，不同于文献\textcite{R15}所采...
The control sequence at the end of the top line
of your error message was never \def'ed. If you have
misspelled it (e.g., `\hobx'), type `I' and the correct
spelling (e.g., `I\hbox'). Otherwise just continue,
and I'll forget about whatever was undefined.


LaTeX Warning: Citation `R28' on page  undefined on input line 91.

Missing character: There is no , in font nullfont!
\citation{R281}
! Undefined control sequence.
<write> ...: Citation `\@citeb ' on page \thepage 
                                                  \space undefined\on@line .^^J
l.91 ...22,R23,R24,R25,R26,R251,R252,R27,R28,R281}
                                                  。特别的，不同于文献\textcite{R15}所采...
The control sequence at the end of the top line
of your error message was never \def'ed. If you have
misspelled it (e.g., `\hobx'), type `I' and the correct
spelling (e.g., `I\hbox'). Otherwise just continue,
and I'll forget about whatever was undefined.


LaTeX Warning: Citation `R281' on page  undefined on input line 91.

Missing character: There is no ] in font nullfont!
Missing character: There is no 。 in font nullfont!
Missing character: There is no 特 in font nullfont!
Missing character: There is no 别 in font nullfont!
Missing character: There is no 的 in font nullfont!
Missing character: There is no ， in font nullfont!
Missing character: There is no 不 in font nullfont!
Missing character: There is no 同 in font nullfont!
Missing character: There is no 于 in font nullfont!
Missing character: There is no 文 in font nullfont!
Missing character: There is no 献 in font nullfont!
! Undefined control sequence.
l.91 ...R251,R252,R27,R28,R281}。特别的，不同于文献\textcite
                                                  {R15}所采用传统只能抑制小区内干扰的ZF预编码方...
The control sequence at the end of the top line
of your error message was never \def'ed. If you have
misspelled it (e.g., `\hobx'), type `I' and the correct
spelling (e.g., `I\hbox'). Otherwise just continue,
and I'll forget about whatever was undefined.

Missing character: There is no R in font nullfont!
Missing character: There is no 1 in font nullfont!
Missing character: There is no 5 in font nullfont!
Missing character: There is no 所 in font nullfont!
Missing character: There is no 采 in font nullfont!
Missing character: There is no 用 in font nullfont!
Missing character: There is no 传 in font nullfont!
Missing character: There is no 统 in font nullfont!
Missing character: There is no 只 in font nullfont!
Missing character: There is no 能 in font nullfont!
Missing character: There is no 抑 in font nullfont!
Missing character: There is no 制 in font nullfont!
Missing character: There is no 小 in font nullfont!
Missing character: There is no 区 in font nullfont!
Missing character: There is no 内 in font nullfont!
Missing character: There is no 干 in font nullfont!
Missing character: There is no 扰 in font nullfont!
Missing character: There is no 的 in font nullfont!
Missing character: There is no Z in font nullfont!
Missing character: There is no F in font nullfont!
Missing character: There is no 预 in font nullfont!
Missing character: There is no 编 in font nullfont!
Missing character: There is no 码 in font nullfont!
Missing character: There is no 方 in font nullfont!
Missing character: There is no 案 in font nullfont!
Missing character: There is no ， in font nullfont!
Missing character: There is no 文 in font nullfont!
Missing character: There is no 献 in font nullfont!
! Undefined control sequence.
l.91 ...ite{R15}所采用传统只能抑制小区内干扰的ZF预编码方案，文献\textcite
                                                  {R24}对下行链路无蜂窝大规模MIMO系统提出了一...
The control sequence at the end of the top line
of your error message was never \def'ed. If you have
misspelled it (e.g., `\hobx'), type `I' and the correct
spelling (e.g., `I\hbox'). Otherwise just continue,
and I'll forget about whatever was undefined.

Missing character: There is no R in font nullfont!
Missing character: There is no 2 in font nullfont!
Missing character: There is no 4 in font nullfont!
Missing character: There is no 对 in font nullfont!
Missing character: There is no 下 in font nullfont!
Missing character: There is no 行 in font nullfont!
Missing character: There is no 链 in font nullfont!
Missing character: There is no 路 in font nullfont!
Missing character: There is no 无 in font nullfont!
Missing character: There is no 蜂 in font nullfont!
Missing character: There is no 窝 in font nullfont!
Missing character: There is no 大 in font nullfont!
Missing character: There is no 规 in font nullfont!
Missing character: There is no 模 in font nullfont!
Missing character: There is no M in font nullfont!
Missing character: There is no I in font nullfont!
Missing character: There is no M in font nullfont!
Missing character: There is no O in font nullfont!
Missing character: There is no 系 in font nullfont!
Missing character: There is no 统 in font nullfont!
Missing character: There is no 提 in font nullfont!
Missing character: There is no 出 in font nullfont!
Missing character: There is no 了 in font nullfont!
Missing character: There is no 一 in font nullfont!
Missing character: There is no 个 in font nullfont!
Missing character: There is no 全 in font nullfont!
Missing character: There is no 导 in font nullfont!
Missing character: There is no 频 in font nullfont!
Missing character: There is no 迫 in font nullfont!
Missing character: There is no 零 in font nullfont!
Missing character: There is no 的 in font nullfont!
Missing character: There is no 预 in font nullfont!
Missing character: There is no 处 in font nullfont!
Missing character: There is no 理 in font nullfont!
Missing character: There is no 方 in font nullfont!
Missing character: There is no 案 in font nullfont!
Missing character: There is no 。 in font nullfont!
Missing character: There is no 基 in font nullfont!
Missing character: There is no 于 in font nullfont!
Missing character: There is no 此 in font nullfont!
Missing character: There is no 预 in font nullfont!
Missing character: There is no 编 in font nullfont!
Missing character: There is no 码 in font nullfont!
Missing character: There is no 方 in font nullfont!
Missing character: There is no 案 in font nullfont!
Missing character: There is no ， in font nullfont!
Missing character: There is no 文 in font nullfont!
Missing character: There is no 献 in font nullfont!
! Undefined control sequence.
l.91 ...IMO系统提出了一个全导频迫零的预处理方案。基于此预编码方案，文献\textcite
                                                  {R25}讨论了不完全CSI的下行链路SE和最大最小...
The control sequence at the end of the top line
of your error message was never \def'ed. If you have
misspelled it (e.g., `\hobx'), type `I' and the correct
spelling (e.g., `I\hbox'). Otherwise just continue,
and I'll forget about whatever was undefined.

Missing character: There is no R in font nullfont!
Missing character: There is no 2 in font nullfont!
Missing character: There is no 5 in font nullfont!
Missing character: There is no 讨 in font nullfont!
Missing character: There is no 论 in font nullfont!
Missing character: There is no 了 in font nullfont!
Missing character: There is no 不 in font nullfont!
Missing character: There is no 完 in font nullfont!
Missing character: There is no 全 in font nullfont!
Missing character: There is no C in font nullfont!
Missing character: There is no S in font nullfont!
Missing character: There is no I in font nullfont!
Missing character: There is no 的 in font nullfont!
Missing character: There is no 下 in font nullfont!
Missing character: There is no 行 in font nullfont!
Missing character: There is no 链 in font nullfont!
Missing character: There is no 路 in font nullfont!
Missing character: There is no S in font nullfont!
Missing character: There is no E in font nullfont!
Missing character: There is no 和 in font nullfont!
Missing character: There is no 最 in font nullfont!
Missing character: There is no 大 in font nullfont!
Missing character: There is no 最 in font nullfont!
Missing character: There is no 小 in font nullfont!
Missing character: There is no 公 in font nullfont!
Missing character: There is no 平 in font nullfont!
Missing character: There is no 优 in font nullfont!
Missing character: There is no 化 in font nullfont!
Missing character: There is no 问 in font nullfont!
Missing character: There is no 题 in font nullfont!
Missing character: There is no ， in font nullfont!
Missing character: There is no 文 in font nullfont!
Missing character: There is no 献 in font nullfont!
! Undefined control sequence.
l.91 ...25}讨论了不完全CSI的下行链路SE和最大最小公平优化问题，文献\textcite
                                                  {R251}对该系统的EE进行了研究。考虑到大量AP...
The control sequence at the end of the top line
of your error message was never \def'ed. If you have
misspelled it (e.g., `\hobx'), type `I' and the correct
spelling (e.g., `I\hbox'). Otherwise just continue,
and I'll forget about whatever was undefined.

Missing character: There is no R in font nullfont!
Missing character: There is no 2 in font nullfont!
Missing character: There is no 5 in font nullfont!
Missing character: There is no 1 in font nullfont!
Missing character: There is no 对 in font nullfont!
Missing character: There is no 该 in font nullfont!
Missing character: There is no 系 in font nullfont!
Missing character: There is no 统 in font nullfont!
Missing character: There is no 的 in font nullfont!
Missing character: There is no E in font nullfont!
Missing character: There is no E in font nullfont!
Missing character: There is no 进 in font nullfont!
Missing character: There is no 行 in font nullfont!
Missing character: There is no 了 in font nullfont!
Missing character: There is no 研 in font nullfont!
Missing character: There is no 究 in font nullfont!
Missing character: There is no 。 in font nullfont!
Missing character: There is no 考 in font nullfont!
Missing character: There is no 虑 in font nullfont!
Missing character: There is no 到 in font nullfont!
Missing character: There is no 大 in font nullfont!
Missing character: There is no 量 in font nullfont!
Missing character: There is no A in font nullfont!
Missing character: There is no P in font nullfont!
Missing character: There is no s in font nullfont!
Missing character: There is no 给 in font nullfont!
Missing character: There is no 系 in font nullfont!
Missing character: There is no 统 in font nullfont!
Missing character: There is no 带 in font nullfont!
Missing character: There is no 来 in font nullfont!
Missing character: There is no 巨 in font nullfont!
Missing character: There is no 大 in font nullfont!
Missing character: There is no 的 in font nullfont!
Missing character: There is no 硬 in font nullfont!
Missing character: There is no 件 in font nullfont!
Missing character: There is no 损 in font nullfont!
Missing character: There is no 失 in font nullfont!
Missing character: There is no 和 in font nullfont!
Missing character: There is no 能 in font nullfont!
Missing character: There is no 量 in font nullfont!
Missing character: There is no 损 in font nullfont!
Missing character: There is no 耗 in font nullfont!
Missing character: There is no ， in font nullfont!
Missing character: There is no 文 in font nullfont!
Missing character: There is no 献 in font nullfont!
! Undefined control sequence.
l.91 ...行了研究。考虑到大量APs给系统带来巨大的硬件损失和能量损耗，文献\textcite
                                                  {R252}对低分辨率模数转换(analog-to-...
The control sequence at the end of the top line
of your error message was never \def'ed. If you have
misspelled it (e.g., `\hobx'), type `I' and the correct
spelling (e.g., `I\hbox'). Otherwise just continue,
and I'll forget about whatever was undefined.

Missing character: There is no R in font nullfont!
Missing character: There is no 2 in font nullfont!
Missing character: There is no 5 in font nullfont!
Missing character: There is no 2 in font nullfont!
Missing character: There is no 对 in font nullfont!
Missing character: There is no 低 in font nullfont!
Missing character: There is no 分 in font nullfont!
Missing character: There is no 辨 in font nullfont!
Missing character: There is no 率 in font nullfont!
Missing character: There is no 模 in font nullfont!
Missing character: There is no 数 in font nullfont!
Missing character: There is no 转 in font nullfont!
Missing character: There is no 换 in font nullfont!
Missing character: There is no ( in font nullfont!
Missing character: There is no a in font nullfont!
Missing character: There is no n in font nullfont!
Missing character: There is no a in font nullfont!
Missing character: There is no l in font nullfont!
Missing character: There is no o in font nullfont!
Missing character: There is no g in font nullfont!
Missing character: There is no - in font nullfont!
Missing character: There is no t in font nullfont!
Missing character: There is no o in font nullfont!
Missing character: There is no - in font nullfont!
Missing character: There is no d in font nullfont!
Missing character: There is no i in font nullfont!
Missing character: There is no g in font nullfont!
Missing character: There is no i in font nullfont!
Missing character: There is no t in font nullfont!
Missing character: There is no a in font nullfont!
Missing character: There is no l in font nullfont!
Missing character: There is no c in font nullfont!
Missing character: There is no o in font nullfont!
Missing character: There is no n in font nullfont!
Missing character: There is no v in font nullfont!
Missing character: There is no e in font nullfont!
Missing character: There is no r in font nullfont!
Missing character: There is no t in font nullfont!
Missing character: There is no e in font nullfont!
Missing character: There is no r in font nullfont!
Missing character: There is no s in font nullfont!
Missing character: There is no , in font nullfont!
Missing character: There is no A in font nullfont!
Missing character: There is no D in font nullfont!
Missing character: There is no C in font nullfont!
Missing character: There is no s in font nullfont!
Missing character: There is no ) in font nullfont!
Missing character: There is no 和 in font nullfont!
Missing character: There is no 全 in font nullfont!
Missing character: There is no 导 in font nullfont!
Missing character: There is no 频 in font nullfont!
Missing character: There is no 迫 in font nullfont!
Missing character: There is no 零 in font nullfont!
Missing character: There is no 协 in font nullfont!
Missing character: There is no 助 in font nullfont!
Missing character: There is no 的 in font nullfont!
Missing character: There is no 无 in font nullfont!
Missing character: There is no 蜂 in font nullfont!
Missing character: There is no 窝 in font nullfont!
Missing character: There is no 大 in font nullfont!
Missing character: There is no 规 in font nullfont!
Missing character: There is no 模 in font nullfont!
Missing character: There is no M in font nullfont!
Missing character: There is no I in font nullfont!
Missing character: There is no M in font nullfont!
Missing character: There is no O in font nullfont!
Missing character: There is no 系 in font nullfont!
Missing character: There is no 统 in font nullfont!
Missing character: There is no 进 in font nullfont!
Missing character: There is no 行 in font nullfont!
Missing character: There is no 了 in font nullfont!
Missing character: There is no 研 in font nullfont!
Missing character: There is no 究 in font nullfont!
Missing character: There is no 。 in font nullfont!
Missing character: There is no 结 in font nullfont!
Missing character: There is no 果 in font nullfont!
Missing character: There is no 表 in font nullfont!
Missing character: There is no 明 in font nullfont!
Missing character: There is no ， in font nullfont!
Missing character: There is no 当 in font nullfont!
Missing character: There is no 分 in font nullfont!
Missing character: There is no 辨 in font nullfont!
Missing character: There is no 率 in font nullfont!
Missing character: There is no 位 in font nullfont!
Missing character: There is no 数 in font nullfont!
Missing character: There is no 为 in font nullfont!
Missing character: There is no 6 in font nullfont!
Missing character: There is no 时 in font nullfont!
Missing character: There is no ， in font nullfont!
Missing character: There is no 可 in font nullfont!
Missing character: There is no 以 in font nullfont!
Missing character: There is no 用 in font nullfont!
Missing character: There is no 低 in font nullfont!
Missing character: There is no 分 in font nullfont!
Missing character: There is no 辨 in font nullfont!
Missing character: There is no 率 in font nullfont!
Missing character: There is no 量 in font nullfont!
Missing character: There is no 化 in font nullfont!
Missing character: There is no 代 in font nullfont!
Missing character: There is no 替 in font nullfont!
Missing character: There is no 全 in font nullfont!
Missing character: There is no 分 in font nullfont!
Missing character: There is no 辨 in font nullfont!
Missing character: There is no 率 in font nullfont!
Missing character: There is no 的 in font nullfont!
Missing character: There is no 量 in font nullfont!
Missing character: There is no 化 in font nullfont!
Missing character: There is no 。 in font nullfont!
Missing character: There is no 此 in font nullfont!
Missing character: There is no 外 in font nullfont!
Missing character: There is no ， in font nullfont!
Missing character: There is no 考 in font nullfont!
Missing character: There is no 虑 in font nullfont!
Missing character: There is no 到 in font nullfont!
Missing character: There is no 非 in font nullfont!
Missing character: There is no 正 in font nullfont!
Missing character: There is no 交 in font nullfont!
Missing character: There is no 多 in font nullfont!
Missing character: There is no 址 in font nullfont!
Missing character: There is no 接 in font nullfont!
Missing character: There is no 入 in font nullfont!
Missing character: There is no ( in font nullfont!
Missing character: There is no n in font nullfont!
Missing character: There is no o in font nullfont!
Missing character: There is no n in font nullfont!
Missing character: There is no - in font nullfont!
Missing character: There is no o in font nullfont!
Missing character: There is no r in font nullfont!
Missing character: There is no t in font nullfont!
Missing character: There is no h in font nullfont!
Missing character: There is no o in font nullfont!
Missing character: There is no g in font nullfont!
Missing character: There is no o in font nullfont!
Missing character: There is no n in font nullfont!
Missing character: There is no a in font nullfont!
Missing character: There is no l in font nullfont!
Missing character: There is no m in font nullfont!
Missing character: There is no u in font nullfont!
Missing character: There is no l in font nullfont!
Missing character: There is no t in font nullfont!
Missing character: There is no i in font nullfont!
Missing character: There is no p in font nullfont!
Missing character: There is no l in font nullfont!
Missing character: There is no e in font nullfont!
Missing character: There is no a in font nullfont!
Missing character: There is no c in font nullfont!
Missing character: There is no c in font nullfont!
Missing character: There is no e in font nullfont!
Missing character: There is no s in font nullfont!
Missing character: There is no s in font nullfont!
Missing character: There is no , in font nullfont!
Missing character: There is no N in font nullfont!
Missing character: There is no O in font nullfont!
Missing character: There is no M in font nullfont!
Missing character: There is no A in font nullfont!
Missing character: There is no ) in font nullfont!
Missing character: There is no 技 in font nullfont!
Missing character: There is no 术 in font nullfont!
Missing character: There is no 可 in font nullfont!
Missing character: There is no 以 in font nullfont!
Missing character: There is no 在 in font nullfont!
Missing character: There is no 同 in font nullfont!
Missing character: There is no 一 in font nullfont!
Missing character: There is no 资 in font nullfont!
Missing character: There is no 源 in font nullfont!
Missing character: There is no 块 in font nullfont!
Missing character: There is no 上 in font nullfont!
Missing character: There is no 为 in font nullfont!
Missing character: There is no 多 in font nullfont!
Missing character: There is no 个 in font nullfont!
Missing character: There is no 用 in font nullfont!
Missing character: There is no 户 in font nullfont!
Missing character: There is no 同 in font nullfont!
Missing character: There is no 时 in font nullfont!
Missing character: There is no 提 in font nullfont!
Missing character: There is no 供 in font nullfont!
Missing character: There is no 服 in font nullfont!
Missing character: There is no 务 in font nullfont!
Missing character: There is no ( in font nullfont!
Missing character: There is no 通 in font nullfont!
Missing character: There is no 过 in font nullfont!
Missing character: There is no 将 in font nullfont!
Missing character: There is no 所 in font nullfont!
Missing character: There is no 有 in font nullfont!
Missing character: There is no 用 in font nullfont!
Missing character: There is no 户 in font nullfont!
Missing character: There is no 分 in font nullfont!
Missing character: There is no 为 in font nullfont!
Missing character: There is no 多 in font nullfont!
Missing character: There is no 个 in font nullfont!
Missing character: There is no 簇 in font nullfont!
Missing character: There is no ) in font nullfont!
Missing character: There is no ， in font nullfont!
Missing character: There is no 文 in font nullfont!
Missing character: There is no 献 in font nullfont!
! Undefined control sequence.
l.91 ...一资源块上为多个用户同时提供服务(通过将所有用户分为多个簇)，文献\textcite
                                                  {R26}首次研究了NOMA技术协助的下行链路的无蜂...
The control sequence at the end of the top line
of your error message was never \def'ed. If you have
misspelled it (e.g., `\hobx'), type `I' and the correct
spelling (e.g., `I\hbox'). Otherwise just continue,
and I'll forget about whatever was undefined.

Missing character: There is no R in font nullfont!
Missing character: There is no 2 in font nullfont!
Missing character: There is no 6 in font nullfont!
Missing character: There is no 首 in font nullfont!
Missing character: There is no 次 in font nullfont!
Missing character: There is no 研 in font nullfont!
Missing character: There is no 究 in font nullfont!
Missing character: There is no 了 in font nullfont!
Missing character: There is no N in font nullfont!
Missing character: There is no O in font nullfont!
Missing character: There is no M in font nullfont!
Missing character: There is no A in font nullfont!
Missing character: There is no 技 in font nullfont!
Missing character: There is no 术 in font nullfont!
Missing character: There is no 协 in font nullfont!
Missing character: There is no 助 in font nullfont!
Missing character: There is no 的 in font nullfont!
Missing character: There is no 下 in font nullfont!
Missing character: There is no 行 in font nullfont!
Missing character: There is no 链 in font nullfont!
Missing character: There is no 路 in font nullfont!
Missing character: There is no 的 in font nullfont!
Missing character: There is no 无 in font nullfont!
Missing character: There is no 蜂 in font nullfont!
Missing character: There is no 窝 in font nullfont!
Missing character: There is no 大 in font nullfont!
Missing character: There is no 规 in font nullfont!
Missing character: There is no 模 in font nullfont!
Missing character: There is no M in font nullfont!
Missing character: There is no I in font nullfont!
Missing character: There is no M in font nullfont!
Missing character: There is no O in font nullfont!
Missing character: There is no 系 in font nullfont!
Missing character: There is no 统 in font nullfont!
Missing character: There is no ， in font nullfont!
Missing character: There is no 并 in font nullfont!
Missing character: There is no 对 in font nullfont!
Missing character: There is no 其 in font nullfont!
Missing character: There is no 性 in font nullfont!
Missing character: There is no 能 in font nullfont!
Missing character: There is no 进 in font nullfont!
Missing character: There is no 行 in font nullfont!
Missing character: There is no 了 in font nullfont!
Missing character: There is no 有 in font nullfont!
Missing character: There is no 效 in font nullfont!
Missing character: There is no 地 in font nullfont!
Missing character: There is no 分 in font nullfont!
Missing character: There is no 析 in font nullfont!
Missing character: There is no 。 in font nullfont!
Missing character: There is no 由 in font nullfont!
Missing character: There is no 于 in font nullfont!
Missing character: There is no 在 in font nullfont!
Missing character: There is no 相 in font nullfont!
Missing character: There is no 同 in font nullfont!
Missing character: There is no 簇 in font nullfont!
Missing character: There is no 中 in font nullfont!
Missing character: There is no 的 in font nullfont!
Missing character: There is no 所 in font nullfont!
Missing character: There is no 有 in font nullfont!
Missing character: There is no 用 in font nullfont!
Missing character: There is no 户 in font nullfont!
Missing character: There is no 都 in font nullfont!
Missing character: There is no 使 in font nullfont!
Missing character: There is no 用 in font nullfont!
Missing character: There is no 相 in font nullfont!
Missing character: There is no 同 in font nullfont!
Missing character: There is no 的 in font nullfont!
Missing character: There is no 导 in font nullfont!
Missing character: There is no 频 in font nullfont!
Missing character: There is no 序 in font nullfont!
Missing character: There is no 列 in font nullfont!
Missing character: There is no ， in font nullfont!
Missing character: There is no 因 in font nullfont!
Missing character: There is no 此 in font nullfont!
Missing character: There is no ， in font nullfont!
Missing character: There is no 数 in font nullfont!
Missing character: There is no 值 in font nullfont!
Missing character: There is no 结 in font nullfont!
Missing character: There is no 果 in font nullfont!
Missing character: There is no 表 in font nullfont!
Missing character: There is no 明 in font nullfont!
Missing character: There is no N in font nullfont!
Missing character: There is no O in font nullfont!
Missing character: There is no M in font nullfont!
Missing character: There is no A in font nullfont!
Missing character: There is no 所 in font nullfont!
Missing character: There is no 服 in font nullfont!
Missing character: There is no 务 in font nullfont!
Missing character: There is no 的 in font nullfont!
Missing character: There is no 用 in font nullfont!
Missing character: There is no 户 in font nullfont!
Missing character: There is no 显 in font nullfont!
Missing character: There is no 著 in font nullfont!
Missing character: There is no 高 in font nullfont!
Missing character: There is no 于 in font nullfont!
Missing character: There is no 传 in font nullfont!
Missing character: There is no 统 in font nullfont!
Missing character: There is no 的 in font nullfont!
Missing character: There is no 正 in font nullfont!
Missing character: There is no 交 in font nullfont!
Missing character: There is no 多 in font nullfont!
Missing character: There is no 址 in font nullfont!
Missing character: There is no 接 in font nullfont!
Missing character: There is no 入 in font nullfont!
Missing character: There is no ( in font nullfont!
Missing character: There is no o in font nullfont!
Missing character: There is no r in font nullfont!
Missing character: There is no t in font nullfont!
Missing character: There is no h in font nullfont!
Missing character: There is no o in font nullfont!
Missing character: There is no g in font nullfont!
Missing character: There is no o in font nullfont!
Missing character: There is no n in font nullfont!
Missing character: There is no a in font nullfont!
Missing character: There is no l in font nullfont!
Missing character: There is no m in font nullfont!
Missing character: There is no u in font nullfont!
Missing character: There is no l in font nullfont!
Missing character: There is no t in font nullfont!
Missing character: There is no i in font nullfont!
Missing character: There is no p in font nullfont!
Missing character: There is no l in font nullfont!
Missing character: There is no e in font nullfont!
Missing character: There is no a in font nullfont!
Missing character: There is no c in font nullfont!
Missing character: There is no c in font nullfont!
Missing character: There is no e in font nullfont!
Missing character: There is no s in font nullfont!
Missing character: There is no s in font nullfont!
Missing character: There is no , in font nullfont!
Missing character: There is no O in font nullfont!
Missing character: There is no M in font nullfont!
Missing character: There is no A in font nullfont!
Missing character: There is no ) in font nullfont!
Missing character: There is no 的 in font nullfont!
Missing character: There is no 用 in font nullfont!
Missing character: There is no 户 in font nullfont!
Missing character: There is no ， in font nullfont!
Missing character: There is no 并 in font nullfont!
Missing character: There is no 且 in font nullfont!
Missing character: There is no 系 in font nullfont!
Missing character: There is no 统 in font nullfont!
Missing character: There is no 所 in font nullfont!
Missing character: There is no 实 in font nullfont!
Missing character: There is no 现 in font nullfont!
Missing character: There is no 总 in font nullfont!
Missing character: There is no 的 in font nullfont!
Missing character: There is no S in font nullfont!
Missing character: There is no E in font nullfont!
Missing character: There is no 也 in font nullfont!
Missing character: There is no 优 in font nullfont!
Missing character: There is no 于 in font nullfont!
Missing character: There is no O in font nullfont!
Missing character: There is no M in font nullfont!
Missing character: There is no A in font nullfont!
Missing character: There is no 。 in font nullfont!
Missing character: There is no 基 in font nullfont!
Missing character: There is no 于 in font nullfont!
Missing character: There is no 此 in font nullfont!
Missing character: There is no 系 in font nullfont!
Missing character: There is no 统 in font nullfont!
Missing character: There is no 模 in font nullfont!
Missing character: There is no 型 in font nullfont!
Missing character: There is no ， in font nullfont!
Missing character: There is no 文 in font nullfont!
Missing character: There is no 献 in font nullfont!
! Undefined control sequence.
l.91 ...)的用户，并且系统所实现总的SE也优于OMA。基于此系统模型，文献\textcite
                                                  {R27}研究了AP配置多天线的情况，并根据得到的速...
The control sequence at the end of the top line
of your error message was never \def'ed. If you have
misspelled it (e.g., `\hobx'), type `I' and the correct
spelling (e.g., `I\hbox'). Otherwise just continue,
and I'll forget about whatever was undefined.

Missing character: There is no R in font nullfont!
Missing character: There is no 2 in font nullfont!
Missing character: There is no 7 in font nullfont!
Missing character: There is no 研 in font nullfont!
Missing character: There is no 究 in font nullfont!
Missing character: There is no 了 in font nullfont!
Missing character: There is no A in font nullfont!
Missing character: There is no P in font nullfont!
Missing character: There is no 配 in font nullfont!
Missing character: There is no 置 in font nullfont!
Missing character: There is no 多 in font nullfont!
Missing character: There is no 天 in font nullfont!
Missing character: There is no 线 in font nullfont!
Missing character: There is no 的 in font nullfont!
Missing character: There is no 情 in font nullfont!
Missing character: There is no 况 in font nullfont!
Missing character: There is no ， in font nullfont!
Missing character: There is no 并 in font nullfont!
Missing character: There is no 根 in font nullfont!
Missing character: There is no 据 in font nullfont!
Missing character: There is no 得 in font nullfont!
Missing character: There is no 到 in font nullfont!
Missing character: There is no 的 in font nullfont!
Missing character: There is no 速 in font nullfont!
Missing character: There is no 率 in font nullfont!
Missing character: There is no 闭 in font nullfont!
Missing character: There is no 式 in font nullfont!
Missing character: There is no 解 in font nullfont!
Missing character: There is no 提 in font nullfont!
Missing character: There is no 出 in font nullfont!
Missing character: There is no 了 in font nullfont!
Missing character: There is no 速 in font nullfont!
Missing character: There is no 率 in font nullfont!
Missing character: There is no 最 in font nullfont!
Missing character: There is no 大 in font nullfont!
Missing character: There is no 化 in font nullfont!
Missing character: There is no 功 in font nullfont!
Missing character: There is no 率 in font nullfont!
Missing character: There is no 控 in font nullfont!
Missing character: There is no 制 in font nullfont!
Missing character: There is no 算 in font nullfont!
Missing character: There is no 法 in font nullfont!
Missing character: There is no 。 in font nullfont!
Missing character: There is no 由 in font nullfont!
Missing character: There is no 于 in font nullfont!
Missing character: There is no 该 in font nullfont!
Missing character: There is no 优 in font nullfont!
Missing character: There is no 化 in font nullfont!
Missing character: There is no 问 in font nullfont!
Missing character: There is no 题 in font nullfont!
Missing character: There is no 为 in font nullfont!
Missing character: There is no 非 in font nullfont!
Missing character: There is no 凸 in font nullfont!
Missing character: There is no ， in font nullfont!
Missing character: There is no 研 in font nullfont!
Missing character: There is no 究 in font nullfont!
Missing character: There is no 表 in font nullfont!
Missing character: There is no 明 in font nullfont!
Missing character: There is no 其 in font nullfont!
Missing character: There is no 可 in font nullfont!
Missing character: There is no 以 in font nullfont!
Missing character: There is no 通 in font nullfont!
Missing character: There is no 过 in font nullfont!
Missing character: There is no 将 in font nullfont!
Missing character: There is no 原 in font nullfont!
Missing character: There is no 始 in font nullfont!
Missing character: There is no 优 in font nullfont!
Missing character: There is no 化 in font nullfont!
Missing character: There is no 问 in font nullfont!
Missing character: There is no 题 in font nullfont!
Missing character: There is no 通 in font nullfont!
Missing character: There is no 过 in font nullfont!
Missing character: There is no 连 in font nullfont!
Missing character: There is no 续 in font nullfont!
Missing character: There is no 凸 in font nullfont!
Missing character: There is no 逼 in font nullfont!
Missing character: There is no 近 in font nullfont!
Missing character: There is no ( in font nullfont!
Missing character: There is no s in font nullfont!
Missing character: There is no e in font nullfont!
Missing character: There is no q in font nullfont!
Missing character: There is no u in font nullfont!
Missing character: There is no e in font nullfont!
Missing character: There is no n in font nullfont!
Missing character: There is no t in font nullfont!
Missing character: There is no i in font nullfont!
Missing character: There is no a in font nullfont!
Missing character: There is no l in font nullfont!
Missing character: There is no c in font nullfont!
Missing character: There is no o in font nullfont!
Missing character: There is no n in font nullfont!
Missing character: There is no v in font nullfont!
Missing character: There is no e in font nullfont!
Missing character: There is no x in font nullfont!
Missing character: There is no a in font nullfont!
Missing character: There is no p in font nullfont!
Missing character: There is no p in font nullfont!
Missing character: There is no r in font nullfont!
Missing character: There is no o in font nullfont!
Missing character: There is no x in font nullfont!
Missing character: There is no i in font nullfont!
Missing character: There is no m in font nullfont!
Missing character: There is no a in font nullfont!
Missing character: There is no t in font nullfont!
Missing character: There is no i in font nullfont!
Missing character: There is no o in font nullfont!
Missing character: There is no n in font nullfont!
Missing character: There is no , in font nullfont!
Missing character: There is no S in font nullfont!
Missing character: There is no C in font nullfont!
Missing character: There is no A in font nullfont!
Missing character: There is no ) in font nullfont!
Missing character: There is no 方 in font nullfont!
Missing character: There is no 法 in font nullfont!
Missing character: There is no 来 in font nullfont!
Missing character: There is no 解 in font nullfont!
Missing character: There is no 决 in font nullfont!
Missing character: There is no 。 in font nullfont!
Missing character: There is no 为 in font nullfont!
Missing character: There is no 了 in font nullfont!
Missing character: There is no 最 in font nullfont!
Missing character: There is no 大 in font nullfont!
Missing character: There is no 化 in font nullfont!
Missing character: There is no 无 in font nullfont!
Missing character: There is no 蜂 in font nullfont!
Missing character: There is no 窝 in font nullfont!
Missing character: There is no 大 in font nullfont!
Missing character: There is no 规 in font nullfont!
Missing character: There is no 模 in font nullfont!
Missing character: There is no M in font nullfont!
Missing character: There is no I in font nullfont!
Missing character: There is no M in font nullfont!
Missing character: There is no O in font nullfont!
Missing character: There is no 系 in font nullfont!
Missing character: There is no 统 in font nullfont!
Missing character: There is no 用 in font nullfont!
Missing character: There is no 户 in font nullfont!
Missing character: There is no 的 in font nullfont!
Missing character: There is no 平 in font nullfont!
Missing character: There is no 均 in font nullfont!
Missing character: There is no 带 in font nullfont!
Missing character: There is no 宽 in font nullfont!
Missing character: There is no 效 in font nullfont!
Missing character: There is no 率 in font nullfont!
Missing character: There is no ， in font nullfont!
Missing character: There is no 文 in font nullfont!
Missing character: There is no 献 in font nullfont!
! Undefined control sequence.
l.91 ...解决。 为了最大化无蜂窝大规模MIMO系统用户的平均带宽效率，文献\textcite
                                                  {R28}中提出了自适应NOMA/OMA模式切换算法...
The control sequence at the end of the top line
of your error message was never \def'ed. If you have
misspelled it (e.g., `\hobx'), type `I' and the correct
spelling (e.g., `I\hbox'). Otherwise just continue,
and I'll forget about whatever was undefined.

Missing character: There is no R in font nullfont!
Missing character: There is no 2 in font nullfont!
Missing character: There is no 8 in font nullfont!
Missing character: There is no 中 in font nullfont!
Missing character: There is no 提 in font nullfont!
Missing character: There is no 出 in font nullfont!
Missing character: There is no 了 in font nullfont!
Missing character: There is no 自 in font nullfont!
Missing character: There is no 适 in font nullfont!
Missing character: There is no 应 in font nullfont!
Missing character: There is no N in font nullfont!
Missing character: There is no O in font nullfont!
Missing character: There is no M in font nullfont!
Missing character: There is no A in font nullfont!
Missing character: There is no / in font nullfont!
Missing character: There is no O in font nullfont!
Missing character: There is no M in font nullfont!
Missing character: There is no A in font nullfont!
Missing character: There is no 模 in font nullfont!
Missing character: There is no 式 in font nullfont!
Missing character: There is no 切 in font nullfont!
Missing character: There is no 换 in font nullfont!
Missing character: There is no 算 in font nullfont!
Missing character: There is no 法 in font nullfont!
Missing character: There is no 。 in font nullfont!
Missing character: There is no 此 in font nullfont!
Missing character: There is no 外 in font nullfont!
Missing character: There is no ， in font nullfont!
Missing character: There is no 为 in font nullfont!
Missing character: There is no 了 in font nullfont!
Missing character: There is no 更 in font nullfont!
Missing character: There is no 进 in font nullfont!
Missing character: There is no 一 in font nullfont!
Missing character: There is no 步 in font nullfont!
Missing character: There is no 地 in font nullfont!
Missing character: There is no 提 in font nullfont!
Missing character: There is no 高 in font nullfont!
Missing character: There is no 系 in font nullfont!
Missing character: There is no 统 in font nullfont!
Missing character: There is no S in font nullfont!
Missing character: There is no E in font nullfont!
Missing character: There is no ， in font nullfont!
Missing character: There is no 文 in font nullfont!
Missing character: There is no 献 in font nullfont!
! Undefined control sequence.
l.91 ...OMA/OMA模式切换算法。此外，为了更进一步地提高系统SE，文献\textcite
                                                  {R281}对终端直连(device to devi...
The control sequence at the end of the top line
of your error message was never \def'ed. If you have
misspelled it (e.g., `\hobx'), type `I' and the correct
spelling (e.g., `I\hbox'). Otherwise just continue,
and I'll forget about whatever was undefined.

Missing character: There is no R in font nullfont!
Missing character: There is no 2 in font nullfont!
Missing character: There is no 8 in font nullfont!
Missing character: There is no 1 in font nullfont!
Missing character: There is no 对 in font nullfont!
Missing character: There is no 终 in font nullfont!
Missing character: There is no 端 in font nullfont!
Missing character: There is no 直 in font nullfont!
Missing character: There is no 连 in font nullfont!
Missing character: There is no ( in font nullfont!
Missing character: There is no d in font nullfont!
Missing character: There is no e in font nullfont!
Missing character: There is no v in font nullfont!
Missing character: There is no i in font nullfont!
Missing character: There is no c in font nullfont!
Missing character: There is no e in font nullfont!
Missing character: There is no t in font nullfont!
Missing character: There is no o in font nullfont!
Missing character: There is no d in font nullfont!
Missing character: There is no e in font nullfont!
Missing character: There is no v in font nullfont!
Missing character: There is no i in font nullfont!
Missing character: There is no c in font nullfont!
Missing character: There is no e in font nullfont!
Missing character: There is no , in font nullfont!
Missing character: There is no D in font nullfont!
Missing character: There is no 2 in font nullfont!
Missing character: There is no D in font nullfont!
Missing character: There is no ) in font nullfont!
Missing character: There is no 和 in font nullfont!
Missing character: There is no 低 in font nullfont!
Missing character: There is no 分 in font nullfont!
Missing character: There is no 辨 in font nullfont!
Missing character: There is no 率 in font nullfont!
Missing character: There is no A in font nullfont!
Missing character: There is no D in font nullfont!
Missing character: There is no C in font nullfont!
Missing character: There is no s in font nullfont!
Missing character: There is no 协 in font nullfont!
Missing character: There is no 助 in font nullfont!
Missing character: There is no 的 in font nullfont!
Missing character: There is no 无 in font nullfont!
Missing character: There is no 蜂 in font nullfont!
Missing character: There is no 窝 in font nullfont!
Missing character: There is no 大 in font nullfont!
Missing character: There is no 规 in font nullfont!
Missing character: There is no 模 in font nullfont!
Missing character: There is no M in font nullfont!
Missing character: There is no I in font nullfont!
Missing character: There is no M in font nullfont!
Missing character: There is no O in font nullfont!
Missing character: There is no 系 in font nullfont!
Missing character: There is no 统 in font nullfont!
Missing character: There is no 进 in font nullfont!
Missing character: There is no 行 in font nullfont!
Missing character: There is no 了 in font nullfont!
Missing character: There is no 分 in font nullfont!
Missing character: There is no 析 in font nullfont!
Missing character: There is no ， in font nullfont!
Missing character: There is no 其 in font nullfont!
Missing character: There is no 中 in font nullfont!
Missing character: There is no 无 in font nullfont!
Missing character: There is no 蜂 in font nullfont!
Missing character: There is no 窝 in font nullfont!
Missing character: There is no 系 in font nullfont!
Missing character: There is no 统 in font nullfont!
Missing character: There is no 用 in font nullfont!
Missing character: There is no 户 in font nullfont!
Missing character: There is no 和 in font nullfont!
Missing character: There is no D in font nullfont!
Missing character: There is no 2 in font nullfont!
Missing character: There is no D in font nullfont!
Missing character: There is no 用 in font nullfont!
Missing character: There is no 户 in font nullfont!
Missing character: There is no 共 in font nullfont!
Missing character: There is no 享 in font nullfont!
Missing character: There is no 相 in font nullfont!
Missing character: There is no 同 in font nullfont!
Missing character: There is no 的 in font nullfont!
Missing character: There is no 频 in font nullfont!
Missing character: There is no 谱 in font nullfont!
Missing character: There is no 资 in font nullfont!
Missing character: There is no 源 in font nullfont!
Missing character: There is no 。 in font nullfont!
Missing character: There is no 为 in font nullfont!
Missing character: There is no 了 in font nullfont!
Missing character: There is no 有 in font nullfont!
Missing character: There is no 效 in font nullfont!
Missing character: There is no 地 in font nullfont!
Missing character: There is no 降 in font nullfont!
Missing character: There is no 低 in font nullfont!
Missing character: There is no 该 in font nullfont!
Missing character: There is no 系 in font nullfont!
Missing character: There is no 统 in font nullfont!
Missing character: There is no 的 in font nullfont!
Missing character: There is no 导 in font nullfont!
Missing character: There is no 频 in font nullfont!
Missing character: There is no 污 in font nullfont!
Missing character: There is no 染 in font nullfont!
Missing character: There is no 和 in font nullfont!
Missing character: There is no 同 in font nullfont!
Missing character: There is no 频 in font nullfont!
Missing character: There is no 干 in font nullfont!
Missing character: There is no 扰 in font nullfont!
Missing character: There is no ， in font nullfont!
Missing character: There is no 同 in font nullfont!
Missing character: There is no 时 in font nullfont!
Missing character: There is no 提 in font nullfont!
Missing character: There is no 高 in font nullfont!
Missing character: There is no 系 in font nullfont!
Missing character: There is no 统 in font nullfont!
Missing character: There is no 的 in font nullfont!
Missing character: There is no 性 in font nullfont!
Missing character: There is no 能 in font nullfont!
Missing character: There is no ， in font nullfont!
Missing character: There is no 该 in font nullfont!
Missing character: There is no 文 in font nullfont!
Missing character: There is no 献 in font nullfont!
Missing character: There is no 提 in font nullfont!
Missing character: There is no 出 in font nullfont!
Missing character: There is no 了 in font nullfont!
Missing character: There is no 基 in font nullfont!
Missing character: There is no 于 in font nullfont!
Missing character: There is no 贪 in font nullfont!
Missing character: There is no 婪 in font nullfont!
Missing character: There is no 算 in font nullfont!
Missing character: There is no 法 in font nullfont!
Missing character: There is no 、 in font nullfont!
Missing character: There is no 图 in font nullfont!
Missing character: There is no 形 in font nullfont!
Missing character: There is no 着 in font nullfont!
Missing character: There is no 色 in font nullfont!
Missing character: There is no 的 in font nullfont!
Missing character: There is no 算 in font nullfont!
Missing character: There is no 法 in font nullfont!
Missing character: There is no 和 in font nullfont!
Missing character: There is no 有 in font nullfont!
Missing character: There is no 效 in font nullfont!
Missing character: There is no 的 in font nullfont!
Missing character: There is no 功 in font nullfont!
Missing character: There is no 率 in font nullfont!
Missing character: There is no 控 in font nullfont!
Missing character: There is no 制 in font nullfont!
Missing character: There is no 方 in font nullfont!
Missing character: There is no 案 in font nullfont!
Missing character: There is no 等 in font nullfont!
Missing character: There is no 。 in font nullfont!

Overfull \hbox (25.43pt too wide) in paragraph at lines 91--92
[][]
 []


Overfull \hbox (5.43pt too wide) in paragraph at lines 91--92
[]
 []


Overfull \hbox (5.43pt too wide) in paragraph at lines 91--92
[]
 []


Overfull \hbox (5.43pt too wide) in paragraph at lines 91--92
[]
 []


Overfull \hbox (5.43pt too wide) in paragraph at lines 91--92
[]
 []


Overfull \hbox (5.43pt too wide) in paragraph at lines 91--92
[]
 []


Overfull \hbox (5.43pt too wide) in paragraph at lines 91--92
[]
 []


Overfull \hbox (5.43pt too wide) in paragraph at lines 91--92
[]
 []


Overfull \hbox (5.43pt too wide) in paragraph at lines 91--92
[]
 []


Overfull \hbox (5.43pt too wide) in paragraph at lines 91--92
[]
 []


! LaTeX Error: Missing \begin{document}.

See the LaTeX manual or LaTeX Companion for explanation.
Type  H <return>  for immediate help.
 ...                                              
                                                  
l.94 尽
      管上述研究工作已经对无蜂窝大规模MIMO系统进行了详实的理论分析、研究与优化，但其通常都是假定系统工作在不相关的瑞利信道。然而，由于每个位置...

You're in trouble here.  Try typing  <return>  to proceed.
If that doesn't work, type  X <return>  to quit.

Missing character: There is no 尽 in font nullfont!
Missing character: There is no 管 in font nullfont!
Missing character: There is no 上 in font nullfont!
Missing character: There is no 述 in font nullfont!
Missing character: There is no 研 in font nullfont!
Missing character: There is no 究 in font nullfont!
Missing character: There is no 工 in font nullfont!
Missing character: There is no 作 in font nullfont!
Missing character: There is no 已 in font nullfont!
Missing character: There is no 经 in font nullfont!
Missing character: There is no 对 in font nullfont!
Missing character: There is no 无 in font nullfont!
Missing character: There is no 蜂 in font nullfont!
Missing character: There is no 窝 in font nullfont!
Missing character: There is no 大 in font nullfont!
Missing character: There is no 规 in font nullfont!
Missing character: There is no 模 in font nullfont!
Missing character: There is no M in font nullfont!
Missing character: There is no I in font nullfont!
Missing character: There is no M in font nullfont!
Missing character: There is no O in font nullfont!
Missing character: There is no 系 in font nullfont!
Missing character: There is no 统 in font nullfont!
Missing character: There is no 进 in font nullfont!
Missing character: There is no 行 in font nullfont!
Missing character: There is no 了 in font nullfont!
Missing character: There is no 详 in font nullfont!
Missing character: There is no 实 in font nullfont!
Missing character: There is no 的 in font nullfont!
Missing character: There is no 理 in font nullfont!
Missing character: There is no 论 in font nullfont!
Missing character: There is no 分 in font nullfont!
Missing character: There is no 析 in font nullfont!
Missing character: There is no 、 in font nullfont!
Missing character: There is no 研 in font nullfont!
Missing character: There is no 究 in font nullfont!
Missing character: There is no 与 in font nullfont!
Missing character: There is no 优 in font nullfont!
Missing character: There is no 化 in font nullfont!
Missing character: There is no ， in font nullfont!
Missing character: There is no 但 in font nullfont!
Missing character: There is no 其 in font nullfont!
Missing character: There is no 通 in font nullfont!
Missing character: There is no 常 in font nullfont!
Missing character: There is no 都 in font nullfont!
Missing character: There is no 是 in font nullfont!
Missing character: There is no 假 in font nullfont!
Missing character: There is no 定 in font nullfont!
Missing character: There is no 系 in font nullfont!
Missing character: There is no 统 in font nullfont!
Missing character: There is no 工 in font nullfont!
Missing character: There is no 作 in font nullfont!
Missing character: There is no 在 in font nullfont!
Missing character: There is no 不 in font nullfont!
Missing character: There is no 相 in font nullfont!
Missing character: There is no 关 in font nullfont!
Missing character: There is no 的 in font nullfont!
Missing character: There is no 瑞 in font nullfont!
Missing character: There is no 利 in font nullfont!
Missing character: There is no 信 in font nullfont!
Missing character: There is no 道 in font nullfont!
Missing character: There is no 。 in font nullfont!
Missing character: There is no 然 in font nullfont!
Missing character: There is no 而 in font nullfont!
Missing character: There is no ， in font nullfont!
Missing character: There is no 由 in font nullfont!
Missing character: There is no 于 in font nullfont!
Missing character: There is no 每 in font nullfont!
Missing character: There is no 个 in font nullfont!
Missing character: There is no 位 in font nullfont!
Missing character: There is no 置 in font nullfont!
Missing character: There is no 随 in font nullfont!
Missing character: There is no 机 in font nullfont!
Missing character: There is no 部 in font nullfont!
Missing character: There is no 署 in font nullfont!
Missing character: There is no 的 in font nullfont!
Missing character: There is no A in font nullfont!
Missing character: There is no P in font nullfont!
Missing character: There is no 都 in font nullfont!
Missing character: There is no 将 in font nullfont!
Missing character: There is no 或 in font nullfont!
Missing character: There is no 配 in font nullfont!
Missing character: There is no 备 in font nullfont!
Missing character: There is no 多 in font nullfont!
Missing character: There is no 个 in font nullfont!
Missing character: There is no 天 in font nullfont!
Missing character: There is no 线 in font nullfont!
Missing character: There is no ， in font nullfont!
Missing character: There is no 在 in font nullfont!
Missing character: There is no 有 in font nullfont!
Missing character: There is no 限 in font nullfont!
Missing character: There is no 的 in font nullfont!
Missing character: There is no 物 in font nullfont!
Missing character: There is no 理 in font nullfont!
Missing character: There is no 空 in font nullfont!
Missing character: There is no 间 in font nullfont!
Missing character: There is no 中 in font nullfont!
Missing character: There is no 安 in font nullfont!
Missing character: There is no 装 in font nullfont!
Missing character: There is no 多 in font nullfont!
Missing character: There is no 个 in font nullfont!
Missing character: There is no 天 in font nullfont!
Missing character: There is no 线 in font nullfont!
Missing character: There is no 后 in font nullfont!
Missing character: There is no ， in font nullfont!
Missing character: There is no 实 in font nullfont!
Missing character: There is no 际 in font nullfont!
Missing character: There is no 的 in font nullfont!
Missing character: There is no 传 in font nullfont!
Missing character: There is no 输 in font nullfont!
Missing character: There is no 信 in font nullfont!
Missing character: There is no 道 in font nullfont!
Missing character: There is no 在 in font nullfont!
Missing character: There is no 空 in font nullfont!
Missing character: There is no 间 in font nullfont!
Missing character: There is no 上 in font nullfont!
Missing character: There is no 将 in font nullfont!
Missing character: There is no 表 in font nullfont!
Missing character: There is no 现 in font nullfont!
Missing character: There is no 出 in font nullfont!
Missing character: There is no 较 in font nullfont!
Missing character: There is no 强 in font nullfont!
Missing character: There is no 的 in font nullfont!
Missing character: There is no 相 in font nullfont!
Missing character: There is no 关 in font nullfont!
Missing character: There is no 性 in font nullfont!
! Undefined control sequence.
\@footnotetext ...tins {\reset@font \footnotesize 
                                                  \interlinepenalty \interfo...
l.94 ...带强信号，这时空间相关性衰落对于大规模的天线阵列非常大的影响\cite{R33}。}
                                                  。在过去的几年中，空间相关性已经在传统的大规模MIM...
The control sequence at the end of the top line
of your error message was never \def'ed. If you have
misspelled it (e.g., `\hobx'), type `I' and the correct
spelling (e.g., `I\hbox'). Otherwise just continue,
and I'll forget about whatever was undefined.

! Undefined control sequence.
\@footnotetext ...}\color@begingroup \@makefntext 
                                                  {\rule \z@ \footnotesep \i...
l.94 ...带强信号，这时空间相关性衰落对于大规模的天线阵列非常大的影响\cite{R33}。}
                                                  。在过去的几年中，空间相关性已经在传统的大规模MIM...
The control sequence at the end of the top line
of your error message was never \def'ed. If you have
misspelled it (e.g., `\hobx'), type `I' and the correct
spelling (e.g., `I\hbox'). Otherwise just continue,
and I'll forget about whatever was undefined.

Missing character: There is no 由 in font [lmroman10-regular]:mapping=tex-text;!
Missing character: There is no 于 in font [lmroman10-regular]:mapping=tex-text;!
Missing character: There is no 分 in font [lmroman10-regular]:mapping=tex-text;!
Missing character: There is no 布 in font [lmroman10-regular]:mapping=tex-text;!
Missing character: There is no 式 in font [lmroman10-regular]:mapping=tex-text;!
Missing character: There is no 中 in font [lmroman10-regular]:mapping=tex-text;!
Missing character: There is no 大 in font [lmroman10-regular]:mapping=tex-text;!
Missing character: There is no 量 in font [lmroman10-regular]:mapping=tex-text;!
Missing character: There is no 天 in font [lmroman10-regular]:mapping=tex-text;!
Missing character: There is no 线 in font [lmroman10-regular]:mapping=tex-text;!
Missing character: There is no 具 in font [lmroman10-regular]:mapping=tex-text;!
Missing character: There is no 有 in font [lmroman10-regular]:mapping=tex-text;!
Missing character: There is no 不 in font [lmroman10-regular]:mapping=tex-text;!
Missing character: There is no 均 in font [lmroman10-regular]:mapping=tex-text;!
Missing character: There is no 匀 in font [lmroman10-regular]:mapping=tex-text;!
Missing character: There is no 的 in font [lmroman10-regular]:mapping=tex-text;!
Missing character: There is no 辐 in font [lmroman10-regular]:mapping=tex-text;!
Missing character: There is no 射 in font [lmroman10-regular]:mapping=tex-text;!
Missing character: There is no 方 in font [lmroman10-regular]:mapping=tex-text;!
Missing character: There is no 向 in font [lmroman10-regular]:mapping=tex-text;!
Missing character: There is no 图 in font [lmroman10-regular]:mapping=tex-text;!
Missing character: There is no ， in font [lmroman10-regular]:mapping=tex-text;!
Missing character: There is no 并 in font [lmroman10-regular]:mapping=tex-text;!
Missing character: There is no 且 in font [lmroman10-regular]:mapping=tex-text;!
Missing character: There is no 物 in font [lmroman10-regular]:mapping=tex-text;!
Missing character: There is no 理 in font [lmroman10-regular]:mapping=tex-text;!
Missing character: There is no 传 in font [lmroman10-regular]:mapping=tex-text;!
Missing character: There is no 播 in font [lmroman10-regular]:mapping=tex-text;!
Missing character: There is no 环 in font [lmroman10-regular]:mapping=tex-text;!
Missing character: There is no 境 in font [lmroman10-regular]:mapping=tex-text;!
Missing character: There is no 使 in font [lmroman10-regular]:mapping=tex-text;!
Missing character: There is no 得 in font [lmroman10-regular]:mapping=tex-text;!
Missing character: There is no 某 in font [lmroman10-regular]:mapping=tex-text;!
Missing character: There is no 些 in font [lmroman10-regular]:mapping=tex-text;!
Missing character: There is no 空 in font [lmroman10-regular]:mapping=tex-text;!
Missing character: There is no 间 in font [lmroman10-regular]:mapping=tex-text;!
Missing character: There is no 方 in font [lmroman10-regular]:mapping=tex-text;!
Missing character: There is no 向 in font [lmroman10-regular]:mapping=tex-text;!
Missing character: There is no 比 in font [lmroman10-regular]:mapping=tex-text;!
Missing character: There is no 其 in font [lmroman10-regular]:mapping=tex-text;!
Missing character: There is no 他 in font [lmroman10-regular]:mapping=tex-text;!
Missing character: There is no 方 in font [lmroman10-regular]:mapping=tex-text;!
Missing character: There is no 向 in font [lmroman10-regular]:mapping=tex-text;!
Missing character: There is no 更 in font [lmroman10-regular]:mapping=tex-text;!
Missing character: There is no 可 in font [lmroman10-regular]:mapping=tex-text;!
Missing character: There is no 能 in font [lmroman10-regular]:mapping=tex-text;!
Missing character: There is no 携 in font [lmroman10-regular]:mapping=tex-text;!
Missing character: There is no 带 in font [lmroman10-regular]:mapping=tex-text;!
Missing character: There is no 强 in font [lmroman10-regular]:mapping=tex-text;!
Missing character: There is no 信 in font [lmroman10-regular]:mapping=tex-text;!
Missing character: There is no 号 in font [lmroman10-regular]:mapping=tex-text;!
Missing character: There is no ， in font [lmroman10-regular]:mapping=tex-text;!
Missing character: There is no 这 in font [lmroman10-regular]:mapping=tex-text;!
Missing character: There is no 时 in font [lmroman10-regular]:mapping=tex-text;!
Missing character: There is no 空 in font [lmroman10-regular]:mapping=tex-text;!
Missing character: There is no 间 in font [lmroman10-regular]:mapping=tex-text;!
Missing character: There is no 相 in font [lmroman10-regular]:mapping=tex-text;!
Missing character: There is no 关 in font [lmroman10-regular]:mapping=tex-text;!
Missing character: There is no 性 in font [lmroman10-regular]:mapping=tex-text;!
Missing character: There is no 衰 in font [lmroman10-regular]:mapping=tex-text;!
Missing character: There is no 落 in font [lmroman10-regular]:mapping=tex-text;!
Missing character: There is no 对 in font [lmroman10-regular]:mapping=tex-text;!
Missing character: There is no 于 in font [lmroman10-regular]:mapping=tex-text;!
Missing character: There is no 大 in font [lmroman10-regular]:mapping=tex-text;!
Missing character: There is no 规 in font [lmroman10-regular]:mapping=tex-text;!
Missing character: There is no 模 in font [lmroman10-regular]:mapping=tex-text;!
Missing character: There is no 的 in font [lmroman10-regular]:mapping=tex-text;!
Missing character: There is no 天 in font [lmroman10-regular]:mapping=tex-text;!
Missing character: There is no 线 in font [lmroman10-regular]:mapping=tex-text;!
Missing character: There is no 阵 in font [lmroman10-regular]:mapping=tex-text;!
Missing character: There is no 列 in font [lmroman10-regular]:mapping=tex-text;!
Missing character: There is no 非 in font [lmroman10-regular]:mapping=tex-text;!
Missing character: There is no 常 in font [lmroman10-regular]:mapping=tex-text;!
Missing character: There is no 大 in font [lmroman10-regular]:mapping=tex-text;!
Missing character: There is no 的 in font [lmroman10-regular]:mapping=tex-text;!
Missing character: There is no 影 in font [lmroman10-regular]:mapping=tex-text;!
Missing character: There is no 响 in font [lmroman10-regular]:mapping=tex-text;!
\citation{R33}
! Undefined control sequence.
<write> ...: Citation `\@citeb ' on page \thepage 
                                                  \space undefined\on@line .^^J
l.94 ...带强信号，这时空间相关性衰落对于大规模的天线阵列非常大的影响\cite{R33}。}
                                                  。在过去的几年中，空间相关性已经在传统的大规模MIM...
The control sequence at the end of the top line
of your error message was never \def'ed. If you have
misspelled it (e.g., `\hobx'), type `I' and the correct
spelling (e.g., `I\hbox'). Otherwise just continue,
and I'll forget about whatever was undefined.


LaTeX Warning: Citation `R33' on page  undefined on input line 94.

Missing character: There is no 。 in font [lmroman10-regular]:mapping=tex-text;!

Overfull \hbox (247.64pt too wide) in paragraph at lines 94--94
[][]\TU/lmr/m/n/10 由于分布式APs中大量天线具有不均匀的辐射方向图，并且物理传播环境使得某些空间方向比其他方向更可能携带强信号，这时空间相
关性衰落对于大规模的天线阵列非常大的影响[[]]。| 
 []

Missing character: There is no 。 in font nullfont!
Missing character: There is no 在 in font nullfont!
Missing character: There is no 过 in font nullfont!
Missing character: There is no 去 in font nullfont!
Missing character: There is no 的 in font nullfont!
Missing character: There is no 几 in font nullfont!
Missing character: There is no 年 in font nullfont!
Missing character: There is no 中 in font nullfont!
Missing character: There is no ， in font nullfont!
Missing character: There is no 空 in font nullfont!
Missing character: There is no 间 in font nullfont!
Missing character: There is no 相 in font nullfont!
Missing character: There is no 关 in font nullfont!
Missing character: There is no 性 in font nullfont!
Missing character: There is no 已 in font nullfont!
Missing character: There is no 经 in font nullfont!
Missing character: There is no 在 in font nullfont!
Missing character: There is no 传 in font nullfont!
Missing character: There is no 统 in font nullfont!
Missing character: There is no 的 in font nullfont!
Missing character: There is no 大 in font nullfont!
Missing character: There is no 规 in font nullfont!
Missing character: There is no 模 in font nullfont!
Missing character: There is no M in font nullfont!
Missing character: There is no I in font nullfont!
Missing character: There is no M in font nullfont!
Missing character: There is no O in font nullfont!
Missing character: There is no 系 in font nullfont!
Missing character: There is no 统 in font nullfont!
Missing character: There is no 中 in font nullfont!
Missing character: There is no 引 in font nullfont!
Missing character: There is no 起 in font nullfont!
Missing character: There is no 了 in font nullfont!
Missing character: There is no 广 in font nullfont!
Missing character: There is no 泛 in font nullfont!
Missing character: There is no 关 in font nullfont!
Missing character: There is no 注 in font nullfont!
Missing character: There is no [ in font nullfont!
\citation{R29}
! Undefined control sequence.
<write> ...: Citation `\@citeb ' on page \thepage 
                                                  \space undefined\on@line .^^J
l.94 ...系统中引起了广泛关注\cite{R29,R30,R31,R311,R32,R321}
                                                  。其中，针对空间相关瑞丽信道和低分辨率ADCs协助的...
The control sequence at the end of the top line
of your error message was never \def'ed. If you have
misspelled it (e.g., `\hobx'), type `I' and the correct
spelling (e.g., `I\hbox'). Otherwise just continue,
and I'll forget about whatever was undefined.


LaTeX Warning: Citation `R29' on page  undefined on input line 94.

Missing character: There is no , in font nullfont!
\citation{R30}
! Undefined control sequence.
<write> ...: Citation `\@citeb ' on page \thepage 
                                                  \space undefined\on@line .^^J
l.94 ...系统中引起了广泛关注\cite{R29,R30,R31,R311,R32,R321}
                                                  。其中，针对空间相关瑞丽信道和低分辨率ADCs协助的...
The control sequence at the end of the top line
of your error message was never \def'ed. If you have
misspelled it (e.g., `\hobx'), type `I' and the correct
spelling (e.g., `I\hbox'). Otherwise just continue,
and I'll forget about whatever was undefined.


LaTeX Warning: Citation `R30' on page  undefined on input line 94.

Missing character: There is no , in font nullfont!
\citation{R31}
! Undefined control sequence.
<write> ...: Citation `\@citeb ' on page \thepage 
                                                  \space undefined\on@line .^^J
l.94 ...系统中引起了广泛关注\cite{R29,R30,R31,R311,R32,R321}
                                                  。其中，针对空间相关瑞丽信道和低分辨率ADCs协助的...
The control sequence at the end of the top line
of your error message was never \def'ed. If you have
misspelled it (e.g., `\hobx'), type `I' and the correct
spelling (e.g., `I\hbox'). Otherwise just continue,
and I'll forget about whatever was undefined.


LaTeX Warning: Citation `R31' on page  undefined on input line 94.

Missing character: There is no , in font nullfont!
\citation{R311}
! Undefined control sequence.
<write> ...: Citation `\@citeb ' on page \thepage 
                                                  \space undefined\on@line .^^J
l.94 ...系统中引起了广泛关注\cite{R29,R30,R31,R311,R32,R321}
                                                  。其中，针对空间相关瑞丽信道和低分辨率ADCs协助的...
The control sequence at the end of the top line
of your error message was never \def'ed. If you have
misspelled it (e.g., `\hobx'), type `I' and the correct
spelling (e.g., `I\hbox'). Otherwise just continue,
and I'll forget about whatever was undefined.


LaTeX Warning: Citation `R311' on page  undefined on input line 94.

Missing character: There is no , in font nullfont!
\citation{R32}
! Undefined control sequence.
<write> ...: Citation `\@citeb ' on page \thepage 
                                                  \space undefined\on@line .^^J
l.94 ...系统中引起了广泛关注\cite{R29,R30,R31,R311,R32,R321}
                                                  。其中，针对空间相关瑞丽信道和低分辨率ADCs协助的...
The control sequence at the end of the top line
of your error message was never \def'ed. If you have
misspelled it (e.g., `\hobx'), type `I' and the correct
spelling (e.g., `I\hbox'). Otherwise just continue,
and I'll forget about whatever was undefined.


LaTeX Warning: Citation `R32' on page  undefined on input line 94.

Missing character: There is no , in font nullfont!
\citation{R321}
! Undefined control sequence.
<write> ...: Citation `\@citeb ' on page \thepage 
                                                  \space undefined\on@line .^^J
l.94 ...系统中引起了广泛关注\cite{R29,R30,R31,R311,R32,R321}
                                                  。其中，针对空间相关瑞丽信道和低分辨率ADCs协助的...
The control sequence at the end of the top line
of your error message was never \def'ed. If you have
misspelled it (e.g., `\hobx'), type `I' and the correct
spelling (e.g., `I\hbox'). Otherwise just continue,
and I'll forget about whatever was undefined.


LaTeX Warning: Citation `R321' on page  undefined on input line 94.

Missing character: There is no ] in font nullfont!
Missing character: There is no 。 in font nullfont!
Missing character: There is no 其 in font nullfont!
Missing character: There is no 中 in font nullfont!
Missing character: There is no ， in font nullfont!
Missing character: There is no 针 in font nullfont!
Missing character: There is no 对 in font nullfont!
Missing character: There is no 空 in font nullfont!
Missing character: There is no 间 in font nullfont!
Missing character: There is no 相 in font nullfont!
Missing character: There is no 关 in font nullfont!
Missing character: There is no 瑞 in font nullfont!
Missing character: There is no 丽 in font nullfont!
Missing character: There is no 信 in font nullfont!
Missing character: There is no 道 in font nullfont!
Missing character: There is no 和 in font nullfont!
Missing character: There is no 低 in font nullfont!
Missing character: There is no 分 in font nullfont!
Missing character: There is no 辨 in font nullfont!
Missing character: There is no 率 in font nullfont!
Missing character: There is no A in font nullfont!
Missing character: There is no D in font nullfont!
Missing character: There is no C in font nullfont!
Missing character: There is no s in font nullfont!
Missing character: There is no 协 in font nullfont!
Missing character: There is no 助 in font nullfont!
Missing character: There is no 的 in font nullfont!
Missing character: There is no 大 in font nullfont!
Missing character: There is no 规 in font nullfont!
Missing character: There is no 模 in font nullfont!
Missing character: There is no M in font nullfont!
Missing character: There is no I in font nullfont!
Missing character: There is no M in font nullfont!
Missing character: There is no O in font nullfont!
Missing character: There is no 中 in font nullfont!
Missing character: There is no 继 in font nullfont!
Missing character: There is no 系 in font nullfont!
Missing character: There is no 统 in font nullfont!
Missing character: There is no ， in font nullfont!
Missing character: There is no 文 in font nullfont!
Missing character: There is no 献 in font nullfont!
! Undefined control sequence.
l.94 ...相关瑞丽信道和低分辨率ADCs协助的大规模MIMO中继系统，文献 \textcite
                                                  {R30}分析了系统的SE、EE，和其均衡问题。文献...
The control sequence at the end of the top line
of your error message was never \def'ed. If you have
misspelled it (e.g., `\hobx'), type `I' and the correct
spelling (e.g., `I\hbox'). Otherwise just continue,
and I'll forget about whatever was undefined.

Missing character: There is no R in font nullfont!
Missing character: There is no 3 in font nullfont!
Missing character: There is no 0 in font nullfont!
Missing character: There is no 分 in font nullfont!
Missing character: There is no 析 in font nullfont!
Missing character: There is no 了 in font nullfont!
Missing character: There is no 系 in font nullfont!
Missing character: There is no 统 in font nullfont!
Missing character: There is no 的 in font nullfont!
Missing character: There is no S in font nullfont!
Missing character: There is no E in font nullfont!
Missing character: There is no 、 in font nullfont!
Missing character: There is no E in font nullfont!
Missing character: There is no E in font nullfont!
Missing character: There is no ， in font nullfont!
Missing character: There is no 和 in font nullfont!
Missing character: There is no 其 in font nullfont!
Missing character: There is no 均 in font nullfont!
Missing character: There is no 衡 in font nullfont!
Missing character: There is no 问 in font nullfont!
Missing character: There is no 题 in font nullfont!
Missing character: There is no 。 in font nullfont!
Missing character: There is no 文 in font nullfont!
Missing character: There is no 献 in font nullfont!
! Undefined control sequence.
l.94 ...extcite{R30}分析了系统的SE、EE，和其均衡问题。文献\textcite
                                                  {R32}通过使用最小二乘估计算法，对无功率分配情况...
The control sequence at the end of the top line
of your error message was never \def'ed. If you have
misspelled it (e.g., `\hobx'), type `I' and the correct
spelling (e.g., `I\hbox'). Otherwise just continue,
and I'll forget about whatever was undefined.

Missing character: There is no R in font nullfont!
Missing character: There is no 3 in font nullfont!
Missing character: There is no 2 in font nullfont!
Missing character: There is no 通 in font nullfont!
Missing character: There is no 过 in font nullfont!
Missing character: There is no 使 in font nullfont!
Missing character: There is no 用 in font nullfont!
Missing character: There is no 最 in font nullfont!
Missing character: There is no 小 in font nullfont!
Missing character: There is no 二 in font nullfont!
Missing character: There is no 乘 in font nullfont!
Missing character: There is no 估 in font nullfont!
Missing character: There is no 计 in font nullfont!
Missing character: There is no 算 in font nullfont!
Missing character: There is no 法 in font nullfont!
Missing character: There is no ， in font nullfont!
Missing character: There is no 对 in font nullfont!
Missing character: There is no 无 in font nullfont!
Missing character: There is no 功 in font nullfont!
Missing character: There is no 率 in font nullfont!
Missing character: There is no 分 in font nullfont!
Missing character: There is no 配 in font nullfont!
Missing character: There is no 情 in font nullfont!
Missing character: There is no 况 in font nullfont!
Missing character: There is no 下 in font nullfont!
Missing character: There is no 空 in font nullfont!
Missing character: There is no 间 in font nullfont!
Missing character: There is no 相 in font nullfont!
Missing character: There is no 关 in font nullfont!
Missing character: There is no 瑞 in font nullfont!
Missing character: There is no 利 in font nullfont!
Missing character: There is no 衰 in font nullfont!
Missing character: There is no 落 in font nullfont!
Missing character: There is no 无 in font nullfont!
Missing character: There is no 蜂 in font nullfont!
Missing character: There is no 窝 in font nullfont!
Missing character: There is no 大 in font nullfont!
Missing character: There is no 规 in font nullfont!
Missing character: There is no 模 in font nullfont!
Missing character: There is no M in font nullfont!
Missing character: There is no I in font nullfont!
Missing character: There is no M in font nullfont!
Missing character: There is no O in font nullfont!
Missing character: There is no 的 in font nullfont!
Missing character: There is no 上 in font nullfont!
Missing character: There is no 行 in font nullfont!
Missing character: There is no 链 in font nullfont!
Missing character: There is no 路 in font nullfont!
Missing character: There is no 性 in font nullfont!
Missing character: There is no 能 in font nullfont!
Missing character: There is no [ in font nullfont!
\citation{R321}
! Undefined control sequence.
<write> ...: Citation `\@citeb ' on page \thepage 
                                                  \space undefined\on@line .^^J
l.94 ...相关瑞利衰落无蜂窝大规模MIMO的上行链路性能\cite{R321,R33,R37}
                                                  。
The control sequence at the end of the top line
of your error message was never \def'ed. If you have
misspelled it (e.g., `\hobx'), type `I' and the correct
spelling (e.g., `I\hbox'). Otherwise just continue,
and I'll forget about whatever was undefined.


LaTeX Warning: Citation `R321' on page  undefined on input line 94.

Missing character: There is no , in font nullfont!
\citation{R33}
! Undefined control sequence.
<write> ...: Citation `\@citeb ' on page \thepage 
                                                  \space undefined\on@line .^^J
l.94 ...相关瑞利衰落无蜂窝大规模MIMO的上行链路性能\cite{R321,R33,R37}
                                                  。
The control sequence at the end of the top line
of your error message was never \def'ed. If you have
misspelled it (e.g., `\hobx'), type `I' and the correct
spelling (e.g., `I\hbox'). Otherwise just continue,
and I'll forget about whatever was undefined.


LaTeX Warning: Citation `R33' on page  undefined on input line 94.

Missing character: There is no , in font nullfont!
\citation{R37}
! Undefined control sequence.
<write> ...: Citation `\@citeb ' on page \thepage 
                                                  \space undefined\on@line .^^J
l.94 ...相关瑞利衰落无蜂窝大规模MIMO的上行链路性能\cite{R321,R33,R37}
                                                  。
The control sequence at the end of the top line
of your error message was never \def'ed. If you have
misspelled it (e.g., `\hobx'), type `I' and the correct
spelling (e.g., `I\hbox'). Otherwise just continue,
and I'll forget about whatever was undefined.


LaTeX Warning: Citation `R37' on page  undefined on input line 94.

Missing character: There is no ] in font nullfont!
Missing character: There is no 。 in font nullfont!

Overfull \hbox (29.913pt too wide) in paragraph at lines 94--95
[][][]
 []


Overfull \hbox (5.43pt too wide) in paragraph at lines 94--95
[]
 []


Overfull \hbox (5.43pt too wide) in paragraph at lines 94--95
[]
 []


Overfull \hbox (5.43pt too wide) in paragraph at lines 94--95
[]
 []


Overfull \hbox (5.43pt too wide) in paragraph at lines 94--95
[]
 []


Overfull \hbox (5.43pt too wide) in paragraph at lines 94--95
[]
 []


Overfull \hbox (5.43pt too wide) in paragraph at lines 94--95
[]
 []


Overfull \hbox (5.43pt too wide) in paragraph at lines 94--95
[]
 []


Overfull \hbox (5.43pt too wide) in paragraph at lines 94--95
[] 
 []


! LaTeX Error: Missing \begin{document}.

See the LaTeX manual or LaTeX Companion for explanation.
Type  H <return>  for immediate help.
 ...                                              
                                                  
l.98 此
      外，为了最大程度地提高上行链路无蜂窝大规模MIMO的最小用户速率进行了研究，文献\textcite{R45}提出了系统总速率的最大最小公平问...

You're in trouble here.  Try typing  <return>  to proceed.
If that doesn't work, type  X <return>  to quit.

Missing character: There is no 此 in font nullfont!
Missing character: There is no 外 in font nullfont!
Missing character: There is no ， in font nullfont!
Missing character: There is no 为 in font nullfont!
Missing character: There is no 了 in font nullfont!
Missing character: There is no 最 in font nullfont!
Missing character: There is no 大 in font nullfont!
Missing character: There is no 程 in font nullfont!
Missing character: There is no 度 in font nullfont!
Missing character: There is no 地 in font nullfont!
Missing character: There is no 提 in font nullfont!
Missing character: There is no 高 in font nullfont!
Missing character: There is no 上 in font nullfont!
Missing character: There is no 行 in font nullfont!
Missing character: There is no 链 in font nullfont!
Missing character: There is no 路 in font nullfont!
Missing character: There is no 无 in font nullfont!
Missing character: There is no 蜂 in font nullfont!
Missing character: There is no 窝 in font nullfont!
Missing character: There is no 大 in font nullfont!
Missing character: There is no 规 in font nullfont!
Missing character: There is no 模 in font nullfont!
Missing character: There is no M in font nullfont!
Missing character: There is no I in font nullfont!
Missing character: There is no M in font nullfont!
Missing character: There is no O in font nullfont!
Missing character: There is no 的 in font nullfont!
Missing character: There is no 最 in font nullfont!
Missing character: There is no 小 in font nullfont!
Missing character: There is no 用 in font nullfont!
Missing character: There is no 户 in font nullfont!
Missing character: There is no 速 in font nullfont!
Missing character: There is no 率 in font nullfont!
Missing character: There is no 进 in font nullfont!
Missing character: There is no 行 in font nullfont!
Missing character: There is no 了 in font nullfont!
Missing character: There is no 研 in font nullfont!
Missing character: There is no 究 in font nullfont!
Missing character: There is no ， in font nullfont!
Missing character: There is no 文 in font nullfont!
Missing character: There is no 献 in font nullfont!
! Undefined control sequence.
l.98 ...度地提高上行链路无蜂窝大规模MIMO的最小用户速率进行了研究，文献\textcite
                                                  {R45}提出了系统总速率的最大最小公平问题。为了求...
The control sequence at the end of the top line
of your error message was never \def'ed. If you have
misspelled it (e.g., `\hobx'), type `I' and the correct
spelling (e.g., `I\hbox'). Otherwise just continue,
and I'll forget about whatever was undefined.

Missing character: There is no R in font nullfont!
Missing character: There is no 4 in font nullfont!
Missing character: There is no 5 in font nullfont!
Missing character: There is no 提 in font nullfont!
Missing character: There is no 出 in font nullfont!
Missing character: There is no 了 in font nullfont!
Missing character: There is no 系 in font nullfont!
Missing character: There is no 统 in font nullfont!
Missing character: There is no 总 in font nullfont!
Missing character: There is no 速 in font nullfont!
Missing character: There is no 率 in font nullfont!
Missing character: There is no 的 in font nullfont!
Missing character: There is no 最 in font nullfont!
Missing character: There is no 大 in font nullfont!
Missing character: There is no 最 in font nullfont!
Missing character: There is no 小 in font nullfont!
Missing character: There is no 公 in font nullfont!
Missing character: There is no 平 in font nullfont!
Missing character: There is no 问 in font nullfont!
Missing character: There is no 题 in font nullfont!
Missing character: There is no 。 in font nullfont!
Missing character: There is no 为 in font nullfont!
Missing character: There is no 了 in font nullfont!
Missing character: There is no 求 in font nullfont!
Missing character: There is no 解 in font nullfont!
Missing character: There is no 该 in font nullfont!
Missing character: There is no 问 in font nullfont!
Missing character: There is no 题 in font nullfont!
Missing character: There is no ， in font nullfont!
Missing character: There is no 论 in font nullfont!
Missing character: There is no 文 in font nullfont!
Missing character: There is no 将 in font nullfont!
Missing character: There is no 原 in font nullfont!
Missing character: There is no 问 in font nullfont!
Missing character: There is no 题 in font nullfont!
Missing character: There is no 分 in font nullfont!
Missing character: There is no 解 in font nullfont!
Missing character: There is no 成 in font nullfont!
Missing character: There is no 了 in font nullfont!
Missing character: There is no 两 in font nullfont!
Missing character: There is no 个 in font nullfont!
Missing character: There is no 单 in font nullfont!
Missing character: There is no 独 in font nullfont!
Missing character: There is no 不 in font nullfont!
Missing character: There is no 相 in font nullfont!
Missing character: There is no 关 in font nullfont!
Missing character: There is no 的 in font nullfont!
Missing character: There is no 子 in font nullfont!
Missing character: There is no 问 in font nullfont!
Missing character: There is no 题 in font nullfont!
Missing character: There is no ， in font nullfont!
Missing character: There is no 即 in font nullfont!
Missing character: There is no 分 in font nullfont!
Missing character: There is no 别 in font nullfont!
Missing character: There is no 进 in font nullfont!
Missing character: There is no 行 in font nullfont!
Missing character: There is no 了 in font nullfont!
Missing character: There is no 接 in font nullfont!
Missing character: There is no 收 in font nullfont!
Missing character: There is no 机 in font nullfont!
Missing character: There is no 滤 in font nullfont!
Missing character: There is no 波 in font nullfont!
Missing character: There is no 器 in font nullfont!
Missing character: There is no 的 in font nullfont!
Missing character: There is no 设 in font nullfont!
Missing character: There is no 计 in font nullfont!
Missing character: There is no 和 in font nullfont!
Missing character: There is no 功 in font nullfont!
Missing character: There is no 率 in font nullfont!
Missing character: There is no 分 in font nullfont!
Missing character: There is no 配 in font nullfont!
Missing character: There is no 。 in font nullfont!
Missing character: There is no 考 in font nullfont!
Missing character: There is no 虑 in font nullfont!
Missing character: There is no 到 in font nullfont!
Missing character: There is no 多 in font nullfont!
Missing character: There is no 组 in font nullfont!
Missing character: There is no 多 in font nullfont!
Missing character: There is no 播 in font nullfont!
Missing character: There is no 系 in font nullfont!
Missing character: There is no 统 in font nullfont!
Missing character: There is no 可 in font nullfont!
Missing character: There is no 以 in font nullfont!
Missing character: There is no 为 in font nullfont!
Missing character: There is no 多 in font nullfont!
Missing character: There is no 个 in font nullfont!
Missing character: There is no 目 in font nullfont!
Missing character: There is no 标 in font nullfont!
Missing character: There is no 同 in font nullfont!
Missing character: There is no 时 in font nullfont!
Missing character: There is no 提 in font nullfont!
Missing character: There is no 供 in font nullfont!
Missing character: There is no 更 in font nullfont!
Missing character: There is no 加 in font nullfont!
Missing character: There is no 高 in font nullfont!
Missing character: There is no 效 in font nullfont!
Missing character: There is no 的 in font nullfont!
Missing character: There is no 传 in font nullfont!
Missing character: There is no 输 in font nullfont!
Missing character: There is no 服 in font nullfont!
Missing character: There is no 务 in font nullfont!
Missing character: There is no ， in font nullfont!
Missing character: There is no 文 in font nullfont!
Missing character: There is no 献 in font nullfont!
! Undefined control sequence.
l.98 ...。考虑到多组多播系统可以为多个目标同时提供更加高效的传输服务，文献\textcite
                                                  {R46}研究了基于CB和短期功率约束(short-...
The control sequence at the end of the top line
of your error message was never \def'ed. If you have
misspelled it (e.g., `\hobx'), type `I' and the correct
spelling (e.g., `I\hbox'). Otherwise just continue,
and I'll forget about whatever was undefined.

Missing character: There is no R in font nullfont!
Missing character: There is no 4 in font nullfont!
Missing character: There is no 6 in font nullfont!
Missing character: There is no 研 in font nullfont!
Missing character: There is no 究 in font nullfont!
Missing character: There is no 了 in font nullfont!
Missing character: There is no 基 in font nullfont!
Missing character: There is no 于 in font nullfont!
Missing character: There is no C in font nullfont!
Missing character: There is no B in font nullfont!
Missing character: There is no 和 in font nullfont!
Missing character: There is no 短 in font nullfont!
Missing character: There is no 期 in font nullfont!
Missing character: There is no 功 in font nullfont!
Missing character: There is no 率 in font nullfont!
Missing character: There is no 约 in font nullfont!
Missing character: There is no 束 in font nullfont!
Missing character: There is no ( in font nullfont!
Missing character: There is no s in font nullfont!
Missing character: There is no h in font nullfont!
Missing character: There is no o in font nullfont!
Missing character: There is no r in font nullfont!
Missing character: There is no t in font nullfont!
Missing character: There is no - in font nullfont!
Missing character: There is no t in font nullfont!
Missing character: There is no e in font nullfont!
Missing character: There is no r in font nullfont!
Missing character: There is no m in font nullfont!
Missing character: There is no p in font nullfont!
Missing character: There is no o in font nullfont!
Missing character: There is no w in font nullfont!
Missing character: There is no e in font nullfont!
Missing character: There is no r in font nullfont!
Missing character: There is no c in font nullfont!
Missing character: There is no o in font nullfont!
Missing character: There is no n in font nullfont!
Missing character: There is no s in font nullfont!
Missing character: There is no t in font nullfont!
Missing character: There is no r in font nullfont!
Missing character: There is no a in font nullfont!
Missing character: There is no i in font nullfont!
Missing character: There is no n in font nullfont!
Missing character: There is no t in font nullfont!
Missing character: There is no , in font nullfont!
Missing character: There is no S in font nullfont!
Missing character: There is no T in font nullfont!
Missing character: There is no P in font nullfont!
Missing character: There is no C in font nullfont!
Missing character: There is no ) in font nullfont!
Missing character: There is no 的 in font nullfont!
Missing character: There is no 多 in font nullfont!
Missing character: There is no 组 in font nullfont!
Missing character: There is no 多 in font nullfont!
Missing character: There is no 播 in font nullfont!
Missing character: There is no 无 in font nullfont!
Missing character: There is no 蜂 in font nullfont!
Missing character: There is no 窝 in font nullfont!
Missing character: There is no 大 in font nullfont!
Missing character: There is no 规 in font nullfont!
Missing character: There is no 模 in font nullfont!
Missing character: There is no M in font nullfont!
Missing character: There is no I in font nullfont!
Missing character: There is no M in font nullfont!
Missing character: There is no O in font nullfont!
Missing character: There is no 系 in font nullfont!
Missing character: There is no 统 in font nullfont!
Missing character: There is no 。 in font nullfont!
Missing character: There is no 研 in font nullfont!
Missing character: There is no 究 in font nullfont!
Missing character: There is no 结 in font nullfont!
Missing character: There is no 果 in font nullfont!
Missing character: There is no 表 in font nullfont!
Missing character: There is no 明 in font nullfont!
Missing character: There is no ， in font nullfont!
Missing character: There is no 当 in font nullfont!
Missing character: There is no 系 in font nullfont!
Missing character: There is no 统 in font nullfont!
Missing character: There is no 中 in font nullfont!
Missing character: There is no 组 in font nullfont!
Missing character: There is no 的 in font nullfont!
Missing character: There is no 数 in font nullfont!
Missing character: There is no 量 in font nullfont!
Missing character: There is no 较 in font nullfont!
Missing character: There is no 小 in font nullfont!
Missing character: There is no 时 in font nullfont!
Missing character: There is no ， in font nullfont!
Missing character: There is no S in font nullfont!
Missing character: There is no T in font nullfont!
Missing character: There is no P in font nullfont!
Missing character: There is no C in font nullfont!
Missing character: There is no 的 in font nullfont!
Missing character: There is no 性 in font nullfont!
Missing character: There is no 能 in font nullfont!
Missing character: There is no 优 in font nullfont!
Missing character: There is no 于 in font nullfont!
Missing character: There is no 长 in font nullfont!
Missing character: There is no 期 in font nullfont!
Missing character: There is no 功 in font nullfont!
Missing character: There is no 率 in font nullfont!
Missing character: There is no 约 in font nullfont!
Missing character: There is no 束 in font nullfont!
Missing character: There is no 。 in font nullfont!
Missing character: There is no 基 in font nullfont!
Missing character: There is no 于 in font nullfont!
Missing character: There is no 此 in font nullfont!
Missing character: There is no ， in font nullfont!
Missing character: There is no 文 in font nullfont!
Missing character: There is no 献 in font nullfont!
! Undefined control sequence.
l.98 ...系统中组的数量较小时，STPC的性能优于长期功率约束。基于此，文献\textcite
                                                  {R47}对下行链路多组多播无蜂窝大规模MIMO系统...
The control sequence at the end of the top line
of your error message was never \def'ed. If you have
misspelled it (e.g., `\hobx'), type `I' and the correct
spelling (e.g., `I\hbox'). Otherwise just continue,
and I'll forget about whatever was undefined.

Missing character: There is no R in font nullfont!
Missing character: There is no 4 in font nullfont!
Missing character: There is no 7 in font nullfont!
Missing character: There is no 对 in font nullfont!
Missing character: There is no 下 in font nullfont!
Missing character: There is no 行 in font nullfont!
Missing character: There is no 链 in font nullfont!
Missing character: There is no 路 in font nullfont!
Missing character: There is no 多 in font nullfont!
Missing character: There is no 组 in font nullfont!
Missing character: There is no 多 in font nullfont!
Missing character: There is no 播 in font nullfont!
Missing character: There is no 无 in font nullfont!
Missing character: There is no 蜂 in font nullfont!
Missing character: There is no 窝 in font nullfont!
Missing character: There is no 大 in font nullfont!
Missing character: There is no 规 in font nullfont!
Missing character: There is no 模 in font nullfont!
Missing character: There is no M in font nullfont!
Missing character: There is no I in font nullfont!
Missing character: There is no M in font nullfont!
Missing character: There is no O in font nullfont!
Missing character: There is no 系 in font nullfont!
Missing character: There is no 统 in font nullfont!
Missing character: There is no 的 in font nullfont!
Missing character: There is no 最 in font nullfont!
Missing character: There is no 大 in font nullfont!
Missing character: There is no 最 in font nullfont!
Missing character: There is no 小 in font nullfont!
Missing character: There is no 公 in font nullfont!
Missing character: There is no 平 in font nullfont!
Missing character: There is no 性 in font nullfont!
Missing character: There is no 能 in font nullfont!
Missing character: There is no 进 in font nullfont!
Missing character: There is no 行 in font nullfont!
Missing character: There is no 了 in font nullfont!
Missing character: There is no 研 in font nullfont!
Missing character: There is no 究 in font nullfont!
Missing character: There is no 。 in font nullfont!
Missing character: There is no 不 in font nullfont!
Missing character: There is no 同 in font nullfont!
Missing character: There is no 于 in font nullfont!
Missing character: There is no 上 in font nullfont!
Missing character: There is no 述 in font nullfont!
Missing character: There is no 使 in font nullfont!
Missing character: There is no 用 in font nullfont!
Missing character: There is no 传 in font nullfont!
Missing character: There is no 统 in font nullfont!
Missing character: There is no 的 in font nullfont!
Missing character: There is no O in font nullfont!
Missing character: There is no M in font nullfont!
Missing character: There is no A in font nullfont!
Missing character: There is no 外 in font nullfont!
Missing character: There is no ， in font nullfont!
Missing character: There is no 由 in font nullfont!
Missing character: There is no 于 in font nullfont!
Missing character: There is no N in font nullfont!
Missing character: There is no O in font nullfont!
Missing character: There is no M in font nullfont!
Missing character: There is no A in font nullfont!
Missing character: There is no 可 in font nullfont!
Missing character: There is no 以 in font nullfont!
Missing character: There is no 在 in font nullfont!
Missing character: There is no 相 in font nullfont!
Missing character: There is no 同 in font nullfont!
Missing character: There is no 的 in font nullfont!
Missing character: There is no 频 in font nullfont!
Missing character: There is no 率 in font nullfont!
Missing character: There is no / in font nullfont!
Missing character: There is no 时 in font nullfont!
Missing character: There is no 间 in font nullfont!
Missing character: There is no / in font nullfont!
Missing character: There is no 空 in font nullfont!
Missing character: There is no 间 in font nullfont!
Missing character: There is no 资 in font nullfont!
Missing character: There is no 源 in font nullfont!
Missing character: There is no 中 in font nullfont!
Missing character: There is no 服 in font nullfont!
Missing character: There is no 务 in font nullfont!
Missing character: There is no 多 in font nullfont!
Missing character: There is no 个 in font nullfont!
Missing character: There is no 用 in font nullfont!
Missing character: There is no 户 in font nullfont!
Missing character: There is no ， in font nullfont!
Missing character: There is no 文 in font nullfont!
Missing character: There is no 献 in font nullfont!
! Undefined control sequence.
l.98 ...，由于NOMA可以在相同的频率/时间/空间资源中服务多个用户，文献\textcite
                                                  {R48,R49,R50,R51}对基于NOMA技术...
The control sequence at the end of the top line
of your error message was never \def'ed. If you have
misspelled it (e.g., `\hobx'), type `I' and the correct
spelling (e.g., `I\hbox'). Otherwise just continue,
and I'll forget about whatever was undefined.

Missing character: There is no R in font nullfont!
Missing character: There is no 4 in font nullfont!
Missing character: There is no 8 in font nullfont!
Missing character: There is no , in font nullfont!
Missing character: There is no R in font nullfont!
Missing character: There is no 4 in font nullfont!
Missing character: There is no 9 in font nullfont!
Missing character: There is no , in font nullfont!
Missing character: There is no R in font nullfont!
Missing character: There is no 5 in font nullfont!
Missing character: There is no 0 in font nullfont!
Missing character: There is no , in font nullfont!
Missing character: There is no R in font nullfont!
Missing character: There is no 5 in font nullfont!
Missing character: There is no 1 in font nullfont!
Missing character: There is no 对 in font nullfont!
Missing character: There is no 基 in font nullfont!
Missing character: There is no 于 in font nullfont!
Missing character: There is no N in font nullfont!
Missing character: There is no O in font nullfont!
Missing character: There is no M in font nullfont!
Missing character: There is no A in font nullfont!
Missing character: There is no 技 in font nullfont!
Missing character: There is no 术 in font nullfont!
Missing character: There is no 的 in font nullfont!
Missing character: There is no 无 in font nullfont!
Missing character: There is no 蜂 in font nullfont!
Missing character: There is no 窝 in font nullfont!
Missing character: There is no 大 in font nullfont!
Missing character: There is no 规 in font nullfont!
Missing character: There is no 模 in font nullfont!
Missing character: There is no M in font nullfont!
Missing character: There is no I in font nullfont!
Missing character: There is no M in font nullfont!
Missing character: There is no O in font nullfont!
Missing character: There is no 进 in font nullfont!
Missing character: There is no 行 in font nullfont!
Missing character: There is no 了 in font nullfont!
Missing character: There is no 相 in font nullfont!
Missing character: There is no 应 in font nullfont!
Missing character: There is no 的 in font nullfont!
Missing character: There is no 研 in font nullfont!
Missing character: There is no 究 in font nullfont!
Missing character: There is no 。 in font nullfont!
Missing character: There is no 此 in font nullfont!
Missing character: There is no 外 in font nullfont!
Missing character: There is no ， in font nullfont!
Missing character: There is no 不 in font nullfont!
Missing character: There is no 同 in font nullfont!
Missing character: There is no 于 in font nullfont!
Missing character: There is no 上 in font nullfont!
Missing character: There is no 述 in font nullfont!
Missing character: There is no 所 in font nullfont!
Missing character: There is no 使 in font nullfont!
Missing character: There is no 用 in font nullfont!
Missing character: There is no 的 in font nullfont!
Missing character: There is no 矩 in font nullfont!
Missing character: There is no 阵 in font nullfont!
Missing character: There is no 理 in font nullfont!
Missing character: There is no 论 in font nullfont!
Missing character: There is no 工 in font nullfont!
Missing character: There is no 具 in font nullfont!
Missing character: There is no ， in font nullfont!
Missing character: There is no 文 in font nullfont!
Missing character: There is no 献 in font nullfont!
! Undefined control sequence.
l.98 ...IMO进行了相应的研究。此外，不同于上述所使用的矩阵理论工具，文献\textcite
                                                  {R50}通过采用随机几何工具，获得了系统的可实现速...
The control sequence at the end of the top line
of your error message was never \def'ed. If you have
misspelled it (e.g., `\hobx'), type `I' and the correct
spelling (e.g., `I\hbox'). Otherwise just continue,
and I'll forget about whatever was undefined.

Missing character: There is no R in font nullfont!
Missing character: There is no 5 in font nullfont!
Missing character: There is no 0 in font nullfont!
Missing character: There is no 通 in font nullfont!
Missing character: There is no 过 in font nullfont!
Missing character: There is no 采 in font nullfont!
Missing character: There is no 用 in font nullfont!
Missing character: There is no 随 in font nullfont!
Missing character: There is no 机 in font nullfont!
Missing character: There is no 几 in font nullfont!
Missing character: There is no 何 in font nullfont!
Missing character: There is no 工 in font nullfont!
Missing character: There is no 具 in font nullfont!
Missing character: There is no ， in font nullfont!
Missing character: There is no 获 in font nullfont!
Missing character: There is no 得 in font nullfont!
Missing character: There is no 了 in font nullfont!
Missing character: There is no 系 in font nullfont!
Missing character: There is no 统 in font nullfont!
Missing character: There is no 的 in font nullfont!
Missing character: There is no 可 in font nullfont!
Missing character: There is no 实 in font nullfont!
Missing character: There is no 现 in font nullfont!
Missing character: There is no 速 in font nullfont!
Missing character: There is no 率 in font nullfont!
Missing character: There is no 和 in font nullfont!
Missing character: There is no 连 in font nullfont!
Missing character: There is no 续 in font nullfont!
Missing character: There is no 干 in font nullfont!
Missing character: There is no 扰 in font nullfont!
Missing character: There is no 消 in font nullfont!
Missing character: There is no 除 in font nullfont!
Missing character: There is no ( in font nullfont!
Missing character: There is no s in font nullfont!
Missing character: There is no u in font nullfont!
Missing character: There is no c in font nullfont!
Missing character: There is no c in font nullfont!
Missing character: There is no e in font nullfont!
Missing character: There is no s in font nullfont!
Missing character: There is no s in font nullfont!
Missing character: There is no i in font nullfont!
Missing character: There is no v in font nullfont!
Missing character: There is no e in font nullfont!
Missing character: There is no i in font nullfont!
Missing character: There is no n in font nullfont!
Missing character: There is no t in font nullfont!
Missing character: There is no e in font nullfont!
Missing character: There is no r in font nullfont!
Missing character: There is no f in font nullfont!
Missing character: There is no e in font nullfont!
Missing character: There is no r in font nullfont!
Missing character: There is no e in font nullfont!
Missing character: There is no n in font nullfont!
Missing character: There is no c in font nullfont!
Missing character: There is no e in font nullfont!
Missing character: There is no c in font nullfont!
Missing character: There is no a in font nullfont!
Missing character: There is no n in font nullfont!
Missing character: There is no c in font nullfont!
Missing character: There is no e in font nullfont!
Missing character: There is no l in font nullfont!
Missing character: There is no l in font nullfont!
Missing character: There is no a in font nullfont!
Missing character: There is no t in font nullfont!
Missing character: There is no i in font nullfont!
Missing character: There is no o in font nullfont!
Missing character: There is no n in font nullfont!
Missing character: There is no , in font nullfont!
Missing character: There is no S in font nullfont!
Missing character: There is no I in font nullfont!
Missing character: There is no C in font nullfont!
Missing character: There is no ) in font nullfont!
Missing character: There is no 概 in font nullfont!
Missing character: There is no 率 in font nullfont!
Missing character: There is no 。 in font nullfont!
Missing character: There is no 文 in font nullfont!
Missing character: There is no 献 in font nullfont!
! Undefined control sequence.
l.98 ...erference cancellation, SIC)概率。文献\textcite
                                                  {R52}研究了基于NOMA协助的无蜂窝大规模MIM...
The control sequence at the end of the top line
of your error message was never \def'ed. If you have
misspelled it (e.g., `\hobx'), type `I' and the correct
spelling (e.g., `I\hbox'). Otherwise just continue,
and I'll forget about whatever was undefined.

Missing character: There is no R in font nullfont!
Missing character: There is no 5 in font nullfont!
Missing character: There is no 2 in font nullfont!
Missing character: There is no 研 in font nullfont!
Missing character: There is no 究 in font nullfont!
Missing character: There is no 了 in font nullfont!
Missing character: There is no 基 in font nullfont!
Missing character: There is no 于 in font nullfont!
Missing character: There is no N in font nullfont!
Missing character: There is no O in font nullfont!
Missing character: There is no M in font nullfont!
Missing character: There is no A in font nullfont!
Missing character: There is no 协 in font nullfont!
Missing character: There is no 助 in font nullfont!
Missing character: There is no 的 in font nullfont!
Missing character: There is no 无 in font nullfont!
Missing character: There is no 蜂 in font nullfont!
Missing character: There is no 窝 in font nullfont!
Missing character: There is no 大 in font nullfont!
Missing character: There is no 规 in font nullfont!
Missing character: There is no 模 in font nullfont!
Missing character: There is no M in font nullfont!
Missing character: There is no I in font nullfont!
Missing character: There is no M in font nullfont!
Missing character: There is no O in font nullfont!
Missing character: There is no 系 in font nullfont!
Missing character: There is no 统 in font nullfont!
Missing character: There is no 的 in font nullfont!
Missing character: There is no S in font nullfont!
Missing character: There is no E in font nullfont!
Missing character: There is no 最 in font nullfont!
Missing character: There is no 大 in font nullfont!
Missing character: There is no 化 in font nullfont!
Missing character: There is no 问 in font nullfont!
Missing character: There is no 题 in font nullfont!
Missing character: There is no 。 in font nullfont!
Missing character: There is no 为 in font nullfont!
Missing character: There is no 了 in font nullfont!
Missing character: There is no 有 in font nullfont!
Missing character: There is no 效 in font nullfont!
Missing character: There is no 地 in font nullfont!
Missing character: There is no 解 in font nullfont!
Missing character: There is no 决 in font nullfont!
Missing character: There is no 地 in font nullfont!
Missing character: There is no 该 in font nullfont!
Missing character: There is no 非 in font nullfont!
Missing character: There is no 凸 in font nullfont!
Missing character: There is no 优 in font nullfont!
Missing character: There is no 化 in font nullfont!
Missing character: There is no 问 in font nullfont!
Missing character: There is no 题 in font nullfont!
Missing character: There is no ， in font nullfont!
Missing character: There is no 论 in font nullfont!
Missing character: There is no 文 in font nullfont!
Missing character: There is no 提 in font nullfont!
Missing character: There is no 出 in font nullfont!
Missing character: There is no 了 in font nullfont!
Missing character: There is no 一 in font nullfont!
Missing character: There is no 种 in font nullfont!
Missing character: There is no 序 in font nullfont!
Missing character: There is no 列 in font nullfont!
Missing character: There is no 凸 in font nullfont!
Missing character: There is no 逼 in font nullfont!
Missing character: There is no 近 in font nullfont!
Missing character: There is no ( in font nullfont!
Missing character: There is no s in font nullfont!
Missing character: There is no e in font nullfont!
Missing character: There is no q in font nullfont!
Missing character: There is no u in font nullfont!
Missing character: There is no e in font nullfont!
Missing character: There is no n in font nullfont!
Missing character: There is no t in font nullfont!
Missing character: There is no i in font nullfont!
Missing character: There is no a in font nullfont!
Missing character: There is no l in font nullfont!
Missing character: There is no c in font nullfont!
Missing character: There is no o in font nullfont!
Missing character: There is no n in font nullfont!
Missing character: There is no v in font nullfont!
Missing character: There is no e in font nullfont!
Missing character: There is no x in font nullfont!
Missing character: There is no a in font nullfont!
Missing character: There is no p in font nullfont!
Missing character: There is no p in font nullfont!
Missing character: There is no r in font nullfont!
Missing character: There is no o in font nullfont!
Missing character: There is no x in font nullfont!
Missing character: There is no i in font nullfont!
Missing character: There is no m in font nullfont!
Missing character: There is no a in font nullfont!
Missing character: There is no t in font nullfont!
Missing character: There is no i in font nullfont!
Missing character: There is no o in font nullfont!
Missing character: There is no n in font nullfont!
Missing character: There is no , in font nullfont!
Missing character: There is no S in font nullfont!
Missing character: There is no C in font nullfont!
Missing character: There is no A in font nullfont!
Missing character: There is no ) in font nullfont!
Missing character: There is no 方 in font nullfont!
Missing character: There is no 法 in font nullfont!
Missing character: There is no 。 in font nullfont!
Missing character: There is no 此 in font nullfont!
Missing character: There is no 外 in font nullfont!
Missing character: There is no ， in font nullfont!
Missing character: There is no 文 in font nullfont!
Missing character: There is no 献 in font nullfont!
! Undefined control sequence.
l.98 ...onvex approximation, SCA)方法。此外，文献\textcite
                                                  {R52}研究了CB预处理方案协助的下行无蜂窝大规模...
The control sequence at the end of the top line
of your error message was never \def'ed. If you have
misspelled it (e.g., `\hobx'), type `I' and the correct
spelling (e.g., `I\hbox'). Otherwise just continue,
and I'll forget about whatever was undefined.

Missing character: There is no R in font nullfont!
Missing character: There is no 5 in font nullfont!
Missing character: There is no 2 in font nullfont!
Missing character: There is no 研 in font nullfont!
Missing character: There is no 究 in font nullfont!
Missing character: There is no 了 in font nullfont!
Missing character: There is no C in font nullfont!
Missing character: There is no B in font nullfont!
Missing character: There is no 预 in font nullfont!
Missing character: There is no 处 in font nullfont!
Missing character: There is no 理 in font nullfont!
Missing character: There is no 方 in font nullfont!
Missing character: There is no 案 in font nullfont!
Missing character: There is no 协 in font nullfont!
Missing character: There is no 助 in font nullfont!
Missing character: There is no 的 in font nullfont!
Missing character: There is no 下 in font nullfont!
Missing character: There is no 行 in font nullfont!
Missing character: There is no 无 in font nullfont!
Missing character: There is no 蜂 in font nullfont!
Missing character: There is no 窝 in font nullfont!
Missing character: There is no 大 in font nullfont!
Missing character: There is no 规 in font nullfont!
Missing character: There is no 模 in font nullfont!
Missing character: There is no M in font nullfont!
Missing character: There is no I in font nullfont!
Missing character: There is no M in font nullfont!
Missing character: There is no O in font nullfont!
Missing character: There is no 系 in font nullfont!
Missing character: There is no 统 in font nullfont!
Missing character: There is no 。 in font nullfont!
Missing character: There is no 考 in font nullfont!
Missing character: There is no 虑 in font nullfont!
Missing character: There is no 到 in font nullfont!
Missing character: There is no 回 in font nullfont!
Missing character: There is no 程 in font nullfont!
Missing character: There is no 功 in font nullfont!
Missing character: There is no 率 in font nullfont!
Missing character: There is no 损 in font nullfont!
Missing character: There is no 耗 in font nullfont!
Missing character: There is no 和 in font nullfont!
Missing character: There is no A in font nullfont!
Missing character: There is no P in font nullfont!
Missing character: There is no 天 in font nullfont!
Missing character: There is no 线 in font nullfont!
Missing character: There is no 数 in font nullfont!
Missing character: There is no 量 in font nullfont!
Missing character: There is no 的 in font nullfont!
Missing character: There is no 影 in font nullfont!
Missing character: There is no 响 in font nullfont!
Missing character: There is no ， in font nullfont!
Missing character: There is no 其 in font nullfont!
Missing character: There is no 获 in font nullfont!
Missing character: There is no 得 in font nullfont!
Missing character: There is no 了 in font nullfont!
Missing character: There is no 系 in font nullfont!
Missing character: There is no 统 in font nullfont!
Missing character: There is no 的 in font nullfont!
Missing character: There is no 总 in font nullfont!
Missing character: There is no S in font nullfont!
Missing character: There is no E in font nullfont!
Missing character: There is no 和 in font nullfont!
Missing character: There is no 总 in font nullfont!
Missing character: There is no E in font nullfont!
Missing character: There is no E in font nullfont!
Missing character: There is no 。 in font nullfont!
Missing character: There is no 为 in font nullfont!
Missing character: There is no 了 in font nullfont!
Missing character: There is no 最 in font nullfont!
Missing character: There is no 大 in font nullfont!
Missing character: There is no 化 in font nullfont!
Missing character: There is no 该 in font nullfont!
Missing character: There is no 系 in font nullfont!
Missing character: There is no 统 in font nullfont!
Missing character: There is no 的 in font nullfont!
Missing character: There is no 总 in font nullfont!
Missing character: There is no E in font nullfont!
Missing character: There is no E in font nullfont!
Missing character: There is no ， in font nullfont!
Missing character: There is no 该 in font nullfont!
Missing character: There is no 论 in font nullfont!
Missing character: There is no 文 in font nullfont!
Missing character: There is no 还 in font nullfont!
Missing character: There is no 提 in font nullfont!
Missing character: There is no 出 in font nullfont!
Missing character: There is no 了 in font nullfont!
Missing character: There is no 一 in font nullfont!
Missing character: There is no 种 in font nullfont!
Missing character: There is no 最 in font nullfont!
Missing character: There is no 佳 in font nullfont!
Missing character: There is no 的 in font nullfont!
Missing character: There is no 功 in font nullfont!
Missing character: There is no 率 in font nullfont!
Missing character: There is no 分 in font nullfont!
Missing character: There is no 配 in font nullfont!
Missing character: There is no 算 in font nullfont!
Missing character: There is no 法 in font nullfont!
Missing character: There is no 。 in font nullfont!
Missing character: There is no 研 in font nullfont!
Missing character: There is no 究 in font nullfont!
Missing character: There is no 结 in font nullfont!
Missing character: There is no 果 in font nullfont!
Missing character: There is no 表 in font nullfont!
Missing character: There is no 明 in font nullfont!
Missing character: There is no ， in font nullfont!
Missing character: There is no 与 in font nullfont!
Missing character: There is no 传 in font nullfont!
Missing character: There is no 统 in font nullfont!
Missing character: There is no 的 in font nullfont!
Missing character: There is no 等 in font nullfont!
Missing character: There is no 功 in font nullfont!
Missing character: There is no 率 in font nullfont!
Missing character: There is no 分 in font nullfont!
Missing character: There is no 配 in font nullfont!
Missing character: There is no 相 in font nullfont!
Missing character: There is no 比 in font nullfont!
Missing character: There is no ， in font nullfont!
Missing character: There is no 该 in font nullfont!
Missing character: There is no 算 in font nullfont!
Missing character: There is no 法 in font nullfont!
Missing character: There is no 可 in font nullfont!
Missing character: There is no 以 in font nullfont!
Missing character: There is no 有 in font nullfont!
Missing character: There is no 效 in font nullfont!
Missing character: There is no 地 in font nullfont!
Missing character: There is no 提 in font nullfont!
Missing character: There is no 高 in font nullfont!
Missing character: There is no 该 in font nullfont!
Missing character: There is no 系 in font nullfont!
Missing character: There is no 统 in font nullfont!
Missing character: There is no 的 in font nullfont!
Missing character: There is no 总 in font nullfont!
Missing character: There is no E in font nullfont!
Missing character: There is no E in font nullfont!
Missing character: There is no 。 in font nullfont!
Missing character: There is no 与 in font nullfont!
Missing character: There is no 文 in font nullfont!
Missing character: There is no 献 in font nullfont!
! Undefined control sequence.
l.98 ...与传统的等功率分配相比，该算法可以有效地提高该系统的总EE。与文献\textcite
                                                  {R52}和\textcite{R53}不同，论文\...
The control sequence at the end of the top line
of your error message was never \def'ed. If you have
misspelled it (e.g., `\hobx'), type `I' and the correct
spelling (e.g., `I\hbox'). Otherwise just continue,
and I'll forget about whatever was undefined.

Missing character: There is no R in font nullfont!
Missing character: There is no 5 in font nullfont!
Missing character: There is no 2 in font nullfont!
Missing character: There is no 和 in font nullfont!
! Undefined control sequence.
l.98 ...可以有效地提高该系统的总EE。与文献\textcite{R52}和\textcite
                                                  {R53}不同，论文\textcite {R54}和...
The control sequence at the end of the top line
of your error message was never \def'ed. If you have
misspelled it (e.g., `\hobx'), type `I' and the correct
spelling (e.g., `I\hbox'). Otherwise just continue,
and I'll forget about whatever was undefined.

Missing character: There is no R in font nullfont!
Missing character: There is no 5 in font nullfont!
Missing character: There is no 3 in font nullfont!
Missing character: There is no 不 in font nullfont!
Missing character: There is no 同 in font nullfont!
Missing character: There is no ， in font nullfont!
Missing character: There is no 论 in font nullfont!
Missing character: There is no 文 in font nullfont!
! Undefined control sequence.
l.98 ...textcite{R52}和\textcite{R53}不同，论文\textcite
                                                   {R54}和\textcite{R55}都考虑了较...
The control sequence at the end of the top line
of your error message was never \def'ed. If you have
misspelled it (e.g., `\hobx'), type `I' and the correct
spelling (e.g., `I\hbox'). Otherwise just continue,
and I'll forget about whatever was undefined.

Missing character: There is no R in font nullfont!
Missing character: There is no 5 in font nullfont!
Missing character: There is no 4 in font nullfont!
Missing character: There is no 和 in font nullfont!
! Undefined control sequence.
l.98 ...extcite{R53}不同，论文\textcite {R54}和\textcite
                                                  {R55}都考虑了较为复杂的ZF预编码方案，研究表明...
The control sequence at the end of the top line
of your error message was never \def'ed. If you have
misspelled it (e.g., `\hobx'), type `I' and the correct
spelling (e.g., `I\hbox'). Otherwise just continue,
and I'll forget about whatever was undefined.

Missing character: There is no R in font nullfont!
Missing character: There is no 5 in font nullfont!
Missing character: There is no 5 in font nullfont!
Missing character: There is no 都 in font nullfont!
Missing character: There is no 考 in font nullfont!
Missing character: There is no 虑 in font nullfont!
Missing character: There is no 了 in font nullfont!
Missing character: There is no 较 in font nullfont!
Missing character: There is no 为 in font nullfont!
Missing character: There is no 复 in font nullfont!
Missing character: There is no 杂 in font nullfont!
Missing character: There is no 的 in font nullfont!
Missing character: There is no Z in font nullfont!
Missing character: There is no F in font nullfont!
Missing character: There is no 预 in font nullfont!
Missing character: There is no 编 in font nullfont!
Missing character: There is no 码 in font nullfont!
Missing character: There is no 方 in font nullfont!
Missing character: There is no 案 in font nullfont!
Missing character: There is no ， in font nullfont!
Missing character: There is no 研 in font nullfont!
Missing character: There is no 究 in font nullfont!
Missing character: There is no 表 in font nullfont!
Missing character: There is no 明 in font nullfont!
Missing character: There is no ， in font nullfont!
Missing character: There is no Z in font nullfont!
Missing character: There is no F in font nullfont!
Missing character: There is no 可 in font nullfont!
Missing character: There is no 以 in font nullfont!
Missing character: There is no 实 in font nullfont!
Missing character: There is no 现 in font nullfont!
Missing character: There is no 比 in font nullfont!
Missing character: There is no C in font nullfont!
Missing character: There is no B in font nullfont!
Missing character: There is no 更 in font nullfont!
Missing character: There is no 好 in font nullfont!
Missing character: There is no 的 in font nullfont!
Missing character: There is no 系 in font nullfont!
Missing character: There is no 统 in font nullfont!
Missing character: There is no 性 in font nullfont!
Missing character: There is no 能 in font nullfont!
Missing character: There is no ， in font nullfont!
Missing character: There is no 其 in font nullfont!
Missing character: There is no 主 in font nullfont!
Missing character: There is no 要 in font nullfont!
Missing character: There is no 原 in font nullfont!
Missing character: There is no 因 in font nullfont!
Missing character: There is no 是 in font nullfont!
Missing character: There is no 其 in font nullfont!
Missing character: There is no 可 in font nullfont!
Missing character: There is no 以 in font nullfont!
Missing character: There is no 有 in font nullfont!
Missing character: There is no 效 in font nullfont!
Missing character: There is no 地 in font nullfont!
Missing character: There is no 消 in font nullfont!
Missing character: There is no 除 in font nullfont!
Missing character: There is no 用 in font nullfont!
Missing character: There is no 户 in font nullfont!
Missing character: There is no 间 in font nullfont!
Missing character: There is no 干 in font nullfont!
Missing character: There is no 扰 in font nullfont!
Missing character: There is no 。 in font nullfont!
Missing character: There is no 此 in font nullfont!
Missing character: There is no 外 in font nullfont!
Missing character: There is no ， in font nullfont!
Missing character: There is no 文 in font nullfont!
Missing character: There is no 献 in font nullfont!
! Undefined control sequence.
l.98 ...更好的系统性能，其主要原因是其可以有效地消除用户间干扰。此外，文献\textcite
                                                   {R56}则对毫米波段的无蜂窝大规模MIMO系统进...
The control sequence at the end of the top line
of your error message was never \def'ed. If you have
misspelled it (e.g., `\hobx'), type `I' and the correct
spelling (e.g., `I\hbox'). Otherwise just continue,
and I'll forget about whatever was undefined.

Missing character: There is no R in font nullfont!
Missing character: There is no 5 in font nullfont!
Missing character: There is no 6 in font nullfont!
Missing character: There is no 则 in font nullfont!
Missing character: There is no 对 in font nullfont!
Missing character: There is no 毫 in font nullfont!
Missing character: There is no 米 in font nullfont!
Missing character: There is no 波 in font nullfont!
Missing character: There is no 段 in font nullfont!
Missing character: There is no 的 in font nullfont!
Missing character: There is no 无 in font nullfont!
Missing character: There is no 蜂 in font nullfont!
Missing character: There is no 窝 in font nullfont!
Missing character: There is no 大 in font nullfont!
Missing character: There is no 规 in font nullfont!
Missing character: There is no 模 in font nullfont!
Missing character: There is no M in font nullfont!
Missing character: There is no I in font nullfont!
Missing character: There is no M in font nullfont!
Missing character: There is no O in font nullfont!
Missing character: There is no 系 in font nullfont!
Missing character: There is no 统 in font nullfont!
Missing character: There is no 进 in font nullfont!
Missing character: There is no 行 in font nullfont!
Missing character: There is no 了 in font nullfont!
Missing character: There is no 分 in font nullfont!
Missing character: There is no 析 in font nullfont!
Missing character: There is no 。 in font nullfont!

Overfull \hbox (20.0pt too wide) in paragraph at lines 98--99
[]
 []


! LaTeX Error: Missing \begin{document}.

See the LaTeX manual or LaTeX Companion for explanation.
Type  H <return>  for immediate help.
 ...                                              
                                                  
l.100 以
       上研究结果表明，无蜂窝大规模MIMO技术在SE和EE方面有非常显著的性能优势。然而，它们都是假定在理想的硬件条件下。事实上，随着未来无蜂窝...

You're in trouble here.  Try typing  <return>  to proceed.
If that doesn't work, type  X <return>  to quit.

Missing character: There is no 以 in font nullfont!
Missing character: There is no 上 in font nullfont!
Missing character: There is no 研 in font nullfont!
Missing character: There is no 究 in font nullfont!
Missing character: There is no 结 in font nullfont!
Missing character: There is no 果 in font nullfont!
Missing character: There is no 表 in font nullfont!
Missing character: There is no 明 in font nullfont!
Missing character: There is no ， in font nullfont!
Missing character: There is no 无 in font nullfont!
Missing character: There is no 蜂 in font nullfont!
Missing character: There is no 窝 in font nullfont!
Missing character: There is no 大 in font nullfont!
Missing character: There is no 规 in font nullfont!
Missing character: There is no 模 in font nullfont!
Missing character: There is no M in font nullfont!
Missing character: There is no I in font nullfont!
Missing character: There is no M in font nullfont!
Missing character: There is no O in font nullfont!
Missing character: There is no 技 in font nullfont!
Missing character: There is no 术 in font nullfont!
Missing character: There is no 在 in font nullfont!
Missing character: There is no S in font nullfont!
Missing character: There is no E in font nullfont!
Missing character: There is no 和 in font nullfont!
Missing character: There is no E in font nullfont!
Missing character: There is no E in font nullfont!
Missing character: There is no 方 in font nullfont!
Missing character: There is no 面 in font nullfont!
Missing character: There is no 有 in font nullfont!
Missing character: There is no 非 in font nullfont!
Missing character: There is no 常 in font nullfont!
Missing character: There is no 显 in font nullfont!
Missing character: There is no 著 in font nullfont!
Missing character: There is no 的 in font nullfont!
Missing character: There is no 性 in font nullfont!
Missing character: There is no 能 in font nullfont!
Missing character: There is no 优 in font nullfont!
Missing character: There is no 势 in font nullfont!
Missing character: There is no 。 in font nullfont!
Missing character: There is no 然 in font nullfont!
Missing character: There is no 而 in font nullfont!
Missing character: There is no ， in font nullfont!
Missing character: There is no 它 in font nullfont!
Missing character: There is no 们 in font nullfont!
Missing character: There is no 都 in font nullfont!
Missing character: There is no 是 in font nullfont!
Missing character: There is no 假 in font nullfont!
Missing character: There is no 定 in font nullfont!
Missing character: There is no 在 in font nullfont!
Missing character: There is no 理 in font nullfont!
Missing character: There is no 想 in font nullfont!
Missing character: There is no 的 in font nullfont!
Missing character: There is no 硬 in font nullfont!
Missing character: There is no 件 in font nullfont!
Missing character: There is no 条 in font nullfont!
Missing character: There is no 件 in font nullfont!
Missing character: There is no 下 in font nullfont!
Missing character: There is no 。 in font nullfont!
Missing character: There is no 事 in font nullfont!
Missing character: There is no 实 in font nullfont!
Missing character: There is no 上 in font nullfont!
Missing character: There is no ， in font nullfont!
Missing character: There is no 随 in font nullfont!
Missing character: There is no 着 in font nullfont!
Missing character: There is no 未 in font nullfont!
Missing character: There is no 来 in font nullfont!
Missing character: There is no 无 in font nullfont!
Missing character: There is no 蜂 in font nullfont!
Missing character: There is no 窝 in font nullfont!
Missing character: There is no 大 in font nullfont!
Missing character: There is no 规 in font nullfont!
Missing character: There is no 模 in font nullfont!
Missing character: There is no M in font nullfont!
Missing character: There is no I in font nullfont!
Missing character: There is no M in font nullfont!
Missing character: There is no O in font nullfont!
Missing character: There is no 系 in font nullfont!
Missing character: There is no 统 in font nullfont!
Missing character: There is no 的 in font nullfont!
Missing character: There is no 部 in font nullfont!
Missing character: There is no 署 in font nullfont!
Missing character: There is no ， in font nullfont!
Missing character: There is no 大 in font nullfont!
Missing character: There is no 量 in font nullfont!
Missing character: There is no A in font nullfont!
Missing character: There is no P in font nullfont!
Missing character: There is no 天 in font nullfont!
Missing character: There is no 线 in font nullfont!
Missing character: There is no 的 in font nullfont!
Missing character: There is no 巨 in font nullfont!
Missing character: There is no 大 in font nullfont!
Missing character: There is no 硬 in font nullfont!
Missing character: There is no 件 in font nullfont!
Missing character: There is no 消 in font nullfont!
Missing character: There is no 耗 in font nullfont!
Missing character: There is no 和 in font nullfont!
Missing character: There is no 能 in font nullfont!
Missing character: There is no 量 in font nullfont!
Missing character: There is no 损 in font nullfont!
Missing character: There is no 失 in font nullfont!
Missing character: There is no 将 in font nullfont!
Missing character: There is no 成 in font nullfont!
Missing character: There is no 为 in font nullfont!
Missing character: There is no 该 in font nullfont!
Missing character: There is no 系 in font nullfont!
Missing character: There is no 统 in font nullfont!
Missing character: There is no 实 in font nullfont!
Missing character: There is no 际 in font nullfont!
Missing character: There is no 部 in font nullfont!
Missing character: There is no 署 in font nullfont!
Missing character: There is no 的 in font nullfont!
Missing character: There is no 巨 in font nullfont!
Missing character: There is no 大 in font nullfont!
Missing character: There is no 瓶 in font nullfont!
Missing character: There is no 颈 in font nullfont!
Missing character: There is no 。 in font nullfont!
Missing character: There is no 通 in font nullfont!
Missing character: There is no 常 in font nullfont!
Missing character: There is no ， in font nullfont!
Missing character: There is no 天 in font nullfont!
Missing character: There is no 线 in font nullfont!
Missing character: There is no 的 in font nullfont!
Missing character: There is no 硬 in font nullfont!
Missing character: There is no 件 in font nullfont!
Missing character: There is no 成 in font nullfont!
Missing character: There is no 本 in font nullfont!
Missing character: There is no 和 in font nullfont!
Missing character: There is no 电 in font nullfont!
Missing character: There is no 路 in font nullfont!
Missing character: There is no 功 in font nullfont!
Missing character: There is no 耗 in font nullfont!
Missing character: There is no 与 in font nullfont!
Missing character: There is no A in font nullfont!
Missing character: There is no D in font nullfont!
Missing character: There is no C in font nullfont!
Missing character: There is no s in font nullfont!
Missing character: There is no / in font nullfont!
Missing character: There is no D in font nullfont!
Missing character: There is no A in font nullfont!
Missing character: There is no C in font nullfont!
Missing character: There is no s in font nullfont!
Missing character: There is no 的 in font nullfont!
Missing character: There is no 采 in font nullfont!
Missing character: There is no 样 in font nullfont!
Missing character: There is no 速 in font nullfont!
Missing character: There is no 率 in font nullfont!
Missing character: There is no 成 in font nullfont!
Missing character: There is no 线 in font nullfont!
Missing character: There is no 性 in font nullfont!
Missing character: There is no 关 in font nullfont!
Missing character: There is no 系 in font nullfont!
Missing character: There is no ， in font nullfont!
Missing character: There is no 且 in font nullfont!
Missing character: There is no 与 in font nullfont!
Missing character: There is no A in font nullfont!
Missing character: There is no D in font nullfont!
Missing character: There is no C in font nullfont!
Missing character: There is no s in font nullfont!
Missing character: There is no / in font nullfont!
Missing character: There is no D in font nullfont!
Missing character: There is no A in font nullfont!
Missing character: There is no C in font nullfont!
Missing character: There is no s in font nullfont!
Missing character: There is no 的 in font nullfont!
Missing character: There is no 量 in font nullfont!
Missing character: There is no 化 in font nullfont!
Missing character: There is no 位 in font nullfont!
Missing character: There is no 数 in font nullfont!
Missing character: There is no 成 in font nullfont!
Missing character: There is no 指 in font nullfont!
Missing character: There is no 数 in font nullfont!
Missing character: There is no 关 in font nullfont!
Missing character: There is no 系 in font nullfont!
Missing character: There is no [ in font nullfont!
\citation{R57}
! Undefined control sequence.
<write> ...: Citation `\@citeb ' on page \thepage 
                                                  \space undefined\on@line .^^J
l.100 ...DACs的量化位数成指数关系\cite{R57,R58,R581,R59,R60}
                                                  。此外，由于所有的APs都通过回程链路连接到一个中央...
The control sequence at the end of the top line
of your error message was never \def'ed. If you have
misspelled it (e.g., `\hobx'), type `I' and the correct
spelling (e.g., `I\hbox'). Otherwise just continue,
and I'll forget about whatever was undefined.


LaTeX Warning: Citation `R57' on page  undefined on input line 100.

Missing character: There is no , in font nullfont!
\citation{R58}
! Undefined control sequence.
<write> ...: Citation `\@citeb ' on page \thepage 
                                                  \space undefined\on@line .^^J
l.100 ...DACs的量化位数成指数关系\cite{R57,R58,R581,R59,R60}
                                                  。此外，由于所有的APs都通过回程链路连接到一个中央...
The control sequence at the end of the top line
of your error message was never \def'ed. If you have
misspelled it (e.g., `\hobx'), type `I' and the correct
spelling (e.g., `I\hbox'). Otherwise just continue,
and I'll forget about whatever was undefined.


LaTeX Warning: Citation `R58' on page  undefined on input line 100.

Missing character: There is no , in font nullfont!
\citation{R581}
! Undefined control sequence.
<write> ...: Citation `\@citeb ' on page \thepage 
                                                  \space undefined\on@line .^^J
l.100 ...DACs的量化位数成指数关系\cite{R57,R58,R581,R59,R60}
                                                  。此外，由于所有的APs都通过回程链路连接到一个中央...
The control sequence at the end of the top line
of your error message was never \def'ed. If you have
misspelled it (e.g., `\hobx'), type `I' and the correct
spelling (e.g., `I\hbox'). Otherwise just continue,
and I'll forget about whatever was undefined.


LaTeX Warning: Citation `R581' on page  undefined on input line 100.

Missing character: There is no , in font nullfont!
\citation{R59}
! Undefined control sequence.
<write> ...: Citation `\@citeb ' on page \thepage 
                                                  \space undefined\on@line .^^J
l.100 ...DACs的量化位数成指数关系\cite{R57,R58,R581,R59,R60}
                                                  。此外，由于所有的APs都通过回程链路连接到一个中央...
The control sequence at the end of the top line
of your error message was never \def'ed. If you have
misspelled it (e.g., `\hobx'), type `I' and the correct
spelling (e.g., `I\hbox'). Otherwise just continue,
and I'll forget about whatever was undefined.


LaTeX Warning: Citation `R59' on page  undefined on input line 100.

Missing character: There is no , in font nullfont!
\citation{R60}
! Undefined control sequence.
<write> ...: Citation `\@citeb ' on page \thepage 
                                                  \space undefined\on@line .^^J
l.100 ...DACs的量化位数成指数关系\cite{R57,R58,R581,R59,R60}
                                                  。此外，由于所有的APs都通过回程链路连接到一个中央...
The control sequence at the end of the top line
of your error message was never \def'ed. If you have
misspelled it (e.g., `\hobx'), type `I' and the correct
spelling (e.g., `I\hbox'). Otherwise just continue,
and I'll forget about whatever was undefined.


LaTeX Warning: Citation `R60' on page  undefined on input line 100.

Missing character: There is no ] in font nullfont!
Missing character: There is no 。 in font nullfont!
Missing character: There is no 此 in font nullfont!
Missing character: There is no 外 in font nullfont!
Missing character: There is no ， in font nullfont!
Missing character: There is no 由 in font nullfont!
Missing character: There is no 于 in font nullfont!
Missing character: There is no 所 in font nullfont!
Missing character: There is no 有 in font nullfont!
Missing character: There is no 的 in font nullfont!
Missing character: There is no A in font nullfont!
Missing character: There is no P in font nullfont!
Missing character: There is no s in font nullfont!
Missing character: There is no 都 in font nullfont!
Missing character: There is no 通 in font nullfont!
Missing character: There is no 过 in font nullfont!
Missing character: There is no 回 in font nullfont!
Missing character: There is no 程 in font nullfont!
Missing character: There is no 链 in font nullfont!
Missing character: There is no 路 in font nullfont!
Missing character: There is no 连 in font nullfont!
Missing character: There is no 接 in font nullfont!
Missing character: There is no 到 in font nullfont!
Missing character: There is no 一 in font nullfont!
Missing character: There is no 个 in font nullfont!
Missing character: There is no 中 in font nullfont!
Missing character: There is no 央 in font nullfont!
Missing character: There is no 处 in font nullfont!
Missing character: There is no 理 in font nullfont!
Missing character: There is no 单 in font nullfont!
Missing character: There is no 元 in font nullfont!
Missing character: There is no ( in font nullfont!
Missing character: There is no c in font nullfont!
Missing character: There is no e in font nullfont!
Missing character: There is no n in font nullfont!
Missing character: There is no t in font nullfont!
Missing character: There is no r in font nullfont!
Missing character: There is no a in font nullfont!
Missing character: There is no l in font nullfont!
Missing character: There is no p in font nullfont!
Missing character: There is no r in font nullfont!
Missing character: There is no o in font nullfont!
Missing character: There is no c in font nullfont!
Missing character: There is no e in font nullfont!
Missing character: There is no s in font nullfont!
Missing character: There is no s in font nullfont!
Missing character: There is no i in font nullfont!
Missing character: There is no n in font nullfont!
Missing character: There is no g in font nullfont!
Missing character: There is no u in font nullfont!
Missing character: There is no n in font nullfont!
Missing character: There is no i in font nullfont!
Missing character: There is no t in font nullfont!
Missing character: There is no , in font nullfont!
Missing character: There is no C in font nullfont!
Missing character: There is no P in font nullfont!
Missing character: There is no U in font nullfont!
Missing character: There is no ) in font nullfont!
Missing character: There is no 上 in font nullfont!
Missing character: There is no ， in font nullfont!
Missing character: There is no 额 in font nullfont!
Missing character: There is no 外 in font nullfont!
Missing character: There is no 的 in font nullfont!
Missing character: There is no 控 in font nullfont!
Missing character: There is no 制 in font nullfont!
Missing character: There is no 信 in font nullfont!
Missing character: There is no 令 in font nullfont!
Missing character: There is no 开 in font nullfont!
Missing character: There is no 销 in font nullfont!
Missing character: There is no 和 in font nullfont!
Missing character: There is no 信 in font nullfont!
Missing character: There is no 号 in font nullfont!
Missing character: There is no 协 in font nullfont!
Missing character: There is no 同 in font nullfont!
Missing character: There is no 处 in font nullfont!
Missing character: There is no 理 in font nullfont!
Missing character: There is no 也 in font nullfont!
Missing character: There is no 将 in font nullfont!
Missing character: There is no 会 in font nullfont!
Missing character: There is no 给 in font nullfont!
Missing character: There is no 系 in font nullfont!
Missing character: There is no 统 in font nullfont!
Missing character: There is no 带 in font nullfont!
Missing character: There is no 来 in font nullfont!
Missing character: There is no 严 in font nullfont!
Missing character: There is no 重 in font nullfont!
Missing character: There is no 的 in font nullfont!
Missing character: There is no 回 in font nullfont!
Missing character: There is no 程 in font nullfont!
Missing character: There is no 链 in font nullfont!
Missing character: There is no 路 in font nullfont!
Missing character: There is no 开 in font nullfont!
Missing character: There is no 销 in font nullfont!
Missing character: There is no ， in font nullfont!
Missing character: There is no 这 in font nullfont!
Missing character: There is no 就 in font nullfont!
Missing character: There is no 不 in font nullfont!
Missing character: There is no 可 in font nullfont!
Missing character: There is no 避 in font nullfont!
Missing character: There is no 免 in font nullfont!
Missing character: There is no 地 in font nullfont!
Missing character: There is no 对 in font nullfont!
Missing character: There is no 系 in font nullfont!
Missing character: There is no 统 in font nullfont!
Missing character: There is no 带 in font nullfont!
Missing character: There is no 来 in font nullfont!
Missing character: There is no 较 in font nullfont!
Missing character: There is no 高 in font nullfont!
Missing character: There is no 的 in font nullfont!
Missing character: There is no 硬 in font nullfont!
Missing character: There is no 件 in font nullfont!
Missing character: There is no 损 in font nullfont!
Missing character: There is no 伤 in font nullfont!
Missing character: There is no 和 in font nullfont!
Missing character: There is no 较 in font nullfont!
Missing character: There is no 大 in font nullfont!
Missing character: There is no 的 in font nullfont!
Missing character: There is no 能 in font nullfont!
Missing character: There is no 量 in font nullfont!
Missing character: There is no 损 in font nullfont!
Missing character: There is no 耗 in font nullfont!
Missing character: There is no 。 in font nullfont!
Missing character: There is no 因 in font nullfont!
Missing character: There is no 此 in font nullfont!
Missing character: There is no ， in font nullfont!
Missing character: There is no 业 in font nullfont!
Missing character: There is no 界 in font nullfont!
Missing character: There is no 提 in font nullfont!
Missing character: There is no 出 in font nullfont!
Missing character: There is no 了 in font nullfont!
Missing character: There is no 几 in font nullfont!
Missing character: There is no 种 in font nullfont!
Missing character: There is no 有 in font nullfont!
Missing character: There is no 效 in font nullfont!
Missing character: There is no 的 in font nullfont!
Missing character: There is no 低 in font nullfont!
Missing character: There is no 成 in font nullfont!
Missing character: There is no 本 in font nullfont!
Missing character: There is no 解 in font nullfont!
Missing character: There is no 决 in font nullfont!
Missing character: There is no 方 in font nullfont!
Missing character: There is no 案 in font nullfont!
Missing character: There is no ， in font nullfont!
Missing character: There is no 例 in font nullfont!
Missing character: There is no 如 in font nullfont!
Missing character: There is no 混 in font nullfont!
Missing character: There is no 合 in font nullfont!
Missing character: There is no 预 in font nullfont!
Missing character: There is no 编 in font nullfont!
Missing character: There is no 码 in font nullfont!
Missing character: There is no 、 in font nullfont!
Missing character: There is no 低 in font nullfont!
Missing character: There is no / in font nullfont!
Missing character: There is no 混 in font nullfont!
Missing character: There is no 合 in font nullfont!
Missing character: There is no 分 in font nullfont!
Missing character: There is no 辨 in font nullfont!
Missing character: There is no 率 in font nullfont!
Missing character: There is no A in font nullfont!
Missing character: There is no D in font nullfont!
Missing character: There is no C in font nullfont!
Missing character: There is no s in font nullfont!
Missing character: There is no / in font nullfont!
Missing character: There is no D in font nullfont!
Missing character: There is no A in font nullfont!
Missing character: There is no C in font nullfont!
Missing character: There is no s in font nullfont!
Missing character: There is no 协 in font nullfont!
Missing character: There is no 助 in font nullfont!
Missing character: There is no 的 in font nullfont!
Missing character: There is no 无 in font nullfont!
Missing character: There is no 蜂 in font nullfont!
Missing character: There is no 窝 in font nullfont!
Missing character: There is no 大 in font nullfont!
Missing character: There is no 规 in font nullfont!
Missing character: There is no 模 in font nullfont!
Missing character: There is no M in font nullfont!
Missing character: There is no I in font nullfont!
Missing character: There is no M in font nullfont!
Missing character: There is no O in font nullfont!
Missing character: There is no 架 in font nullfont!
Missing character: There is no 构 in font nullfont!
Missing character: There is no 等 in font nullfont!
Missing character: There is no [ in font nullfont!
\citation{R61}
! Undefined control sequence.
<write> ...: Citation `\@citeb ' on page \thepage 
                                                  \space undefined\on@line .^^J
l.100 ...ACs协助的无蜂窝大规模MIMO架构等\cite{R61,R62,R63,R64}
                                                  ，其中低分辨率ADCs/DACs技术由于部署简单、方...
The control sequence at the end of the top line
of your error message was never \def'ed. If you have
misspelled it (e.g., `\hobx'), type `I' and the correct
spelling (e.g., `I\hbox'). Otherwise just continue,
and I'll forget about whatever was undefined.


LaTeX Warning: Citation `R61' on page  undefined on input line 100.

Missing character: There is no , in font nullfont!
\citation{R62}
! Undefined control sequence.
<write> ...: Citation `\@citeb ' on page \thepage 
                                                  \space undefined\on@line .^^J
l.100 ...ACs协助的无蜂窝大规模MIMO架构等\cite{R61,R62,R63,R64}
                                                  ，其中低分辨率ADCs/DACs技术由于部署简单、方...
The control sequence at the end of the top line
of your error message was never \def'ed. If you have
misspelled it (e.g., `\hobx'), type `I' and the correct
spelling (e.g., `I\hbox'). Otherwise just continue,
and I'll forget about whatever was undefined.


LaTeX Warning: Citation `R62' on page  undefined on input line 100.

Missing character: There is no , in font nullfont!
\citation{R63}
! Undefined control sequence.
<write> ...: Citation `\@citeb ' on page \thepage 
                                                  \space undefined\on@line .^^J
l.100 ...ACs协助的无蜂窝大规模MIMO架构等\cite{R61,R62,R63,R64}
                                                  ，其中低分辨率ADCs/DACs技术由于部署简单、方...
The control sequence at the end of the top line
of your error message was never \def'ed. If you have
misspelled it (e.g., `\hobx'), type `I' and the correct
spelling (e.g., `I\hbox'). Otherwise just continue,
and I'll forget about whatever was undefined.


LaTeX Warning: Citation `R63' on page  undefined on input line 100.

Missing character: There is no , in font nullfont!
\citation{R64}
! Undefined control sequence.
<write> ...: Citation `\@citeb ' on page \thepage 
                                                  \space undefined\on@line .^^J
l.100 ...ACs协助的无蜂窝大规模MIMO架构等\cite{R61,R62,R63,R64}
                                                  ，其中低分辨率ADCs/DACs技术由于部署简单、方...
The control sequence at the end of the top line
of your error message was never \def'ed. If you have
misspelled it (e.g., `\hobx'), type `I' and the correct
spelling (e.g., `I\hbox'). Otherwise just continue,
and I'll forget about whatever was undefined.


LaTeX Warning: Citation `R64' on page  undefined on input line 100.

Missing character: There is no ] in font nullfont!
Missing character: There is no ， in font nullfont!
Missing character: There is no 其 in font nullfont!
Missing character: There is no 中 in font nullfont!
Missing character: There is no 低 in font nullfont!
Missing character: There is no 分 in font nullfont!
Missing character: There is no 辨 in font nullfont!
Missing character: There is no 率 in font nullfont!
Missing character: There is no A in font nullfont!
Missing character: There is no D in font nullfont!
Missing character: There is no C in font nullfont!
Missing character: There is no s in font nullfont!
Missing character: There is no / in font nullfont!
Missing character: There is no D in font nullfont!
Missing character: There is no A in font nullfont!
Missing character: There is no C in font nullfont!
Missing character: There is no s in font nullfont!
Missing character: There is no 技 in font nullfont!
Missing character: There is no 术 in font nullfont!
Missing character: There is no 由 in font nullfont!
Missing character: There is no 于 in font nullfont!
Missing character: There is no 部 in font nullfont!
Missing character: There is no 署 in font nullfont!
Missing character: There is no 简 in font nullfont!
Missing character: There is no 单 in font nullfont!
Missing character: There is no 、 in font nullfont!
Missing character: There is no 方 in font nullfont!
Missing character: There is no 便 in font nullfont!
Missing character: There is no 配 in font nullfont!
Missing character: There is no 置 in font nullfont!
Missing character: There is no 等 in font nullfont!
Missing character: There is no 优 in font nullfont!
Missing character: There is no 势 in font nullfont!
Missing character: There is no 而 in font nullfont!
Missing character: There is no 被 in font nullfont!
Missing character: There is no 受 in font nullfont!
Missing character: There is no 到 in font nullfont!
Missing character: There is no 了 in font nullfont!
Missing character: There is no 更 in font nullfont!
Missing character: There is no 为 in font nullfont!
Missing character: There is no 广 in font nullfont!
Missing character: There is no 泛 in font nullfont!
Missing character: There is no 的 in font nullfont!
Missing character: There is no 关 in font nullfont!
Missing character: There is no 注 in font nullfont!
Missing character: There is no 。 in font nullfont!
Missing character: There is no 特 in font nullfont!
Missing character: There is no 别 in font nullfont!
Missing character: There is no 地 in font nullfont!
Missing character: There is no ， in font nullfont!
Missing character: There is no 文 in font nullfont!
Missing character: There is no 献 in font nullfont!
! Undefined control sequence.
l.100 ...于部署简单、方便配置等优势而被受到了更为广泛的关注。特别地，文献\textcite
                                                  {R62}通过采用加性量化噪声模型(additive...
The control sequence at the end of the top line
of your error message was never \def'ed. If you have
misspelled it (e.g., `\hobx'), type `I' and the correct
spelling (e.g., `I\hbox'). Otherwise just continue,
and I'll forget about whatever was undefined.

Missing character: There is no R in font nullfont!
Missing character: There is no 6 in font nullfont!
Missing character: There is no 2 in font nullfont!
Missing character: There is no 通 in font nullfont!
Missing character: There is no 过 in font nullfont!
Missing character: There is no 采 in font nullfont!
Missing character: There is no 用 in font nullfont!
Missing character: There is no 加 in font nullfont!
Missing character: There is no 性 in font nullfont!
Missing character: There is no 量 in font nullfont!
Missing character: There is no 化 in font nullfont!
Missing character: There is no 噪 in font nullfont!
Missing character: There is no 声 in font nullfont!
Missing character: There is no 模 in font nullfont!
Missing character: There is no 型 in font nullfont!
Missing character: There is no ( in font nullfont!
Missing character: There is no a in font nullfont!
Missing character: There is no d in font nullfont!
Missing character: There is no d in font nullfont!
Missing character: There is no i in font nullfont!
Missing character: There is no t in font nullfont!
Missing character: There is no i in font nullfont!
Missing character: There is no v in font nullfont!
Missing character: There is no e in font nullfont!
Missing character: There is no q in font nullfont!
Missing character: There is no u in font nullfont!
Missing character: There is no a in font nullfont!
Missing character: There is no n in font nullfont!
Missing character: There is no t in font nullfont!
Missing character: There is no i in font nullfont!
Missing character: There is no z in font nullfont!
Missing character: There is no a in font nullfont!
Missing character: There is no t in font nullfont!
Missing character: There is no i in font nullfont!
Missing character: There is no o in font nullfont!
Missing character: There is no n in font nullfont!
Missing character: There is no n in font nullfont!
Missing character: There is no o in font nullfont!
Missing character: There is no i in font nullfont!
Missing character: There is no s in font nullfont!
Missing character: There is no e in font nullfont!
Missing character: There is no m in font nullfont!
Missing character: There is no o in font nullfont!
Missing character: There is no d in font nullfont!
Missing character: There is no e in font nullfont!
Missing character: There is no l in font nullfont!
Missing character: There is no , in font nullfont!
Missing character: There is no A in font nullfont!
Missing character: There is no Q in font nullfont!
Missing character: There is no N in font nullfont!
Missing character: There is no M in font nullfont!
Missing character: There is no ) in font nullfont!
Missing character: There is no ， in font nullfont!
Missing character: There is no 首 in font nullfont!
Missing character: There is no 次 in font nullfont!
Missing character: There is no 将 in font nullfont!
Missing character: There is no 低 in font nullfont!
Missing character: There is no 分 in font nullfont!
Missing character: There is no 辨 in font nullfont!
Missing character: There is no 率 in font nullfont!
Missing character: There is no A in font nullfont!
Missing character: There is no D in font nullfont!
Missing character: There is no C in font nullfont!
Missing character: There is no s in font nullfont!
Missing character: There is no 引 in font nullfont!
Missing character: There is no 入 in font nullfont!
Missing character: There is no 到 in font nullfont!
Missing character: There is no 无 in font nullfont!
Missing character: There is no 蜂 in font nullfont!
Missing character: There is no 窝 in font nullfont!
Missing character: There is no 大 in font nullfont!
Missing character: There is no 规 in font nullfont!
Missing character: There is no 模 in font nullfont!
Missing character: There is no M in font nullfont!
Missing character: There is no I in font nullfont!
Missing character: There is no M in font nullfont!
Missing character: There is no O in font nullfont!
Missing character: There is no 系 in font nullfont!
Missing character: There is no 统 in font nullfont!
Missing character: There is no 中 in font nullfont!
Missing character: There is no ， in font nullfont!
Missing character: There is no 并 in font nullfont!
Missing character: There is no 对 in font nullfont!
Missing character: There is no 该 in font nullfont!
Missing character: There is no 系 in font nullfont!
Missing character: There is no 统 in font nullfont!
Missing character: There is no 的 in font nullfont!
Missing character: There is no 总 in font nullfont!
Missing character: There is no S in font nullfont!
Missing character: There is no E in font nullfont!
Missing character: There is no 进 in font nullfont!
Missing character: There is no 行 in font nullfont!
Missing character: There is no 了 in font nullfont!
Missing character: There is no 研 in font nullfont!
Missing character: There is no 究 in font nullfont!
Missing character: There is no 。 in font nullfont!
Missing character: There is no 为 in font nullfont!
Missing character: There is no 了 in font nullfont!
Missing character: There is no 最 in font nullfont!
Missing character: There is no 大 in font nullfont!
Missing character: There is no 化 in font nullfont!
Missing character: There is no 该 in font nullfont!
Missing character: There is no 系 in font nullfont!
Missing character: There is no 统 in font nullfont!
Missing character: There is no 的 in font nullfont!
Missing character: There is no 总 in font nullfont!
Missing character: There is no S in font nullfont!
Missing character: There is no E in font nullfont!
Missing character: There is no ， in font nullfont!
Missing character: There is no 根 in font nullfont!
Missing character: There is no 据 in font nullfont!
Missing character: There is no 得 in font nullfont!
Missing character: There is no 到 in font nullfont!
Missing character: There is no 的 in font nullfont!
Missing character: There is no 闭 in font nullfont!
Missing character: There is no 式 in font nullfont!
Missing character: There is no 表 in font nullfont!
Missing character: There is no 达 in font nullfont!
Missing character: There is no 式 in font nullfont!
Missing character: There is no ， in font nullfont!
Missing character: There is no 该 in font nullfont!
Missing character: There is no 论 in font nullfont!
Missing character: There is no 文 in font nullfont!
Missing character: There is no 进 in font nullfont!
Missing character: There is no 而 in font nullfont!
Missing character: There is no 提 in font nullfont!
Missing character: There is no 出 in font nullfont!
Missing character: There is no 了 in font nullfont!
Missing character: There is no 低 in font nullfont!
Missing character: There is no 分 in font nullfont!
Missing character: There is no 辨 in font nullfont!
Missing character: There is no 率 in font nullfont!
Missing character: There is no A in font nullfont!
Missing character: There is no D in font nullfont!
Missing character: There is no C in font nullfont!
Missing character: There is no s in font nullfont!
Missing character: There is no 量 in font nullfont!
Missing character: There is no 化 in font nullfont!
Missing character: There is no 位 in font nullfont!
Missing character: There is no 数 in font nullfont!
Missing character: There is no 分 in font nullfont!
Missing character: There is no 配 in font nullfont!
Missing character: There is no 和 in font nullfont!
Missing character: There is no 最 in font nullfont!
Missing character: There is no 大 in font nullfont!
Missing character: There is no 最 in font nullfont!
Missing character: There is no 小 in font nullfont!
Missing character: There is no 公 in font nullfont!
Missing character: There is no 平 in font nullfont!
Missing character: There is no 功 in font nullfont!
Missing character: There is no 率 in font nullfont!
Missing character: There is no 分 in font nullfont!
Missing character: There is no 配 in font nullfont!
Missing character: There is no 问 in font nullfont!
Missing character: There is no 题 in font nullfont!
Missing character: There is no 。 in font nullfont!
Missing character: There is no 不 in font nullfont!
Missing character: There is no 同 in font nullfont!
Missing character: There is no 于 in font nullfont!
Missing character: There is no 文 in font nullfont!
Missing character: There is no 献 in font nullfont!
! Undefined control sequence.
l.100 ...分辨率ADCs量化位数分配和最大最小公平功率分配问题。不同于文献\textcite
                                                  {R62}，文献\textcite{R64}和\te...
The control sequence at the end of the top line
of your error message was never \def'ed. If you have
misspelled it (e.g., `\hobx'), type `I' and the correct
spelling (e.g., `I\hbox'). Otherwise just continue,
and I'll forget about whatever was undefined.

Missing character: There is no R in font nullfont!
Missing character: There is no 6 in font nullfont!
Missing character: There is no 2 in font nullfont!
Missing character: There is no ， in font nullfont!
Missing character: There is no 文 in font nullfont!
Missing character: There is no 献 in font nullfont!
! Undefined control sequence.
l.100 ...小公平功率分配问题。不同于文献\textcite{R62}，文献\textcite
                                                  {R64}和\textcite{R65}采用了Bus...
The control sequence at the end of the top line
of your error message was never \def'ed. If you have
misspelled it (e.g., `\hobx'), type `I' and the correct
spelling (e.g., `I\hbox'). Otherwise just continue,
and I'll forget about whatever was undefined.

Missing character: There is no R in font nullfont!
Missing character: There is no 6 in font nullfont!
Missing character: There is no 4 in font nullfont!
Missing character: There is no 和 in font nullfont!
! Undefined control sequence.
l.100 ...\textcite{R62}，文献\textcite{R64}和\textcite
                                                  {R65}采用了Bussgang技术，并进行了相应的...
The control sequence at the end of the top line
of your error message was never \def'ed. If you have
misspelled it (e.g., `\hobx'), type `I' and the correct
spelling (e.g., `I\hbox'). Otherwise just continue,
and I'll forget about whatever was undefined.

Missing character: There is no R in font nullfont!
Missing character: There is no 6 in font nullfont!
Missing character: There is no 5 in font nullfont!
Missing character: There is no 采 in font nullfont!
Missing character: There is no 用 in font nullfont!
Missing character: There is no 了 in font nullfont!
Missing character: There is no B in font nullfont!
Missing character: There is no u in font nullfont!
Missing character: There is no s in font nullfont!
Missing character: There is no s in font nullfont!
Missing character: There is no g in font nullfont!
Missing character: There is no a in font nullfont!
Missing character: There is no n in font nullfont!
Missing character: There is no g in font nullfont!
Missing character: There is no 技 in font nullfont!
Missing character: There is no 术 in font nullfont!
Missing character: There is no ， in font nullfont!
Missing character: There is no 并 in font nullfont!
Missing character: There is no 进 in font nullfont!
Missing character: There is no 行 in font nullfont!
Missing character: There is no 了 in font nullfont!
Missing character: There is no 相 in font nullfont!
Missing character: There is no 应 in font nullfont!
Missing character: There is no 的 in font nullfont!
Missing character: There is no 研 in font nullfont!
Missing character: There is no 究 in font nullfont!
Missing character: There is no 与 in font nullfont!
Missing character: There is no 分 in font nullfont!
Missing character: There is no 析 in font nullfont!
Missing character: There is no 。 in font nullfont!
Missing character: There is no 事 in font nullfont!
Missing character: There is no 实 in font nullfont!
Missing character: There is no 上 in font nullfont!
Missing character: There is no ， in font nullfont!
Missing character: There is no A in font nullfont!
Missing character: There is no Q in font nullfont!
Missing character: There is no N in font nullfont!
Missing character: There is no M in font nullfont!
Missing character: There is no 在 in font nullfont!
Missing character: There is no 研 in font nullfont!
Missing character: There is no 究 in font nullfont!
Missing character: There is no 多 in font nullfont!
Missing character: There is no 量 in font nullfont!
Missing character: There is no 化 in font nullfont!
Missing character: There is no 位 in font nullfont!
Missing character: There is no 数 in font nullfont!
Missing character: There is no 上 in font nullfont!
Missing character: There is no 比 in font nullfont!
Missing character: There is no B in font nullfont!
Missing character: There is no u in font nullfont!
Missing character: There is no s in font nullfont!
Missing character: There is no s in font nullfont!
Missing character: There is no g in font nullfont!
Missing character: There is no a in font nullfont!
Missing character: There is no n in font nullfont!
Missing character: There is no g in font nullfont!
Missing character: There is no 更 in font nullfont!
Missing character: There is no 加 in font nullfont!
Missing character: There is no 方 in font nullfont!
Missing character: There is no 便 in font nullfont!
Missing character: There is no 。 in font nullfont!
Missing character: There is no 尽 in font nullfont!
Missing character: There is no 管 in font nullfont!
Missing character: There is no 低 in font nullfont!
Missing character: There is no 分 in font nullfont!
Missing character: There is no 辨 in font nullfont!
Missing character: There is no 率 in font nullfont!
Missing character: There is no A in font nullfont!
Missing character: There is no D in font nullfont!
Missing character: There is no C in font nullfont!
Missing character: There is no s in font nullfont!
Missing character: There is no / in font nullfont!
Missing character: There is no D in font nullfont!
Missing character: There is no A in font nullfont!
Missing character: There is no C in font nullfont!
Missing character: There is no s in font nullfont!
Missing character: There is no 可 in font nullfont!
Missing character: There is no 以 in font nullfont!
Missing character: There is no 有 in font nullfont!
Missing character: There is no 效 in font nullfont!
Missing character: There is no 地 in font nullfont!
Missing character: There is no 降 in font nullfont!
Missing character: There is no 低 in font nullfont!
Missing character: There is no 系 in font nullfont!
Missing character: There is no 统 in font nullfont!
Missing character: There is no 的 in font nullfont!
Missing character: There is no 能 in font nullfont!
Missing character: There is no 耗 in font nullfont!
Missing character: There is no 和 in font nullfont!
Missing character: There is no 硬 in font nullfont!
Missing character: There is no 件 in font nullfont!
Missing character: There is no 成 in font nullfont!
Missing character: There is no 本 in font nullfont!
Missing character: There is no ， in font nullfont!
Missing character: There is no 但 in font nullfont!
Missing character: There is no 1 in font nullfont!
Missing character: There is no - in font nullfont!
Missing character: There is no b in font nullfont!
Missing character: There is no i in font nullfont!
Missing character: There is no t in font nullfont!
Missing character: There is no 的 in font nullfont!
Missing character: There is no 量 in font nullfont!
Missing character: There is no 化 in font nullfont!
Missing character: There is no 将 in font nullfont!
Missing character: There is no 导 in font nullfont!
Missing character: There is no 致 in font nullfont!
Missing character: There is no 系 in font nullfont!
Missing character: There is no 统 in font nullfont!
Missing character: There is no 中 in font nullfont!
Missing character: There is no S in font nullfont!
Missing character: There is no E in font nullfont!
Missing character: There is no 的 in font nullfont!
Missing character: There is no 巨 in font nullfont!
Missing character: There is no 大 in font nullfont!
Missing character: There is no 损 in font nullfont!
Missing character: There is no 失 in font nullfont!
Missing character: There is no ， in font nullfont!
Missing character: There is no 尤 in font nullfont!
Missing character: There is no 其 in font nullfont!
Missing character: There is no 是 in font nullfont!
Missing character: There is no 在 in font nullfont!
Missing character: There is no 高 in font nullfont!
Missing character: There is no S in font nullfont!
Missing character: There is no N in font nullfont!
Missing character: There is no R in font nullfont!
Missing character: There is no 的 in font nullfont!
Missing character: There is no 情 in font nullfont!
Missing character: There is no 况 in font nullfont!
Missing character: There is no 下 in font nullfont!
Missing character: There is no [ in font nullfont!
\citation{R58}
! Undefined control sequence.
<write> ...: Citation `\@citeb ' on page \thepage 
                                                  \space undefined\on@line .^^J
l.100 ...it的量化将导致系统中SE的巨大损失，尤其是在高SNR的情况下\cite{R58}
                                                  。此外，其还会引起例如相位/频率同步、复杂的信道估计...
The control sequence at the end of the top line
of your error message was never \def'ed. If you have
misspelled it (e.g., `\hobx'), type `I' and the correct
spelling (e.g., `I\hbox'). Otherwise just continue,
and I'll forget about whatever was undefined.


LaTeX Warning: Citation `R58' on page  undefined on input line 100.

Missing character: There is no ] in font nullfont!
Missing character: There is no 。 in font nullfont!
Missing character: There is no 此 in font nullfont!
Missing character: There is no 外 in font nullfont!
Missing character: There is no ， in font nullfont!
Missing character: There is no 其 in font nullfont!
Missing character: There is no 还 in font nullfont!
Missing character: There is no 会 in font nullfont!
Missing character: There is no 引 in font nullfont!
Missing character: There is no 起 in font nullfont!
Missing character: There is no 例 in font nullfont!
Missing character: There is no 如 in font nullfont!
Missing character: There is no 相 in font nullfont!
Missing character: There is no 位 in font nullfont!
Missing character: There is no / in font nullfont!
Missing character: There is no 频 in font nullfont!
Missing character: There is no 率 in font nullfont!
Missing character: There is no 同 in font nullfont!
Missing character: There is no 步 in font nullfont!
Missing character: There is no 、 in font nullfont!
Missing character: There is no 复 in font nullfont!
Missing character: There is no 杂 in font nullfont!
Missing character: There is no 的 in font nullfont!
Missing character: There is no 信 in font nullfont!
Missing character: There is no 道 in font nullfont!
Missing character: There is no 估 in font nullfont!
Missing character: There is no 计 in font nullfont!
Missing character: There is no 等 in font nullfont!
Missing character: There is no 问 in font nullfont!
Missing character: There is no 题 in font nullfont!
Missing character: There is no [ in font nullfont!
\citation{R56}
! Undefined control sequence.
<write> ...: Citation `\@citeb ' on page \thepage 
                                                  \space undefined\on@line .^^J
l.100 ...8}。此外，其还会引起例如相位/频率同步、复杂的信道估计等问题\cite{R56}
                                                  。为此，论文\textcite{R57}和\text...
The control sequence at the end of the top line
of your error message was never \def'ed. If you have
misspelled it (e.g., `\hobx'), type `I' and the correct
spelling (e.g., `I\hbox'). Otherwise just continue,
and I'll forget about whatever was undefined.


LaTeX Warning: Citation `R56' on page  undefined on input line 100.

Missing character: There is no ] in font nullfont!
Missing character: There is no 。 in font nullfont!
Missing character: There is no 为 in font nullfont!
Missing character: There is no 此 in font nullfont!
Missing character: There is no ， in font nullfont!
Missing character: There is no 论 in font nullfont!
Missing character: There is no 文 in font nullfont!
! Undefined control sequence.
l.100 .../频率同步、复杂的信道估计等问题\cite{R56}。为此，论文\textcite
                                                  {R57}和\textcite{R59}提出了混合A...
The control sequence at the end of the top line
of your error message was never \def'ed. If you have
misspelled it (e.g., `\hobx'), type `I' and the correct
spelling (e.g., `I\hbox'). Otherwise just continue,
and I'll forget about whatever was undefined.

Missing character: There is no R in font nullfont!
Missing character: There is no 5 in font nullfont!
Missing character: There is no 7 in font nullfont!
Missing character: There is no 和 in font nullfont!
! Undefined control sequence.
l.100 ...题\cite{R56}。为此，论文\textcite{R57}和\textcite
                                                  {R59}提出了混合ADCs的体系结构，并对其进行了...
The control sequence at the end of the top line
of your error message was never \def'ed. If you have
misspelled it (e.g., `\hobx'), type `I' and the correct
spelling (e.g., `I\hbox'). Otherwise just continue,
and I'll forget about whatever was undefined.

Missing character: There is no R in font nullfont!
Missing character: There is no 5 in font nullfont!
Missing character: There is no 9 in font nullfont!
Missing character: There is no 提 in font nullfont!
Missing character: There is no 出 in font nullfont!
Missing character: There is no 了 in font nullfont!
Missing character: There is no 混 in font nullfont!
Missing character: There is no 合 in font nullfont!
Missing character: There is no A in font nullfont!
Missing character: There is no D in font nullfont!
Missing character: There is no C in font nullfont!
Missing character: There is no s in font nullfont!
Missing character: There is no 的 in font nullfont!
Missing character: There is no 体 in font nullfont!
Missing character: There is no 系 in font nullfont!
Missing character: There is no 结 in font nullfont!
Missing character: There is no 构 in font nullfont!
Missing character: There is no ， in font nullfont!
Missing character: There is no 并 in font nullfont!
Missing character: There is no 对 in font nullfont!
Missing character: There is no 其 in font nullfont!
Missing character: There is no 进 in font nullfont!
Missing character: There is no 行 in font nullfont!
Missing character: There is no 了 in font nullfont!
Missing character: There is no 深 in font nullfont!
Missing character: There is no 入 in font nullfont!
Missing character: There is no 的 in font nullfont!
Missing character: There is no 理 in font nullfont!
Missing character: There is no 论 in font nullfont!
Missing character: There is no 研 in font nullfont!
Missing character: There is no 究 in font nullfont!
Missing character: There is no 和 in font nullfont!
Missing character: There is no 性 in font nullfont!
Missing character: There is no 能 in font nullfont!
Missing character: There is no 分 in font nullfont!
Missing character: There is no 析 in font nullfont!
Missing character: There is no 。 in font nullfont!

Overfull \hbox (25.43pt too wide) in paragraph at lines 100--101
[][]
 []


Overfull \hbox (5.43pt too wide) in paragraph at lines 100--101
[]
 []


Overfull \hbox (5.43pt too wide) in paragraph at lines 100--101
[]
 []


Overfull \hbox (5.43pt too wide) in paragraph at lines 100--101
[]
 []


Overfull \hbox (5.43pt too wide) in paragraph at lines 100--101
[]
 []


Overfull \hbox (5.43pt too wide) in paragraph at lines 100--101
[]
 []


Overfull \hbox (5.43pt too wide) in paragraph at lines 100--101
[]
 []


Overfull \hbox (5.43pt too wide) in paragraph at lines 100--101
[]
 []


Overfull \hbox (5.43pt too wide) in paragraph at lines 100--101
[]
 []


Overfull \hbox (10.85999pt too wide) in paragraph at lines 100--101
[][] 
 []


! LaTeX Error: Environment figure undefined.

See the LaTeX manual or LaTeX Companion for explanation.
Type  H <return>  for immediate help.
 ...                                              
                                                  
l.106 \begin{figure}
                    [h]
Your command was ignored.
Type  I <command> <return>  to replace it with another command,
or  <return>  to continue without it.


! LaTeX Error: Missing \begin{document}.

See the LaTeX manual or LaTeX Companion for explanation.
Type  H <return>  for immediate help.
 ...                                              
                                                  
l.106 \begin{figure}[
                     h]
You're in trouble here.  Try typing  <return>  to proceed.
If that doesn't work, type  X <return>  to quit.

Missing character: There is no [ in font nullfont!
Missing character: There is no h in font nullfont!
Missing character: There is no ] in font nullfont!
! Undefined control sequence.
l.108 ^^I\includegraphics
                         [width=0.5\textwidth]{figures/c1fig10.jpg}
The control sequence at the end of the top line
of your error message was never \def'ed. If you have
misspelled it (e.g., `\hobx'), type `I' and the correct
spelling (e.g., `I\hbox'). Otherwise just continue,
and I'll forget about whatever was undefined.

Missing character: There is no [ in font nullfont!
Missing character: There is no w in font nullfont!
Missing character: There is no i in font nullfont!
Missing character: There is no d in font nullfont!
Missing character: There is no t in font nullfont!
Missing character: There is no h in font nullfont!
Missing character: There is no = in font nullfont!
Missing character: There is no 0 in font nullfont!
Missing character: There is no . in font nullfont!
Missing character: There is no 5 in font nullfont!
! Missing number, treated as zero.
<to be read again> 
                   ]
l.108 ^^I\includegraphics[width=0.5\textwidth]
                                              {figures/c1fig10.jpg}
A number should have been here; I inserted `0'.
(If you can't figure out why I needed to see a number,
look up `weird error' in the index to The TeXbook.)

! Illegal unit of measure (pt inserted).
<to be read again> 
                   ]
l.108 ^^I\includegraphics[width=0.5\textwidth]
                                              {figures/c1fig10.jpg}
Dimensions can be in units of em, ex, in, pt, pc,
cm, mm, dd, cc, bp, or sp; but yours is a new one!
I'll assume that you meant to say pt, for printer's points.
To recover gracefully from this error, it's best to
delete the erroneous units; e.g., type `2' to delete
two letters. (See Chapter 27 of The TeXbook.)

Missing character: There is no ] in font nullfont!
Missing character: There is no f in font nullfont!
Missing character: There is no i in font nullfont!
Missing character: There is no g in font nullfont!
Missing character: There is no u in font nullfont!
Missing character: There is no r in font nullfont!
Missing character: There is no e in font nullfont!
Missing character: There is no s in font nullfont!
Missing character: There is no / in font nullfont!
Missing character: There is no c in font nullfont!
Missing character: There is no 1 in font nullfont!
Missing character: There is no f in font nullfont!
Missing character: There is no i in font nullfont!
Missing character: There is no g in font nullfont!
Missing character: There is no 1 in font nullfont!
Missing character: There is no 0 in font nullfont!
Missing character: There is no . in font nullfont!
Missing character: There is no j in font nullfont!
Missing character: There is no p in font nullfont!
Missing character: There is no g in font nullfont!

! LaTeX Error: \caption outside float.

See the LaTeX manual or LaTeX Companion for explanation.
Type  H <return>  for immediate help.
 ...                                              
                                                  
l.109 ^^I\caption
                 {多组多播协助的无蜂窝大规模MIMO系统架构}
You're in trouble here.  Try typing  <return>  to proceed.
If that doesn't work, type  X <return>  to quit.

Missing character: There is no 多 in font nullfont!
Missing character: There is no 组 in font nullfont!
Missing character: There is no 多 in font nullfont!
Missing character: There is no 播 in font nullfont!
Missing character: There is no 协 in font nullfont!
Missing character: There is no 助 in font nullfont!
Missing character: There is no 的 in font nullfont!
Missing character: There is no 无 in font nullfont!
Missing character: There is no 蜂 in font nullfont!
Missing character: There is no 窝 in font nullfont!
Missing character: There is no 大 in font nullfont!
Missing character: There is no 规 in font nullfont!
Missing character: There is no 模 in font nullfont!
Missing character: There is no M in font nullfont!
Missing character: There is no I in font nullfont!
Missing character: There is no M in font nullfont!
Missing character: There is no O in font nullfont!
Missing character: There is no 系 in font nullfont!
Missing character: There is no 统 in font nullfont!
Missing character: There is no 架 in font nullfont!
Missing character: There is no 构 in font nullfont!

! LaTeX Error: \begin{document} ended by \end{figure}.

See the LaTeX manual or LaTeX Companion for explanation.
Type  H <return>  for immediate help.
 ...                                              
                                                  
l.111 \end{figure}
                  
Your command was ignored.
Type  I <command> <return>  to replace it with another command,
or  <return>  to continue without it.


Overfull \hbox (20.0pt too wide) in paragraph at lines 106--113
[]
 []


! LaTeX Error: Missing \begin{document}.

See the LaTeX manual or LaTeX Companion for explanation.
Type  H <return>  for immediate help.
 ...                                              
                                                  
l.114 事
       实上，由于AP发送的每个独立数据流每次只能发送给单独的用户，这就导致以上传统的单播传输将造成稀缺频谱资源的严重浪费，并造成系统很高的计算复...

You're in trouble here.  Try typing  <return>  to proceed.
If that doesn't work, type  X <return>  to quit.

Missing character: There is no 事 in font nullfont!
Missing character: There is no 实 in font nullfont!
Missing character: There is no 上 in font nullfont!
Missing character: There is no ， in font nullfont!
Missing character: There is no 由 in font nullfont!
Missing character: There is no 于 in font nullfont!
Missing character: There is no A in font nullfont!
Missing character: There is no P in font nullfont!
Missing character: There is no 发 in font nullfont!
Missing character: There is no 送 in font nullfont!
Missing character: There is no 的 in font nullfont!
Missing character: There is no 每 in font nullfont!
Missing character: There is no 个 in font nullfont!
Missing character: There is no 独 in font nullfont!
Missing character: There is no 立 in font nullfont!
Missing character: There is no 数 in font nullfont!
Missing character: There is no 据 in font nullfont!
Missing character: There is no 流 in font nullfont!
Missing character: There is no 每 in font nullfont!
Missing character: There is no 次 in font nullfont!
Missing character: There is no 只 in font nullfont!
Missing character: There is no 能 in font nullfont!
Missing character: There is no 发 in font nullfont!
Missing character: There is no 送 in font nullfont!
Missing character: There is no 给 in font nullfont!
Missing character: There is no 单 in font nullfont!
Missing character: There is no 独 in font nullfont!
Missing character: There is no 的 in font nullfont!
Missing character: There is no 用 in font nullfont!
Missing character: There is no 户 in font nullfont!
Missing character: There is no ， in font nullfont!
Missing character: There is no 这 in font nullfont!
Missing character: There is no 就 in font nullfont!
Missing character: There is no 导 in font nullfont!
Missing character: There is no 致 in font nullfont!
Missing character: There is no 以 in font nullfont!
Missing character: There is no 上 in font nullfont!
Missing character: There is no 传 in font nullfont!
Missing character: There is no 统 in font nullfont!
Missing character: There is no 的 in font nullfont!
Missing character: There is no 单 in font nullfont!
Missing character: There is no 播 in font nullfont!
Missing character: There is no 传 in font nullfont!
Missing character: There is no 输 in font nullfont!
Missing character: There is no 将 in font nullfont!
Missing character: There is no 造 in font nullfont!
Missing character: There is no 成 in font nullfont!
Missing character: There is no 稀 in font nullfont!
Missing character: There is no 缺 in font nullfont!
Missing character: There is no 频 in font nullfont!
Missing character: There is no 谱 in font nullfont!
Missing character: There is no 资 in font nullfont!
Missing character: There is no 源 in font nullfont!
Missing character: There is no 的 in font nullfont!
Missing character: There is no 严 in font nullfont!
Missing character: There is no 重 in font nullfont!
Missing character: There is no 浪 in font nullfont!
Missing character: There is no 费 in font nullfont!
Missing character: There is no ， in font nullfont!
Missing character: There is no 并 in font nullfont!
Missing character: There is no 造 in font nullfont!
Missing character: There is no 成 in font nullfont!
Missing character: There is no 系 in font nullfont!
Missing character: There is no 统 in font nullfont!
Missing character: There is no 很 in font nullfont!
Missing character: There is no 高 in font nullfont!
Missing character: There is no 的 in font nullfont!
Missing character: There is no 计 in font nullfont!
Missing character: There is no 算 in font nullfont!
Missing character: There is no 复 in font nullfont!
Missing character: There is no 杂 in font nullfont!
Missing character: There is no 性 in font nullfont!
Missing character: There is no 。 in font nullfont!
Missing character: There is no 近 in font nullfont!
Missing character: There is no 几 in font nullfont!
Missing character: There is no 年 in font nullfont!
Missing character: There is no ， in font nullfont!
Missing character: There is no 随 in font nullfont!
Missing character: There is no 着 in font nullfont!
Missing character: There is no 新 in font nullfont!
Missing character: There is no 应 in font nullfont!
Missing character: There is no 用 in font nullfont!
Missing character: There is no 、 in font nullfont!
Missing character: There is no 新 in font nullfont!
Missing character: There is no 设 in font nullfont!
Missing character: There is no 备 in font nullfont!
Missing character: There is no 、 in font nullfont!
Missing character: There is no 新 in font nullfont!
Missing character: There is no 场 in font nullfont!
Missing character: There is no 景 in font nullfont!
Missing character: There is no 的 in font nullfont!
Missing character: There is no 不 in font nullfont!
Missing character: There is no 断 in font nullfont!
Missing character: There is no 涌 in font nullfont!
Missing character: There is no 现 in font nullfont!
Missing character: There is no ， in font nullfont!
Missing character: There is no 移 in font nullfont!
Missing character: There is no 动 in font nullfont!
Missing character: There is no 数 in font nullfont!
Missing character: There is no 据 in font nullfont!
Missing character: There is no 流 in font nullfont!
Missing character: There is no 量 in font nullfont!
Missing character: There is no 近 in font nullfont!
Missing character: There is no 年 in font nullfont!
Missing character: There is no 来 in font nullfont!
Missing character: There is no 得 in font nullfont!
Missing character: There is no 到 in font nullfont!
Missing character: There is no 了 in font nullfont!
Missing character: There is no 空 in font nullfont!
Missing character: There is no 前 in font nullfont!
Missing character: There is no 的 in font nullfont!
Missing character: There is no 巨 in font nullfont!
Missing character: There is no 大 in font nullfont!
Missing character: There is no 高 in font nullfont!
Missing character: There is no 涨 in font nullfont!
Missing character: There is no 。 in font nullfont!
Missing character: There is no 近 in font nullfont!
Missing character: There is no 几 in font nullfont!
Missing character: There is no 年 in font nullfont!
Missing character: There is no 移 in font nullfont!
Missing character: There is no 动 in font nullfont!
Missing character: There is no 数 in font nullfont!
Missing character: There is no 据 in font nullfont!
Missing character: There is no 流 in font nullfont!
Missing character: There is no 量 in font nullfont!
Missing character: There is no 将 in font nullfont!
Missing character: There is no 以 in font nullfont!
Missing character: There is no 4 in font nullfont!
Missing character: There is no 7 in font nullfont!
Missing character: There is no % in font nullfont!
Missing character: There is no 的 in font nullfont!
Missing character: There is no 年 in font nullfont!
Missing character: There is no 复 in font nullfont!
Missing character: There is no 合 in font nullfont!
Missing character: There is no 增 in font nullfont!
Missing character: There is no 长 in font nullfont!
Missing character: There is no 率 in font nullfont!
Missing character: There is no 增 in font nullfont!
Missing character: There is no 长 in font nullfont!
Missing character: There is no ， in font nullfont!
Missing character: There is no 据 in font nullfont!
Missing character: There is no 预 in font nullfont!
Missing character: There is no 测 in font nullfont!
Missing character: There is no 到 in font nullfont!
Missing character: There is no 2 in font nullfont!
Missing character: There is no 0 in font nullfont!
Missing character: There is no 2 in font nullfont!
Missing character: There is no 2 in font nullfont!
Missing character: There is no 年 in font nullfont!
Missing character: There is no 将 in font nullfont!
Missing character: There is no 超 in font nullfont!
Missing character: There is no 过 in font nullfont!
Missing character: There is no 9 in font nullfont!
Missing character: There is no 3 in font nullfont!
Missing character: There is no 0 in font nullfont!
Missing character: There is no E in font nullfont!
Missing character: There is no B in font nullfont!
Missing character: There is no [ in font nullfont!
\citation{R82}
! Undefined control sequence.
<write> ...: Citation `\@citeb ' on page \thepage 
                                                  \space undefined\on@line .^^J
l.114 ...\%的年复合增长率增长，据预测到2022年将超过930 EB \cite{R82}
                                                  。然而，在这些庞大的数据流量中，很多部分都包含了为网...
The control sequence at the end of the top line
of your error message was never \def'ed. If you have
misspelled it (e.g., `\hobx'), type `I' and the correct
spelling (e.g., `I\hbox'). Otherwise just continue,
and I'll forget about whatever was undefined.


LaTeX Warning: Citation `R82' on page  undefined on input line 114.

Missing character: There is no ] in font nullfont!
Missing character: There is no 。 in font nullfont!
Missing character: There is no 然 in font nullfont!
Missing character: There is no 而 in font nullfont!
Missing character: There is no ， in font nullfont!
Missing character: There is no 在 in font nullfont!
Missing character: There is no 这 in font nullfont!
Missing character: There is no 些 in font nullfont!
Missing character: There is no 庞 in font nullfont!
Missing character: There is no 大 in font nullfont!
Missing character: There is no 的 in font nullfont!
Missing character: There is no 数 in font nullfont!
Missing character: There is no 据 in font nullfont!
Missing character: There is no 流 in font nullfont!
Missing character: There is no 量 in font nullfont!
Missing character: There is no 中 in font nullfont!
Missing character: There is no ， in font nullfont!
Missing character: There is no 很 in font nullfont!
Missing character: There is no 多 in font nullfont!
Missing character: There is no 部 in font nullfont!
Missing character: There is no 分 in font nullfont!
Missing character: There is no 都 in font nullfont!
Missing character: There is no 包 in font nullfont!
Missing character: There is no 含 in font nullfont!
Missing character: There is no 了 in font nullfont!
Missing character: There is no 为 in font nullfont!
Missing character: There is no 网 in font nullfont!
Missing character: There is no 络 in font nullfont!
Missing character: There is no 中 in font nullfont!
Missing character: There is no 用 in font nullfont!
Missing character: There is no 户 in font nullfont!
Missing character: There is no 群 in font nullfont!
Missing character: There is no 体 in font nullfont!
Missing character: There is no 共 in font nullfont!
Missing character: There is no 享 in font nullfont!
Missing character: There is no 相 in font nullfont!
Missing character: There is no 同 in font nullfont!
Missing character: There is no 的 in font nullfont!
Missing character: There is no 内 in font nullfont!
Missing character: There is no 容 in font nullfont!
Missing character: There is no ， in font nullfont!
Missing character: There is no 如 in font nullfont!
Missing character: There is no 软 in font nullfont!
Missing character: There is no 件 in font nullfont!
Missing character: There is no 更 in font nullfont!
Missing character: There is no 新 in font nullfont!
Missing character: There is no 、 in font nullfont!
Missing character: There is no 金 in font nullfont!
Missing character: There is no 融 in font nullfont!
Missing character: There is no 数 in font nullfont!
Missing character: There is no 据 in font nullfont!
Missing character: There is no 和 in font nullfont!
Missing character: There is no 车 in font nullfont!
Missing character: There is no 载 in font nullfont!
Missing character: There is no 流 in font nullfont!
Missing character: There is no 媒 in font nullfont!
Missing character: There is no 体 in font nullfont!
Missing character: There is no 视 in font nullfont!
Missing character: There is no 频 in font nullfont!
Missing character: There is no 等 in font nullfont!
Missing character: There is no 。 in font nullfont!
Missing character: There is no 这 in font nullfont!
Missing character: There is no 些 in font nullfont!
Missing character: There is no 通 in font nullfont!
Missing character: There is no 常 in font nullfont!
Missing character: There is no 被 in font nullfont!
Missing character: There is no 被 in font nullfont!
Missing character: There is no 称 in font nullfont!
Missing character: There is no 为 in font nullfont!
Missing character: There is no 多 in font nullfont!
Missing character: There is no 播 in font nullfont!
Missing character: There is no 应 in font nullfont!
Missing character: There is no 用 in font nullfont!
Missing character: There is no 。 in font nullfont!
Missing character: There is no 因 in font nullfont!
Missing character: There is no 此 in font nullfont!
Missing character: There is no ， in font nullfont!
Missing character: There is no 对 in font nullfont!
Missing character: There is no 于 in font nullfont!
Missing character: There is no 未 in font nullfont!
Missing character: There is no 来 in font nullfont!
Missing character: There is no 的 in font nullfont!
Missing character: There is no B in font nullfont!
Missing character: There is no 5 in font nullfont!
Missing character: There is no G in font nullfont!
Missing character: There is no 和 in font nullfont!
Missing character: There is no 6 in font nullfont!
Missing character: There is no G in font nullfont!
Missing character: There is no ， in font nullfont!
Missing character: There is no 为 in font nullfont!
Missing character: There is no 满 in font nullfont!
Missing character: There is no 足 in font nullfont!
Missing character: There is no 不 in font nullfont!
Missing character: There is no 断 in font nullfont!
Missing character: There is no 增 in font nullfont!
Missing character: There is no 加 in font nullfont!
Missing character: There is no 同 in font nullfont!
Missing character: There is no 一 in font nullfont!
Missing character: There is no 多 in font nullfont!
Missing character: There is no 媒 in font nullfont!
Missing character: There is no 体 in font nullfont!
Missing character: There is no 应 in font nullfont!
Missing character: There is no 用 in font nullfont!
Missing character: There is no 的 in font nullfont!
Missing character: There is no 海 in font nullfont!
Missing character: There is no 量 in font nullfont!
Missing character: There is no 访 in font nullfont!
Missing character: There is no 问 in font nullfont!
Missing character: There is no 需 in font nullfont!
Missing character: There is no 求 in font nullfont!
Missing character: There is no 是 in font nullfont!
Missing character: There is no 一 in font nullfont!
Missing character: There is no 项 in font nullfont!
Missing character: There is no 极 in font nullfont!
Missing character: There is no 其 in font nullfont!
Missing character: There is no 艰 in font nullfont!
Missing character: There is no 巨 in font nullfont!
Missing character: There is no 的 in font nullfont!
Missing character: There is no 任 in font nullfont!
Missing character: There is no 务 in font nullfont!
Missing character: There is no ， in font nullfont!
Missing character: There is no 特 in font nullfont!
Missing character: There is no 别 in font nullfont!
Missing character: There is no 对 in font nullfont!
Missing character: There is no 于 in font nullfont!
Missing character: There is no 密 in font nullfont!
Missing character: There is no 集 in font nullfont!
Missing character: There is no 的 in font nullfont!
Missing character: There is no 繁 in font nullfont!
Missing character: There is no 华 in font nullfont!
Missing character: There is no 区 in font nullfont!
Missing character: There is no 域 in font nullfont!
Missing character: There is no 。 in font nullfont!
Missing character: There is no 随 in font nullfont!
Missing character: There is no 着 in font nullfont!
Missing character: There is no 科 in font nullfont!
Missing character: There is no 学 in font nullfont!
Missing character: There is no 技 in font nullfont!
Missing character: There is no 术 in font nullfont!
Missing character: There is no 的 in font nullfont!
Missing character: There is no 迅 in font nullfont!
Missing character: There is no 速 in font nullfont!
Missing character: There is no 发 in font nullfont!
Missing character: There is no 展 in font nullfont!
Missing character: There is no ， in font nullfont!
Missing character: There is no 数 in font nullfont!
Missing character: There is no 据 in font nullfont!
Missing character: There is no 感 in font nullfont!
Missing character: There is no 知 in font nullfont!
Missing character: There is no 的 in font nullfont!
Missing character: There is no 多 in font nullfont!
Missing character: There is no 组 in font nullfont!
Missing character: There is no 多 in font nullfont!
Missing character: There is no 播 in font nullfont!
Missing character: There is no 策 in font nullfont!
Missing character: There is no 略 in font nullfont!
Missing character: There is no 为 in font nullfont!
Missing character: There is no 这 in font nullfont!
Missing character: There is no 种 in font nullfont!
Missing character: There is no 涉 in font nullfont!
Missing character: There is no 及 in font nullfont!
Missing character: There is no 许 in font nullfont!
Missing character: There is no 多 in font nullfont!
Missing character: There is no 用 in font nullfont!
Missing character: There is no 户 in font nullfont!
Missing character: There is no 试 in font nullfont!
Missing character: There is no 图 in font nullfont!
Missing character: There is no 获 in font nullfont!
Missing character: There is no 取 in font nullfont!
Missing character: There is no 相 in font nullfont!
Missing character: There is no 同 in font nullfont!
Missing character: There is no 数 in font nullfont!
Missing character: There is no 据 in font nullfont!
Missing character: There is no 的 in font nullfont!
Missing character: There is no 场 in font nullfont!
Missing character: There is no 景 in font nullfont!
Missing character: There is no 提 in font nullfont!
Missing character: There is no 供 in font nullfont!
Missing character: There is no 了 in font nullfont!
Missing character: There is no 一 in font nullfont!
Missing character: There is no 种 in font nullfont!
Missing character: There is no 新 in font nullfont!
Missing character: There is no 兴 in font nullfont!
Missing character: There is no 的 in font nullfont!
Missing character: There is no 解 in font nullfont!
Missing character: There is no 决 in font nullfont!
Missing character: There is no 方 in font nullfont!
Missing character: There is no 案 in font nullfont!
! Undefined control sequence.
\@footnotetext ...tins {\reset@font \footnotesize 
                                                  \interlinepenalty \interfo...
l.114 ...ootnote{除另外说明，论文以下所提到的单播和多播均是指物理层的单播和多播。}
                                                  ，该方案允许将多播内容同时传播给相同组中的不同用户 ...
The control sequence at the end of the top line
of your error message was never \def'ed. If you have
misspelled it (e.g., `\hobx'), type `I' and the correct
spelling (e.g., `I\hbox'). Otherwise just continue,
and I'll forget about whatever was undefined.

! Undefined control sequence.
\@footnotetext ...}\color@begingroup \@makefntext 
                                                  {\rule \z@ \footnotesep \i...
l.114 ...ootnote{除另外说明，论文以下所提到的单播和多播均是指物理层的单播和多播。}
                                                  ，该方案允许将多播内容同时传播给相同组中的不同用户 ...
The control sequence at the end of the top line
of your error message was never \def'ed. If you have
misspelled it (e.g., `\hobx'), type `I' and the correct
spelling (e.g., `I\hbox'). Otherwise just continue,
and I'll forget about whatever was undefined.

Missing character: There is no 除 in font [lmroman10-regular]:mapping=tex-text;!
Missing character: There is no 另 in font [lmroman10-regular]:mapping=tex-text;!
Missing character: There is no 外 in font [lmroman10-regular]:mapping=tex-text;!
Missing character: There is no 说 in font [lmroman10-regular]:mapping=tex-text;!
Missing character: There is no 明 in font [lmroman10-regular]:mapping=tex-text;!
Missing character: There is no ， in font [lmroman10-regular]:mapping=tex-text;!
Missing character: There is no 论 in font [lmroman10-regular]:mapping=tex-text;!
Missing character: There is no 文 in font [lmroman10-regular]:mapping=tex-text;!
Missing character: There is no 以 in font [lmroman10-regular]:mapping=tex-text;!
Missing character: There is no 下 in font [lmroman10-regular]:mapping=tex-text;!
Missing character: There is no 所 in font [lmroman10-regular]:mapping=tex-text;!
Missing character: There is no 提 in font [lmroman10-regular]:mapping=tex-text;!
Missing character: There is no 到 in font [lmroman10-regular]:mapping=tex-text;!
Missing character: There is no 的 in font [lmroman10-regular]:mapping=tex-text;!
Missing character: There is no 单 in font [lmroman10-regular]:mapping=tex-text;!
Missing character: There is no 播 in font [lmroman10-regular]:mapping=tex-text;!
Missing character: There is no 和 in font [lmroman10-regular]:mapping=tex-text;!
Missing character: There is no 多 in font [lmroman10-regular]:mapping=tex-text;!
Missing character: There is no 播 in font [lmroman10-regular]:mapping=tex-text;!
Missing character: There is no 均 in font [lmroman10-regular]:mapping=tex-text;!
Missing character: There is no 是 in font [lmroman10-regular]:mapping=tex-text;!
Missing character: There is no 指 in font [lmroman10-regular]:mapping=tex-text;!
Missing character: There is no 物 in font [lmroman10-regular]:mapping=tex-text;!
Missing character: There is no 理 in font [lmroman10-regular]:mapping=tex-text;!
Missing character: There is no 层 in font [lmroman10-regular]:mapping=tex-text;!
Missing character: There is no 的 in font [lmroman10-regular]:mapping=tex-text;!
Missing character: There is no 单 in font [lmroman10-regular]:mapping=tex-text;!
Missing character: There is no 播 in font [lmroman10-regular]:mapping=tex-text;!
Missing character: There is no 和 in font [lmroman10-regular]:mapping=tex-text;!
Missing character: There is no 多 in font [lmroman10-regular]:mapping=tex-text;!
Missing character: There is no 播 in font [lmroman10-regular]:mapping=tex-text;!
Missing character: There is no 。 in font [lmroman10-regular]:mapping=tex-text;!

Overfull \hbox (89.6pt too wide) in paragraph at lines 114--114
[][]\TU/lmr/m/n/10 除另外说明，论文以下所提到的单播和多播均是指物理层的单播和多播。| 
 []

Missing character: There is no ， in font nullfont!
Missing character: There is no 该 in font nullfont!
Missing character: There is no 方 in font nullfont!
Missing character: There is no 案 in font nullfont!
Missing character: There is no 允 in font nullfont!
Missing character: There is no 许 in font nullfont!
Missing character: There is no 将 in font nullfont!
Missing character: There is no 多 in font nullfont!
Missing character: There is no 播 in font nullfont!
Missing character: There is no 内 in font nullfont!
Missing character: There is no 容 in font nullfont!
Missing character: There is no 同 in font nullfont!
Missing character: There is no 时 in font nullfont!
Missing character: There is no 传 in font nullfont!
Missing character: There is no 播 in font nullfont!
Missing character: There is no 给 in font nullfont!
Missing character: There is no 相 in font nullfont!
Missing character: There is no 同 in font nullfont!
Missing character: There is no 组 in font nullfont!
Missing character: There is no 中 in font nullfont!
Missing character: There is no 的 in font nullfont!
Missing character: There is no 不 in font nullfont!
Missing character: There is no 同 in font nullfont!
Missing character: There is no 用 in font nullfont!
Missing character: There is no 户 in font nullfont!
Missing character: There is no [ in font nullfont!
\citation{R83}
! Undefined control sequence.
<write> ...: Citation `\@citeb ' on page \thepage 
                                                  \space undefined\on@line .^^J
l.114 ...多播内容同时传播给相同组中的不同用户 \cite{R83,R84,R85,R86}
                                                  。尽管这些内容也可以用传统的单播链路进行传输，但在理...
The control sequence at the end of the top line
of your error message was never \def'ed. If you have
misspelled it (e.g., `\hobx'), type `I' and the correct
spelling (e.g., `I\hbox'). Otherwise just continue,
and I'll forget about whatever was undefined.


LaTeX Warning: Citation `R83' on page  undefined on input line 114.

Missing character: There is no , in font nullfont!
\citation{R84}
! Undefined control sequence.
<write> ...: Citation `\@citeb ' on page \thepage 
                                                  \space undefined\on@line .^^J
l.114 ...多播内容同时传播给相同组中的不同用户 \cite{R83,R84,R85,R86}
                                                  。尽管这些内容也可以用传统的单播链路进行传输，但在理...
The control sequence at the end of the top line
of your error message was never \def'ed. If you have
misspelled it (e.g., `\hobx'), type `I' and the correct
spelling (e.g., `I\hbox'). Otherwise just continue,
and I'll forget about whatever was undefined.


LaTeX Warning: Citation `R84' on page  undefined on input line 114.

Missing character: There is no , in font nullfont!
\citation{R85}
! Undefined control sequence.
<write> ...: Citation `\@citeb ' on page \thepage 
                                                  \space undefined\on@line .^^J
l.114 ...多播内容同时传播给相同组中的不同用户 \cite{R83,R84,R85,R86}
                                                  。尽管这些内容也可以用传统的单播链路进行传输，但在理...
The control sequence at the end of the top line
of your error message was never \def'ed. If you have
misspelled it (e.g., `\hobx'), type `I' and the correct
spelling (e.g., `I\hbox'). Otherwise just continue,
and I'll forget about whatever was undefined.


LaTeX Warning: Citation `R85' on page  undefined on input line 114.

Missing character: There is no , in font nullfont!
\citation{R86}
! Undefined control sequence.
<write> ...: Citation `\@citeb ' on page \thepage 
                                                  \space undefined\on@line .^^J
l.114 ...多播内容同时传播给相同组中的不同用户 \cite{R83,R84,R85,R86}
                                                  。尽管这些内容也可以用传统的单播链路进行传输，但在理...
The control sequence at the end of the top line
of your error message was never \def'ed. If you have
misspelled it (e.g., `\hobx'), type `I' and the correct
spelling (e.g., `I\hbox'). Otherwise just continue,
and I'll forget about whatever was undefined.


LaTeX Warning: Citation `R86' on page  undefined on input line 114.

Missing character: There is no ] in font nullfont!
Missing character: There is no 。 in font nullfont!
Missing character: There is no 尽 in font nullfont!
Missing character: There is no 管 in font nullfont!
Missing character: There is no 这 in font nullfont!
Missing character: There is no 些 in font nullfont!
Missing character: There is no 内 in font nullfont!
Missing character: There is no 容 in font nullfont!
Missing character: There is no 也 in font nullfont!
Missing character: There is no 可 in font nullfont!
Missing character: There is no 以 in font nullfont!
Missing character: There is no 用 in font nullfont!
Missing character: There is no 传 in font nullfont!
Missing character: There is no 统 in font nullfont!
Missing character: There is no 的 in font nullfont!
Missing character: There is no 单 in font nullfont!
Missing character: There is no 播 in font nullfont!
Missing character: There is no 链 in font nullfont!
Missing character: There is no 路 in font nullfont!
Missing character: There is no 进 in font nullfont!
Missing character: There is no 行 in font nullfont!
Missing character: There is no 传 in font nullfont!
Missing character: There is no 输 in font nullfont!
Missing character: There is no ， in font nullfont!
Missing character: There is no 但 in font nullfont!
Missing character: There is no 在 in font nullfont!
Missing character: There is no 理 in font nullfont!
Missing character: There is no 论 in font nullfont!
Missing character: There is no 上 in font nullfont!
Missing character: There is no 多 in font nullfont!
Missing character: There is no 播 in font nullfont!
Missing character: There is no 传 in font nullfont!
Missing character: There is no 输 in font nullfont!
Missing character: There is no 可 in font nullfont!
Missing character: There is no 以 in font nullfont!
Missing character: There is no 实 in font nullfont!
Missing character: There is no 现 in font nullfont!
Missing character: There is no 比 in font nullfont!
Missing character: There is no 单 in font nullfont!
Missing character: There is no 播 in font nullfont!
Missing character: There is no 传 in font nullfont!
Missing character: There is no 输 in font nullfont!
Missing character: There is no 更 in font nullfont!
Missing character: There is no 高 in font nullfont!
Missing character: There is no 的 in font nullfont!
Missing character: There is no 传 in font nullfont!
Missing character: There is no 输 in font nullfont!
Missing character: There is no 效 in font nullfont!
Missing character: There is no 率 in font nullfont!
Missing character: There is no 。 in font nullfont!
Missing character: There is no 当 in font nullfont!
Missing character: There is no 前 in font nullfont!
Missing character: There is no ， in font nullfont!
Missing character: There is no 多 in font nullfont!
Missing character: There is no 组 in font nullfont!
Missing character: There is no 多 in font nullfont!
Missing character: There is no 播 in font nullfont!
Missing character: There is no 技 in font nullfont!
Missing character: There is no 术 in font nullfont!
Missing character: There is no 已 in font nullfont!
Missing character: There is no 经 in font nullfont!
Missing character: There is no 被 in font nullfont!
Missing character: There is no 纳 in font nullfont!
Missing character: There is no 入 in font nullfont!
Missing character: There is no 到 in font nullfont!
Missing character: There is no 5 in font nullfont!
Missing character: There is no G in font nullfont!
Missing character: There is no 新 in font nullfont!
Missing character: There is no 无 in font nullfont!
Missing character: There is no 线 in font nullfont!
Missing character: There is no 电 in font nullfont!
Missing character: There is no 规 in font nullfont!
Missing character: There is no 范 in font nullfont!
Missing character: There is no 第 in font nullfont!
Missing character: There is no 3 in font nullfont!
Missing character: There is no 代 in font nullfont!
Missing character: There is no 合 in font nullfont!
Missing character: There is no 作 in font nullfont!
Missing character: There is no 伙 in font nullfont!
Missing character: There is no 伴 in font nullfont!
Missing character: There is no 计 in font nullfont!
Missing character: There is no 划 in font nullfont!
Missing character: There is no ( in font nullfont!
Missing character: There is no t in font nullfont!
Missing character: There is no h in font nullfont!
Missing character: There is no e in font nullfont!
Missing character: There is no 3 in font nullfont!
Missing character: There is no r in font nullfont!
Missing character: There is no d in font nullfont!
Missing character: There is no G in font nullfont!
Missing character: There is no e in font nullfont!
Missing character: There is no n in font nullfont!
Missing character: There is no e in font nullfont!
Missing character: There is no r in font nullfont!
Missing character: There is no a in font nullfont!
Missing character: There is no t in font nullfont!
Missing character: There is no i in font nullfont!
Missing character: There is no o in font nullfont!
Missing character: There is no n in font nullfont!
Missing character: There is no P in font nullfont!
Missing character: There is no a in font nullfont!
Missing character: There is no r in font nullfont!
Missing character: There is no t in font nullfont!
Missing character: There is no n in font nullfont!
Missing character: There is no e in font nullfont!
Missing character: There is no r in font nullfont!
Missing character: There is no s in font nullfont!
Missing character: There is no h in font nullfont!
Missing character: There is no i in font nullfont!
Missing character: There is no p in font nullfont!
Missing character: There is no P in font nullfont!
Missing character: There is no r in font nullfont!
Missing character: There is no o in font nullfont!
Missing character: There is no j in font nullfont!
Missing character: There is no e in font nullfont!
Missing character: There is no c in font nullfont!
Missing character: There is no t in font nullfont!
Missing character: There is no , in font nullfont!
Missing character: There is no 3 in font nullfont!
Missing character: There is no G in font nullfont!
Missing character: There is no P in font nullfont!
Missing character: There is no P in font nullfont!
Missing character: There is no ) in font nullfont!
Missing character: There is no 的 in font nullfont!
Missing character: There is no R in font nullfont!
Missing character: There is no e in font nullfont!
Missing character: There is no l in font nullfont!
Missing character: There is no e in font nullfont!
Missing character: There is no a in font nullfont!
Missing character: There is no s in font nullfont!
Missing character: There is no e in font nullfont!
Missing character: There is no - in font nullfont!
Missing character: There is no 1 in font nullfont!
Missing character: There is no 7 in font nullfont!
Missing character: There is no 中 in font nullfont!
Missing character: There is no ， in font nullfont!
Missing character: There is no 即 in font nullfont!
Missing character: There is no 所 in font nullfont!
Missing character: There is no 谓 in font nullfont!
Missing character: There is no 的 in font nullfont!
Missing character: There is no 演 in font nullfont!
Missing character: There is no 进 in font nullfont!
Missing character: There is no 多 in font nullfont!
Missing character: There is no 媒 in font nullfont!
Missing character: There is no 体 in font nullfont!
Missing character: There is no 广 in font nullfont!
Missing character: There is no 播 in font nullfont!
Missing character: There is no / in font nullfont!
Missing character: There is no 多 in font nullfont!
Missing character: There is no 播 in font nullfont!
Missing character: There is no 服 in font nullfont!
Missing character: There is no 务 in font nullfont!
Missing character: There is no [ in font nullfont!
\citation{R87}
! Undefined control sequence.
<write> ...: Citation `\@citeb ' on page \thepage 
                                                  \space undefined\on@line .^^J
l.114 ...的演进多媒体广播/多播服务\cite{R87,R88,R881,R882,R89}
                                                  。此外，当前大多数对于无蜂窝大规模MIMO的研究都主...
The control sequence at the end of the top line
of your error message was never \def'ed. If you have
misspelled it (e.g., `\hobx'), type `I' and the correct
spelling (e.g., `I\hbox'). Otherwise just continue,
and I'll forget about whatever was undefined.


LaTeX Warning: Citation `R87' on page  undefined on input line 114.

Missing character: There is no , in font nullfont!
\citation{R88}
! Undefined control sequence.
<write> ...: Citation `\@citeb ' on page \thepage 
                                                  \space undefined\on@line .^^J
l.114 ...的演进多媒体广播/多播服务\cite{R87,R88,R881,R882,R89}
                                                  。此外，当前大多数对于无蜂窝大规模MIMO的研究都主...
The control sequence at the end of the top line
of your error message was never \def'ed. If you have
misspelled it (e.g., `\hobx'), type `I' and the correct
spelling (e.g., `I\hbox'). Otherwise just continue,
and I'll forget about whatever was undefined.


LaTeX Warning: Citation `R88' on page  undefined on input line 114.

Missing character: There is no , in font nullfont!
\citation{R881}
! Undefined control sequence.
<write> ...: Citation `\@citeb ' on page \thepage 
                                                  \space undefined\on@line .^^J
l.114 ...的演进多媒体广播/多播服务\cite{R87,R88,R881,R882,R89}
                                                  。此外，当前大多数对于无蜂窝大规模MIMO的研究都主...
The control sequence at the end of the top line
of your error message was never \def'ed. If you have
misspelled it (e.g., `\hobx'), type `I' and the correct
spelling (e.g., `I\hbox'). Otherwise just continue,
and I'll forget about whatever was undefined.


LaTeX Warning: Citation `R881' on page  undefined on input line 114.

Missing character: There is no , in font nullfont!
\citation{R882}
! Undefined control sequence.
<write> ...: Citation `\@citeb ' on page \thepage 
                                                  \space undefined\on@line .^^J
l.114 ...的演进多媒体广播/多播服务\cite{R87,R88,R881,R882,R89}
                                                  。此外，当前大多数对于无蜂窝大规模MIMO的研究都主...
The control sequence at the end of the top line
of your error message was never \def'ed. If you have
misspelled it (e.g., `\hobx'), type `I' and the correct
spelling (e.g., `I\hbox'). Otherwise just continue,
and I'll forget about whatever was undefined.


LaTeX Warning: Citation `R882' on page  undefined on input line 114.

Missing character: There is no , in font nullfont!
\citation{R89}
! Undefined control sequence.
<write> ...: Citation `\@citeb ' on page \thepage 
                                                  \space undefined\on@line .^^J
l.114 ...的演进多媒体广播/多播服务\cite{R87,R88,R881,R882,R89}
                                                  。此外，当前大多数对于无蜂窝大规模MIMO的研究都主...
The control sequence at the end of the top line
of your error message was never \def'ed. If you have
misspelled it (e.g., `\hobx'), type `I' and the correct
spelling (e.g., `I\hbox'). Otherwise just continue,
and I'll forget about whatever was undefined.


LaTeX Warning: Citation `R89' on page  undefined on input line 114.

Missing character: There is no ] in font nullfont!
Missing character: There is no 。 in font nullfont!
Missing character: There is no 此 in font nullfont!
Missing character: There is no 外 in font nullfont!
Missing character: There is no ， in font nullfont!
Missing character: There is no 当 in font nullfont!
Missing character: There is no 前 in font nullfont!
Missing character: There is no 大 in font nullfont!
Missing character: There is no 多 in font nullfont!
Missing character: There is no 数 in font nullfont!
Missing character: There is no 对 in font nullfont!
Missing character: There is no 于 in font nullfont!
Missing character: There is no 无 in font nullfont!
Missing character: There is no 蜂 in font nullfont!
Missing character: There is no 窝 in font nullfont!
Missing character: There is no 大 in font nullfont!
Missing character: There is no 规 in font nullfont!
Missing character: There is no 模 in font nullfont!
Missing character: There is no M in font nullfont!
Missing character: There is no I in font nullfont!
Missing character: There is no M in font nullfont!
Missing character: There is no O in font nullfont!
Missing character: There is no 的 in font nullfont!
Missing character: There is no 研 in font nullfont!
Missing character: There is no 究 in font nullfont!
Missing character: There is no 都 in font nullfont!
Missing character: There is no 主 in font nullfont!
Missing character: There is no 要 in font nullfont!
Missing character: There is no 集 in font nullfont!
Missing character: There is no 中 in font nullfont!
Missing character: There is no 在 in font nullfont!
Missing character: There is no 单 in font nullfont!
Missing character: There is no 天 in font nullfont!
Missing character: There is no 线 in font nullfont!
Missing character: There is no 用 in font nullfont!
Missing character: There is no 户 in font nullfont!
Missing character: There is no 设 in font nullfont!
Missing character: There is no 备 in font nullfont!
Missing character: There is no 上 in font nullfont!
Missing character: There is no 。 in font nullfont!
Missing character: There is no 事 in font nullfont!
Missing character: There is no 实 in font nullfont!
Missing character: There is no 上 in font nullfont!
Missing character: There is no ， in font nullfont!
Missing character: There is no 多 in font nullfont!
Missing character: There is no 天 in font nullfont!
Missing character: There is no 线 in font nullfont!
Missing character: There is no 用 in font nullfont!
Missing character: There is no 户 in font nullfont!
Missing character: There is no 设 in font nullfont!
Missing character: There is no 备 in font nullfont!
Missing character: There is no 如 in font nullfont!
Missing character: There is no 笔 in font nullfont!
Missing character: There is no 记 in font nullfont!
Missing character: There is no 本 in font nullfont!
Missing character: There is no 电 in font nullfont!
Missing character: There is no 脑 in font nullfont!
Missing character: There is no 、 in font nullfont!
Missing character: There is no 智 in font nullfont!
Missing character: There is no 能 in font nullfont!
Missing character: There is no 手 in font nullfont!
Missing character: There is no 机 in font nullfont!
Missing character: There is no 、 in font nullfont!
Missing character: There is no 平 in font nullfont!
Missing character: There is no 板 in font nullfont!
Missing character: There is no 电 in font nullfont!
Missing character: There is no 脑 in font nullfont!
Missing character: There is no 等 in font nullfont!
Missing character: There is no 已 in font nullfont!
Missing character: There is no 经 in font nullfont!
Missing character: There is no 进 in font nullfont!
Missing character: There is no 入 in font nullfont!
Missing character: There is no 了 in font nullfont!
Missing character: There is no 公 in font nullfont!
Missing character: There is no 众 in font nullfont!
Missing character: There is no 视 in font nullfont!
Missing character: There is no 野 in font nullfont!
Missing character: There is no 。 in font nullfont!
Missing character: There is no 通 in font nullfont!
Missing character: There is no 常 in font nullfont!
Missing character: There is no ， in font nullfont!
Missing character: There is no 在 in font nullfont!
Missing character: There is no 有 in font nullfont!
Missing character: There is no 限 in font nullfont!
Missing character: There is no 的 in font nullfont!
Missing character: There is no 空 in font nullfont!
Missing character: There is no 间 in font nullfont!
Missing character: There is no 内 in font nullfont!
Missing character: There is no 配 in font nullfont!
Missing character: There is no 备 in font nullfont!
Missing character: There is no 更 in font nullfont!
Missing character: There is no 多 in font nullfont!
Missing character: There is no 的 in font nullfont!
Missing character: There is no 发 in font nullfont!
Missing character: There is no 射 in font nullfont!
Missing character: There is no / in font nullfont!
Missing character: There is no 接 in font nullfont!
Missing character: There is no 收 in font nullfont!
Missing character: There is no 天 in font nullfont!
Missing character: There is no 线 in font nullfont!
Missing character: There is no ， in font nullfont!
Missing character: There is no 可 in font nullfont!
Missing character: There is no 以 in font nullfont!
Missing character: There is no 有 in font nullfont!
Missing character: There is no 效 in font nullfont!
Missing character: There is no 提 in font nullfont!
Missing character: There is no 高 in font nullfont!
Missing character: There is no 发 in font nullfont!
Missing character: There is no 射 in font nullfont!
Missing character: There is no / in font nullfont!
Missing character: There is no 接 in font nullfont!
Missing character: There is no 收 in font nullfont!
Missing character: There is no 的 in font nullfont!
Missing character: There is no 指 in font nullfont!
Missing character: There is no 向 in font nullfont!
Missing character: There is no 性 in font nullfont!
Missing character: There is no 。 in font nullfont!
Missing character: There is no 在 in font nullfont!
Missing character: There is no 一 in font nullfont!
Missing character: There is no 定 in font nullfont!
Missing character: There is no 程 in font nullfont!
Missing character: There is no 度 in font nullfont!
Missing character: There is no 上 in font nullfont!
Missing character: There is no ， in font nullfont!
Missing character: There is no 天 in font nullfont!
Missing character: There is no 线 in font nullfont!
Missing character: There is no 越 in font nullfont!
Missing character: There is no 多 in font nullfont!
Missing character: There is no ， in font nullfont!
Missing character: There is no 波 in font nullfont!
Missing character: There is no 束 in font nullfont!
Missing character: There is no 越 in font nullfont!
Missing character: There is no 窄 in font nullfont!
Missing character: There is no ， in font nullfont!
Missing character: There is no 可 in font nullfont!
Missing character: There is no 以 in font nullfont!
Missing character: There is no 获 in font nullfont!
Missing character: There is no 得 in font nullfont!
Missing character: There is no 更 in font nullfont!
Missing character: There is no 高 in font nullfont!
Missing character: There is no 的 in font nullfont!
Missing character: There is no 波 in font nullfont!
Missing character: There is no 束 in font nullfont!
Missing character: There is no 成 in font nullfont!
Missing character: There is no 形 in font nullfont!
Missing character: There is no 、 in font nullfont!
Missing character: There is no 复 in font nullfont!
Missing character: There is no 用 in font nullfont!
Missing character: There is no 和 in font nullfont!
Missing character: There is no 空 in font nullfont!
Missing character: There is no 间 in font nullfont!
Missing character: There is no 分 in font nullfont!
Missing character: There is no 集 in font nullfont!
Missing character: There is no 增 in font nullfont!
Missing character: There is no 益 in font nullfont!
Missing character: There is no 。 in font nullfont!
Missing character: There is no 因 in font nullfont!
Missing character: There is no 此 in font nullfont!
Missing character: There is no ， in font nullfont!
Missing character: There is no 多 in font nullfont!
Missing character: There is no 天 in font nullfont!
Missing character: There is no 线 in font nullfont!
Missing character: There is no 用 in font nullfont!
Missing character: There is no 户 in font nullfont!
Missing character: There is no 系 in font nullfont!
Missing character: There is no 统 in font nullfont!
Missing character: There is no 可 in font nullfont!
Missing character: There is no 以 in font nullfont!
Missing character: There is no 有 in font nullfont!
Missing character: There is no 效 in font nullfont!
Missing character: There is no 地 in font nullfont!
Missing character: There is no 提 in font nullfont!
Missing character: There is no 高 in font nullfont!
Missing character: There is no 传 in font nullfont!
Missing character: There is no 输 in font nullfont!
Missing character: There is no 链 in font nullfont!
Missing character: There is no 路 in font nullfont!
Missing character: There is no 的 in font nullfont!
Missing character: There is no 鲁 in font nullfont!
Missing character: There is no 棒 in font nullfont!
Missing character: There is no 性 in font nullfont!
Missing character: There is no 和 in font nullfont!
Missing character: There is no 可 in font nullfont!
Missing character: There is no 靠 in font nullfont!
Missing character: There is no 性 in font nullfont!
Missing character: There is no [ in font nullfont!
\citation{R90}
! Undefined control sequence.
<write> ...: Citation `\@citeb ' on page \thepage 
                                                  \space undefined\on@line .^^J
l.114 ...，多天线用户系统可以有效地提高传输链路的鲁棒性和可靠性\cite{R90,R91}
                                                  。最近，文献\textcite{R85}首次将单天线...
The control sequence at the end of the top line
of your error message was never \def'ed. If you have
misspelled it (e.g., `\hobx'), type `I' and the correct
spelling (e.g., `I\hbox'). Otherwise just continue,
and I'll forget about whatever was undefined.


LaTeX Warning: Citation `R90' on page  undefined on input line 114.

Missing character: There is no , in font nullfont!
\citation{R91}
! Undefined control sequence.
<write> ...: Citation `\@citeb ' on page \thepage 
                                                  \space undefined\on@line .^^J
l.114 ...，多天线用户系统可以有效地提高传输链路的鲁棒性和可靠性\cite{R90,R91}
                                                  。最近，文献\textcite{R85}首次将单天线...
The control sequence at the end of the top line
of your error message was never \def'ed. If you have
misspelled it (e.g., `\hobx'), type `I' and the correct
spelling (e.g., `I\hbox'). Otherwise just continue,
and I'll forget about whatever was undefined.


LaTeX Warning: Citation `R91' on page  undefined on input line 114.

Missing character: There is no ] in font nullfont!
Missing character: There is no 。 in font nullfont!
Missing character: There is no 最 in font nullfont!
Missing character: There is no 近 in font nullfont!
Missing character: There is no ， in font nullfont!
Missing character: There is no 文 in font nullfont!
Missing character: There is no 献 in font nullfont!
! Undefined control sequence.
l.114 ...传输链路的鲁棒性和可靠性\cite{R90,R91}。最近，文献\textcite
                                                  {R85}首次将单天线用户多组多播技术应用到下行无蜂...
The control sequence at the end of the top line
of your error message was never \def'ed. If you have
misspelled it (e.g., `\hobx'), type `I' and the correct
spelling (e.g., `I\hbox'). Otherwise just continue,
and I'll forget about whatever was undefined.

Missing character: There is no R in font nullfont!
Missing character: There is no 8 in font nullfont!
Missing character: There is no 5 in font nullfont!
Missing character: There is no 首 in font nullfont!
Missing character: There is no 次 in font nullfont!
Missing character: There is no 将 in font nullfont!
Missing character: There is no 单 in font nullfont!
Missing character: There is no 天 in font nullfont!
Missing character: There is no 线 in font nullfont!
Missing character: There is no 用 in font nullfont!
Missing character: There is no 户 in font nullfont!
Missing character: There is no 多 in font nullfont!
Missing character: There is no 组 in font nullfont!
Missing character: There is no 多 in font nullfont!
Missing character: There is no 播 in font nullfont!
Missing character: There is no 技 in font nullfont!
Missing character: There is no 术 in font nullfont!
Missing character: There is no 应 in font nullfont!
Missing character: There is no 用 in font nullfont!
Missing character: There is no 到 in font nullfont!
Missing character: There is no 下 in font nullfont!
Missing character: There is no 行 in font nullfont!
Missing character: There is no 无 in font nullfont!
Missing character: There is no 蜂 in font nullfont!
Missing character: There is no 窝 in font nullfont!
Missing character: There is no 大 in font nullfont!
Missing character: There is no 规 in font nullfont!
Missing character: There is no 模 in font nullfont!
Missing character: There is no M in font nullfont!
Missing character: There is no I in font nullfont!
Missing character: There is no M in font nullfont!
Missing character: There is no O in font nullfont!
Missing character: There is no 系 in font nullfont!
Missing character: There is no 统 in font nullfont!
Missing character: There is no 中 in font nullfont!
Missing character: There is no ， in font nullfont!
Missing character: There is no 并 in font nullfont!
Missing character: There is no 且 in font nullfont!
Missing character: There is no 文 in font nullfont!
Missing character: There is no 献 in font nullfont!
! Undefined control sequence.
l.114 ...线用户多组多播技术应用到下行无蜂窝大规模MIMO系统中，并且文献\textcite
                                                  {R92}相继进行了详细的最大最小功率优化分析\ci...
The control sequence at the end of the top line
of your error message was never \def'ed. If you have
misspelled it (e.g., `\hobx'), type `I' and the correct
spelling (e.g., `I\hbox'). Otherwise just continue,
and I'll forget about whatever was undefined.

Missing character: There is no R in font nullfont!
Missing character: There is no 9 in font nullfont!
Missing character: There is no 2 in font nullfont!
Missing character: There is no 相 in font nullfont!
Missing character: There is no 继 in font nullfont!
Missing character: There is no 进 in font nullfont!
Missing character: There is no 行 in font nullfont!
Missing character: There is no 了 in font nullfont!
Missing character: There is no 详 in font nullfont!
Missing character: There is no 细 in font nullfont!
Missing character: There is no 的 in font nullfont!
Missing character: There is no 最 in font nullfont!
Missing character: There is no 大 in font nullfont!
Missing character: There is no 最 in font nullfont!
Missing character: There is no 小 in font nullfont!
Missing character: There is no 功 in font nullfont!
Missing character: There is no 率 in font nullfont!
Missing character: There is no 优 in font nullfont!
Missing character: There is no 化 in font nullfont!
Missing character: There is no 分 in font nullfont!
Missing character: There is no 析 in font nullfont!
Missing character: There is no [ in font nullfont!
\citation{R93}
! Undefined control sequence.
<write> ...: Citation `\@citeb ' on page \thepage 
                                                  \space undefined\on@line .^^J
l.114 ...cite{R92}相继进行了详细的最大最小功率优化分析\cite{R93,R94}
                                                  。除了一般采用的CB预处理方案外，最小均方误差(mi...
The control sequence at the end of the top line
of your error message was never \def'ed. If you have
misspelled it (e.g., `\hobx'), type `I' and the correct
spelling (e.g., `I\hbox'). Otherwise just continue,
and I'll forget about whatever was undefined.


LaTeX Warning: Citation `R93' on page  undefined on input line 114.

Missing character: There is no , in font nullfont!
\citation{R94}
! Undefined control sequence.
<write> ...: Citation `\@citeb ' on page \thepage 
                                                  \space undefined\on@line .^^J
l.114 ...cite{R92}相继进行了详细的最大最小功率优化分析\cite{R93,R94}
                                                  。除了一般采用的CB预处理方案外，最小均方误差(mi...
The control sequence at the end of the top line
of your error message was never \def'ed. If you have
misspelled it (e.g., `\hobx'), type `I' and the correct
spelling (e.g., `I\hbox'). Otherwise just continue,
and I'll forget about whatever was undefined.


LaTeX Warning: Citation `R94' on page  undefined on input line 114.

Missing character: There is no ] in font nullfont!
Missing character: There is no 。 in font nullfont!
Missing character: There is no 除 in font nullfont!
Missing character: There is no 了 in font nullfont!
Missing character: There is no 一 in font nullfont!
Missing character: There is no 般 in font nullfont!
Missing character: There is no 采 in font nullfont!
Missing character: There is no 用 in font nullfont!
Missing character: There is no 的 in font nullfont!
Missing character: There is no C in font nullfont!
Missing character: There is no B in font nullfont!
Missing character: There is no 预 in font nullfont!
Missing character: There is no 处 in font nullfont!
Missing character: There is no 理 in font nullfont!
Missing character: There is no 方 in font nullfont!
Missing character: There is no 案 in font nullfont!
Missing character: There is no 外 in font nullfont!
Missing character: There is no ， in font nullfont!
Missing character: There is no 最 in font nullfont!
Missing character: There is no 小 in font nullfont!
Missing character: There is no 均 in font nullfont!
Missing character: There is no 方 in font nullfont!
Missing character: There is no 误 in font nullfont!
Missing character: There is no 差 in font nullfont!
Missing character: There is no ( in font nullfont!
Missing character: There is no m in font nullfont!
Missing character: There is no i in font nullfont!
Missing character: There is no n in font nullfont!
Missing character: There is no i in font nullfont!
Missing character: There is no m in font nullfont!
Missing character: There is no u in font nullfont!
Missing character: There is no m in font nullfont!
Missing character: There is no m in font nullfont!
Missing character: There is no e in font nullfont!
Missing character: There is no a in font nullfont!
Missing character: There is no n in font nullfont!
Missing character: There is no s in font nullfont!
Missing character: There is no q in font nullfont!
Missing character: There is no u in font nullfont!
Missing character: There is no a in font nullfont!
Missing character: There is no r in font nullfont!
Missing character: There is no e in font nullfont!
Missing character: There is no d in font nullfont!
Missing character: There is no e in font nullfont!
Missing character: There is no r in font nullfont!
Missing character: There is no r in font nullfont!
Missing character: There is no o in font nullfont!
Missing character: There is no r in font nullfont!
Missing character: There is no , in font nullfont!
Missing character: There is no M in font nullfont!
Missing character: There is no M in font nullfont!
Missing character: There is no S in font nullfont!
Missing character: There is no E in font nullfont!
Missing character: There is no ) in font nullfont!
Missing character: There is no 和 in font nullfont!
Missing character: There is no Z in font nullfont!
Missing character: There is no F in font nullfont!
Missing character: There is no 方 in font nullfont!
Missing character: There is no 案 in font nullfont!
Missing character: There is no 也 in font nullfont!
Missing character: There is no 进 in font nullfont!
Missing character: There is no 行 in font nullfont!
Missing character: There is no 了 in font nullfont!
Missing character: There is no 详 in font nullfont!
Missing character: There is no 细 in font nullfont!
Missing character: There is no 的 in font nullfont!
Missing character: There is no 研 in font nullfont!
Missing character: There is no 究 in font nullfont!
Missing character: There is no [ in font nullfont!
\citation{R95}
! Undefined control sequence.
<write> ...: Citation `\@citeb ' on page \thepage 
                                                  \space undefined\on@line .^^J
l.114 ...or, MMSE)和ZF方案也进行了详细的研究\cite{R95,R96,R97}
                                                  。此外，在论文\textcite{R95,R96}中...
The control sequence at the end of the top line
of your error message was never \def'ed. If you have
misspelled it (e.g., `\hobx'), type `I' and the correct
spelling (e.g., `I\hbox'). Otherwise just continue,
and I'll forget about whatever was undefined.


LaTeX Warning: Citation `R95' on page  undefined on input line 114.

Missing character: There is no , in font nullfont!
\citation{R96}
! Undefined control sequence.
<write> ...: Citation `\@citeb ' on page \thepage 
                                                  \space undefined\on@line .^^J
l.114 ...or, MMSE)和ZF方案也进行了详细的研究\cite{R95,R96,R97}
                                                  。此外，在论文\textcite{R95,R96}中...
The control sequence at the end of the top line
of your error message was never \def'ed. If you have
misspelled it (e.g., `\hobx'), type `I' and the correct
spelling (e.g., `I\hbox'). Otherwise just continue,
and I'll forget about whatever was undefined.


LaTeX Warning: Citation `R96' on page  undefined on input line 114.

Missing character: There is no , in font nullfont!
\citation{R97}
! Undefined control sequence.
<write> ...: Citation `\@citeb ' on page \thepage 
                                                  \space undefined\on@line .^^J
l.114 ...or, MMSE)和ZF方案也进行了详细的研究\cite{R95,R96,R97}
                                                  。此外，在论文\textcite{R95,R96}中...
The control sequence at the end of the top line
of your error message was never \def'ed. If you have
misspelled it (e.g., `\hobx'), type `I' and the correct
spelling (e.g., `I\hbox'). Otherwise just continue,
and I'll forget about whatever was undefined.


LaTeX Warning: Citation `R97' on page  undefined on input line 114.

Missing character: There is no ] in font nullfont!
Missing character: There is no 。 in font nullfont!
Missing character: There is no 此 in font nullfont!
Missing character: There is no 外 in font nullfont!
Missing character: There is no ， in font nullfont!
Missing character: There is no 在 in font nullfont!
Missing character: There is no 论 in font nullfont!
Missing character: There is no 文 in font nullfont!
! Undefined control sequence.
l.114 ...行了详细的研究\cite{R95,R96,R97}。此外，在论文\textcite
                                                  {R95,R96}中，作者探讨了ZF方案的上行链路E...
The control sequence at the end of the top line
of your error message was never \def'ed. If you have
misspelled it (e.g., `\hobx'), type `I' and the correct
spelling (e.g., `I\hbox'). Otherwise just continue,
and I'll forget about whatever was undefined.

Missing character: There is no R in font nullfont!
Missing character: There is no 9 in font nullfont!
Missing character: There is no 5 in font nullfont!
Missing character: There is no , in font nullfont!
Missing character: There is no R in font nullfont!
Missing character: There is no 9 in font nullfont!
Missing character: There is no 6 in font nullfont!
Missing character: There is no 中 in font nullfont!
Missing character: There is no ， in font nullfont!
Missing character: There is no 作 in font nullfont!
Missing character: There is no 者 in font nullfont!
Missing character: There is no 探 in font nullfont!
Missing character: There is no 讨 in font nullfont!
Missing character: There is no 了 in font nullfont!
Missing character: There is no Z in font nullfont!
Missing character: There is no F in font nullfont!
Missing character: There is no 方 in font nullfont!
Missing character: There is no 案 in font nullfont!
Missing character: There is no 的 in font nullfont!
Missing character: There is no 上 in font nullfont!
Missing character: There is no 行 in font nullfont!
Missing character: There is no 链 in font nullfont!
Missing character: There is no 路 in font nullfont!
Missing character: There is no E in font nullfont!
Missing character: There is no E in font nullfont!
Missing character: There is no 最 in font nullfont!
Missing character: There is no 大 in font nullfont!
Missing character: There is no 化 in font nullfont!
Missing character: There is no 问 in font nullfont!
Missing character: There is no 题 in font nullfont!
Missing character: There is no ， in font nullfont!
Missing character: There is no 然 in font nullfont!
Missing character: There is no 后 in font nullfont!
Missing character: There is no 进 in font nullfont!
Missing character: There is no 一 in font nullfont!
Missing character: There is no 步 in font nullfont!
Missing character: There is no 对 in font nullfont!
Missing character: There is no C in font nullfont!
Missing character: There is no B in font nullfont!
Missing character: There is no 和 in font nullfont!
Missing character: There is no Z in font nullfont!
Missing character: There is no F in font nullfont!
Missing character: There is no 的 in font nullfont!
Missing character: There is no 上 in font nullfont!
Missing character: There is no 行 in font nullfont!
Missing character: There is no 链 in font nullfont!
Missing character: There is no 路 in font nullfont!
Missing character: There is no 性 in font nullfont!
Missing character: There is no 能 in font nullfont!
Missing character: There is no 进 in font nullfont!
Missing character: There is no 行 in font nullfont!
Missing character: There is no 了 in font nullfont!
Missing character: There is no 比 in font nullfont!
Missing character: There is no 较 in font nullfont!
Missing character: There is no 。 in font nullfont!
Missing character: There is no 文 in font nullfont!
Missing character: There is no 献 in font nullfont!
! Undefined control sequence.
l.114 ...最大化问题，然后进一步对CB和ZF的上行链路性能进行了比较。文献\textcite
                                                  {R97}还对MMSE预处理方案进行了研究。研究结果...
The control sequence at the end of the top line
of your error message was never \def'ed. If you have
misspelled it (e.g., `\hobx'), type `I' and the correct
spelling (e.g., `I\hbox'). Otherwise just continue,
and I'll forget about whatever was undefined.

Missing character: There is no R in font nullfont!
Missing character: There is no 9 in font nullfont!
Missing character: There is no 7 in font nullfont!
Missing character: There is no 还 in font nullfont!
Missing character: There is no 对 in font nullfont!
Missing character: There is no M in font nullfont!
Missing character: There is no M in font nullfont!
Missing character: There is no S in font nullfont!
Missing character: There is no E in font nullfont!
Missing character: There is no 预 in font nullfont!
Missing character: There is no 处 in font nullfont!
Missing character: There is no 理 in font nullfont!
Missing character: There is no 方 in font nullfont!
Missing character: There is no 案 in font nullfont!
Missing character: There is no 进 in font nullfont!
Missing character: There is no 行 in font nullfont!
Missing character: There is no 了 in font nullfont!
Missing character: There is no 研 in font nullfont!
Missing character: There is no 究 in font nullfont!
Missing character: There is no 。 in font nullfont!
Missing character: There is no 研 in font nullfont!
Missing character: There is no 究 in font nullfont!
Missing character: There is no 结 in font nullfont!
Missing character: There is no 果 in font nullfont!
Missing character: There is no 表 in font nullfont!
Missing character: There is no 明 in font nullfont!
Missing character: There is no ， in font nullfont!
Missing character: There is no M in font nullfont!
Missing character: There is no M in font nullfont!
Missing character: There is no S in font nullfont!
Missing character: There is no E in font nullfont!
Missing character: There is no 和 in font nullfont!
Missing character: There is no Z in font nullfont!
Missing character: There is no F in font nullfont!
Missing character: There is no 在 in font nullfont!
Missing character: There is no 系 in font nullfont!
Missing character: There is no 统 in font nullfont!
Missing character: There is no 性 in font nullfont!
Missing character: There is no 能 in font nullfont!
Missing character: There is no 上 in font nullfont!
Missing character: There is no 都 in font nullfont!
Missing character: There is no 优 in font nullfont!
Missing character: There is no 于 in font nullfont!
Missing character: There is no C in font nullfont!
Missing character: There is no B in font nullfont!
Missing character: There is no ， in font nullfont!
Missing character: There is no 其 in font nullfont!
Missing character: There is no 原 in font nullfont!
Missing character: There is no 因 in font nullfont!
Missing character: There is no 是 in font nullfont!
Missing character: There is no 它 in font nullfont!
Missing character: There is no 们 in font nullfont!
Missing character: There is no 可 in font nullfont!
Missing character: There is no 以 in font nullfont!
Missing character: There is no 有 in font nullfont!
Missing character: There is no 效 in font nullfont!
Missing character: There is no 地 in font nullfont!
Missing character: There is no 消 in font nullfont!
Missing character: There is no 除 in font nullfont!
Missing character: There is no 用 in font nullfont!
Missing character: There is no 户 in font nullfont!
Missing character: There is no 间 in font nullfont!
Missing character: There is no 干 in font nullfont!
Missing character: There is no 扰 in font nullfont!
Missing character: There is no 。 in font nullfont!
Missing character: There is no 由 in font nullfont!
Missing character: There is no 于 in font nullfont!
Missing character: There is no 无 in font nullfont!
Missing character: There is no 蜂 in font nullfont!
Missing character: There is no 窝 in font nullfont!
Missing character: There is no 大 in font nullfont!
Missing character: There is no 规 in font nullfont!
Missing character: There is no 模 in font nullfont!
Missing character: There is no M in font nullfont!
Missing character: There is no I in font nullfont!
Missing character: There is no M in font nullfont!
Missing character: There is no O in font nullfont!
Missing character: There is no 系 in font nullfont!
Missing character: There is no 统 in font nullfont!
Missing character: There is no 架 in font nullfont!
Missing character: There is no 构 in font nullfont!
Missing character: There is no 的 in font nullfont!
Missing character: There is no 特 in font nullfont!
Missing character: There is no 点 in font nullfont!
Missing character: There is no ， in font nullfont!
Missing character: There is no 本 in font nullfont!
Missing character: There is no 地 in font nullfont!
Missing character: There is no C in font nullfont!
Missing character: There is no S in font nullfont!
Missing character: There is no I in font nullfont!
Missing character: There is no 和 in font nullfont!
Missing character: There is no 功 in font nullfont!
Missing character: There is no 率 in font nullfont!
Missing character: There is no 分 in font nullfont!
Missing character: There is no 配 in font nullfont!
Missing character: There is no 系 in font nullfont!
Missing character: There is no 数 in font nullfont!
Missing character: There is no 必 in font nullfont!
Missing character: There is no 须 in font nullfont!
Missing character: There is no 传 in font nullfont!
Missing character: There is no 输 in font nullfont!
Missing character: There is no 到 in font nullfont!
Missing character: There is no C in font nullfont!
Missing character: There is no P in font nullfont!
Missing character: There is no U in font nullfont!
Missing character: There is no ， in font nullfont!
Missing character: There is no 通 in font nullfont!
Missing character: There is no 常 in font nullfont!
Missing character: There is no 处 in font nullfont!
Missing character: There is no 理 in font nullfont!
Missing character: There is no 起 in font nullfont!
Missing character: There is no 来 in font nullfont!
Missing character: There is no 比 in font nullfont!
Missing character: There is no 较 in font nullfont!
Missing character: There is no 复 in font nullfont!
Missing character: There is no 杂 in font nullfont!
Missing character: There is no ， in font nullfont!
Missing character: There is no 信 in font nullfont!
Missing character: There is no 号 in font nullfont!
Missing character: There is no 处 in font nullfont!
Missing character: There is no 理 in font nullfont!
Missing character: There is no 也 in font nullfont!
Missing character: There is no 主 in font nullfont!
Missing character: There is no 要 in font nullfont!
Missing character: There is no 在 in font nullfont!
Missing character: There is no C in font nullfont!
Missing character: There is no P in font nullfont!
Missing character: There is no U in font nullfont!
Missing character: There is no 上 in font nullfont!
Missing character: There is no 完 in font nullfont!
Missing character: There is no 成 in font nullfont!
Missing character: There is no 。 in font nullfont!
Missing character: There is no 因 in font nullfont!
Missing character: There is no 此 in font nullfont!
Missing character: There is no ， in font nullfont!
Missing character: There is no M in font nullfont!
Missing character: There is no M in font nullfont!
Missing character: There is no S in font nullfont!
Missing character: There is no E in font nullfont!
Missing character: There is no 和 in font nullfont!
Missing character: There is no Z in font nullfont!
Missing character: There is no F in font nullfont!
Missing character: There is no 在 in font nullfont!
Missing character: There is no 实 in font nullfont!
Missing character: There is no 际 in font nullfont!
Missing character: There is no 部 in font nullfont!
Missing character: There is no 署 in font nullfont!
Missing character: There is no 中 in font nullfont!
Missing character: There is no 都 in font nullfont!
Missing character: There is no 要 in font nullfont!
Missing character: There is no 承 in font nullfont!
Missing character: There is no 受 in font nullfont!
Missing character: There is no 巨 in font nullfont!
Missing character: There is no 大 in font nullfont!
Missing character: There is no 的 in font nullfont!
Missing character: There is no 前 in font nullfont!
Missing character: There is no 程 in font nullfont!
Missing character: There is no 和 in font nullfont!
Missing character: There is no 回 in font nullfont!
Missing character: There is no 程 in font nullfont!
Missing character: There is no 资 in font nullfont!
Missing character: There is no 源 in font nullfont!
Missing character: There is no 需 in font nullfont!
Missing character: There is no 求 in font nullfont!
Missing character: There is no [ in font nullfont!
\citation{R90}
! Undefined control sequence.
<write> ...: Citation `\@citeb ' on page \thepage 
                                                  \space undefined\on@line .^^J
l.114 ...此，MMSE和ZF在实际部署中都要承受巨大的前程和回程资源需求\cite{R90}
                                                  。因此，分布式CB接收机几乎是最优的，其可以避免在A...
The control sequence at the end of the top line
of your error message was never \def'ed. If you have
misspelled it (e.g., `\hobx'), type `I' and the correct
spelling (e.g., `I\hbox'). Otherwise just continue,
and I'll forget about whatever was undefined.


LaTeX Warning: Citation `R90' on page  undefined on input line 114.

Missing character: There is no ] in font nullfont!
Missing character: There is no 。 in font nullfont!
Missing character: There is no 因 in font nullfont!
Missing character: There is no 此 in font nullfont!
Missing character: There is no ， in font nullfont!
Missing character: There is no 分 in font nullfont!
Missing character: There is no 布 in font nullfont!
Missing character: There is no 式 in font nullfont!
Missing character: There is no C in font nullfont!
Missing character: There is no B in font nullfont!
Missing character: There is no 接 in font nullfont!
Missing character: There is no 收 in font nullfont!
Missing character: There is no 机 in font nullfont!
Missing character: There is no 几 in font nullfont!
Missing character: There is no 乎 in font nullfont!
Missing character: There is no 是 in font nullfont!
Missing character: There is no 最 in font nullfont!
Missing character: There is no 优 in font nullfont!
Missing character: There is no 的 in font nullfont!
Missing character: There is no ， in font nullfont!
Missing character: There is no 其 in font nullfont!
Missing character: There is no 可 in font nullfont!
Missing character: There is no 以 in font nullfont!
Missing character: There is no 避 in font nullfont!
Missing character: There is no 免 in font nullfont!
Missing character: There is no 在 in font nullfont!
Missing character: There is no A in font nullfont!
Missing character: There is no P in font nullfont!
Missing character: There is no 或 in font nullfont!
Missing character: There is no C in font nullfont!
Missing character: There is no P in font nullfont!
Missing character: There is no U in font nullfont!
Missing character: There is no 之 in font nullfont!
Missing character: There is no 间 in font nullfont!
Missing character: There is no 进 in font nullfont!
Missing character: There is no 行 in font nullfont!
Missing character: There is no C in font nullfont!
Missing character: There is no S in font nullfont!
Missing character: There is no I in font nullfont!
Missing character: There is no 共 in font nullfont!
Missing character: There is no 享 in font nullfont!
Missing character: There is no 和 in font nullfont!
Missing character: There is no 数 in font nullfont!
Missing character: There is no 据 in font nullfont!
Missing character: There is no 交 in font nullfont!
Missing character: There is no 换 in font nullfont!
Missing character: There is no [ in font nullfont!
\citation{R93}
! Undefined control sequence.
<write> ...: Citation `\@citeb ' on page \thepage 
                                                  \space undefined\on@line .^^J
l.114 ...CPU之间进行CSI共享和数据交换 \cite{R93,R98,R99,R100}
                                                  。
The control sequence at the end of the top line
of your error message was never \def'ed. If you have
misspelled it (e.g., `\hobx'), type `I' and the correct
spelling (e.g., `I\hbox'). Otherwise just continue,
and I'll forget about whatever was undefined.


LaTeX Warning: Citation `R93' on page  undefined on input line 114.

Missing character: There is no , in font nullfont!
\citation{R98}
! Undefined control sequence.
<write> ...: Citation `\@citeb ' on page \thepage 
                                                  \space undefined\on@line .^^J
l.114 ...CPU之间进行CSI共享和数据交换 \cite{R93,R98,R99,R100}
                                                  。
The control sequence at the end of the top line
of your error message was never \def'ed. If you have
misspelled it (e.g., `\hobx'), type `I' and the correct
spelling (e.g., `I\hbox'). Otherwise just continue,
and I'll forget about whatever was undefined.


LaTeX Warning: Citation `R98' on page  undefined on input line 114.

Missing character: There is no , in font nullfont!
\citation{R99}
! Undefined control sequence.
<write> ...: Citation `\@citeb ' on page \thepage 
                                                  \space undefined\on@line .^^J
l.114 ...CPU之间进行CSI共享和数据交换 \cite{R93,R98,R99,R100}
                                                  。
The control sequence at the end of the top line
of your error message was never \def'ed. If you have
misspelled it (e.g., `\hobx'), type `I' and the correct
spelling (e.g., `I\hbox'). Otherwise just continue,
and I'll forget about whatever was undefined.


LaTeX Warning: Citation `R99' on page  undefined on input line 114.

Missing character: There is no , in font nullfont!
\citation{R100}
! Undefined control sequence.
<write> ...: Citation `\@citeb ' on page \thepage 
                                                  \space undefined\on@line .^^J
l.114 ...CPU之间进行CSI共享和数据交换 \cite{R93,R98,R99,R100}
                                                  。
The control sequence at the end of the top line
of your error message was never \def'ed. If you have
misspelled it (e.g., `\hobx'), type `I' and the correct
spelling (e.g., `I\hbox'). Otherwise just continue,
and I'll forget about whatever was undefined.


LaTeX Warning: Citation `R100' on page  undefined on input line 114.

Missing character: There is no ] in font nullfont!
Missing character: There is no 。 in font nullfont!

Overfull \hbox (20.0pt too wide) in paragraph at lines 114--115
[]
 []


Overfull \hbox (9.913pt too wide) in paragraph at lines 114--115
[][]
 []


Overfull \hbox (5.43pt too wide) in paragraph at lines 114--115
[]
 []


Overfull \hbox (5.43pt too wide) in paragraph at lines 114--115
[]
 []


Overfull \hbox (5.43pt too wide) in paragraph at lines 114--115
[]
 []


Overfull \hbox (5.43pt too wide) in paragraph at lines 114--115
[]
 []


Overfull \hbox (5.43pt too wide) in paragraph at lines 114--115
[]
 []


Overfull \hbox (5.43pt too wide) in paragraph at lines 114--115
[]
 []


Overfull \hbox (5.43pt too wide) in paragraph at lines 114--115
[]
 []


Overfull \hbox (5.43pt too wide) in paragraph at lines 114--115
[]
 []


Overfull \hbox (10.85999pt too wide) in paragraph at lines 114--115
[][]
 []


Overfull \hbox (10.85999pt too wide) in paragraph at lines 114--115
[][]
 []


Overfull \hbox (5.43pt too wide) in paragraph at lines 114--115
[]
 []


Overfull \hbox (5.43pt too wide) in paragraph at lines 114--115
[]
 []


Overfull \hbox (5.43pt too wide) in paragraph at lines 114--115
[]
 []


Overfull \hbox (10.85999pt too wide) in paragraph at lines 114--115
[][]
 []


Overfull \hbox (5.43pt too wide) in paragraph at lines 114--115
[]
 []


Overfull \hbox (5.43pt too wide) in paragraph at lines 114--115
[]
 []


Overfull \hbox (5.43pt too wide) in paragraph at lines 114--115
[]
 []


Overfull \hbox (5.43pt too wide) in paragraph at lines 114--115
[] 
 []

! Undefined control sequence.
l.119 \section
              {论文主要内容和结构安排}
The control sequence at the end of the top line
of your error message was never \def'ed. If you have
misspelled it (e.g., `\hobx'), type `I' and the correct
spelling (e.g., `I\hbox'). Otherwise just continue,
and I'll forget about whatever was undefined.


! LaTeX Error: The font size command \normalsize is not defined:
               there is probably something wrong with the class file.

See the LaTeX manual or LaTeX Companion for explanation.
Type  H <return>  for immediate help.
 ...                                              
                                                  
l.119 \section{论
                文主要内容和结构安排}
Your command was ignored.
Type  I <command> <return>  to replace it with another command,
or  <return>  to continue without it.

[1
! Undefined control sequence.
<write> \newlabel{chap:intro}{{}{\thepage 
                                          }}
l.119 \section{论
                文主要内容和结构安排}
The control sequence at the end of the top line
of your error message was never \def'ed. If you have
misspelled it (e.g., `\hobx'), type `I' and the correct
spelling (e.g., `I\hbox'). Otherwise just continue,
and I'll forget about whatever was undefined.

\newlabel{chap:intro}{{}{}}
! Undefined control sequence.
<write> \newlabel{fig:fig07}{{}{\thepage 
                                         }}
l.119 \section{论
                文主要内容和结构安排}
The control sequence at the end of the top line
of your error message was never \def'ed. If you have
misspelled it (e.g., `\hobx'), type `I' and the correct
spelling (e.g., `I\hbox'). Otherwise just continue,
and I'll forget about whatever was undefined.

\newlabel{fig:fig07}{{}{}}
! Undefined control sequence.
<write> \newlabel{fig:fig07}{{}{\thepage 
                                         }}
l.119 \section{论
                文主要内容和结构安排}
The control sequence at the end of the top line
of your error message was never \def'ed. If you have
misspelled it (e.g., `\hobx'), type `I' and the correct
spelling (e.g., `I\hbox'). Otherwise just continue,
and I'll forget about whatever was undefined.

\newlabel{fig:fig07}{{}{}}
! Undefined control sequence.
<write> \newlabel{fig:fig07}{{}{\thepage 
                                         }}
l.119 \section{论
                文主要内容和结构安排}
The control sequence at the end of the top line
of your error message was never \def'ed. If you have
misspelled it (e.g., `\hobx'), type `I' and the correct
spelling (e.g., `I\hbox'). Otherwise just continue,
and I'll forget about whatever was undefined.

\newlabel{fig:fig07}{{}{}}
! Undefined control sequence.
<write> \newlabel{fig:fig07}{{}{\thepage 
                                         }}
l.119 \section{论
                文主要内容和结构安排}
The control sequence at the end of the top line
of your error message was never \def'ed. If you have
misspelled it (e.g., `\hobx'), type `I' and the correct
spelling (e.g., `I\hbox'). Otherwise just continue,
and I'll forget about whatever was undefined.

\newlabel{fig:fig07}{{}{}}
! Undefined control sequence.
<write> \newlabel{fig:fig07}{{}{\thepage 
                                         }}
l.119 \section{论
                文主要内容和结构安排}
The control sequence at the end of the top line
of your error message was never \def'ed. If you have
misspelled it (e.g., `\hobx'), type `I' and the correct
spelling (e.g., `I\hbox'). Otherwise just continue,
and I'll forget about whatever was undefined.

\newlabel{fig:fig07}{{}{}}
! Undefined control sequence.
<write> \newlabel{fig:fig07}{{}{\thepage 
                                         }}
l.119 \section{论
                文主要内容和结构安排}
The control sequence at the end of the top line
of your error message was never \def'ed. If you have
misspelled it (e.g., `\hobx'), type `I' and the correct
spelling (e.g., `I\hbox'). Otherwise just continue,
and I'll forget about whatever was undefined.

\newlabel{fig:fig07}{{}{}}
! Undefined control sequence.
<write> \newlabel{fig:fig07}{{}{\thepage 
                                         }}
l.119 \section{论
                文主要内容和结构安排}
The control sequence at the end of the top line
of your error message was never \def'ed. If you have
misspelled it (e.g., `\hobx'), type `I' and the correct
spelling (e.g., `I\hbox'). Otherwise just continue,
and I'll forget about whatever was undefined.

\newlabel{fig:fig07}{{}{}}
]

! LaTeX Error: Missing \begin{document}.

See the LaTeX manual or LaTeX Companion for explanation.
Type  H <return>  for immediate help.
 ...                                              
                                                  
l.119 \section{论
                文主要内容和结构安排}
You're in trouble here.  Try typing  <return>  to proceed.
If that doesn't work, type  X <return>  to quit.

Missing character: There is no 论 in font nullfont!
Missing character: There is no 文 in font nullfont!
Missing character: There is no 主 in font nullfont!
Missing character: There is no 要 in font nullfont!
Missing character: There is no 内 in font nullfont!
Missing character: There is no 容 in font nullfont!
Missing character: There is no 和 in font nullfont!
Missing character: There is no 结 in font nullfont!
Missing character: There is no 构 in font nullfont!
Missing character: There is no 安 in font nullfont!
Missing character: There is no 排 in font nullfont!
Missing character: There is no 本 in font nullfont!
Missing character: There is no 论 in font nullfont!
Missing character: There is no 文 in font nullfont!
Missing character: There is no 首 in font nullfont!
Missing character: There is no 先 in font nullfont!
Missing character: There is no 对 in font nullfont!
Missing character: There is no 新 in font nullfont!
Missing character: There is no 颖 in font nullfont!
Missing character: There is no 的 in font nullfont!
Missing character: There is no 无 in font nullfont!
Missing character: There is no 蜂 in font nullfont!
Missing character: There is no 窝 in font nullfont!
Missing character: There is no 大 in font nullfont!
Missing character: There is no 规 in font nullfont!
Missing character: There is no 模 in font nullfont!
Missing character: There is no M in font nullfont!
Missing character: There is no I in font nullfont!
Missing character: There is no M in font nullfont!
Missing character: There is no O in font nullfont!
Missing character: There is no 技 in font nullfont!
Missing character: There is no 术 in font nullfont!
Missing character: There is no 的 in font nullfont!
Missing character: There is no 研 in font nullfont!
Missing character: There is no 究 in font nullfont!
Missing character: There is no 背 in font nullfont!
Missing character: There is no 景 in font nullfont!
Missing character: There is no 和 in font nullfont!
Missing character: There is no 研 in font nullfont!
Missing character: There is no 究 in font nullfont!
Missing character: There is no 意 in font nullfont!
Missing character: There is no 义 in font nullfont!
Missing character: There is no 及 in font nullfont!
Missing character: There is no 国 in font nullfont!
Missing character: There is no 内 in font nullfont!
Missing character: There is no 外 in font nullfont!
Missing character: There is no 研 in font nullfont!
Missing character: There is no 究 in font nullfont!
Missing character: There is no 现 in font nullfont!
Missing character: There is no 状 in font nullfont!
Missing character: There is no 进 in font nullfont!
Missing character: There is no 行 in font nullfont!
Missing character: There is no 了 in font nullfont!
Missing character: There is no 详 in font nullfont!
Missing character: There is no 细 in font nullfont!
Missing character: There is no 的 in font nullfont!
Missing character: There is no 分 in font nullfont!
Missing character: There is no 析 in font nullfont!
Missing character: There is no 和 in font nullfont!
Missing character: There is no 阐 in font nullfont!
Missing character: There is no 述 in font nullfont!
Missing character: There is no 。 in font nullfont!
Missing character: There is no 为 in font nullfont!
Missing character: There is no 了 in font nullfont!
Missing character: There is no 便 in font nullfont!
Missing character: There is no 于 in font nullfont!
Missing character: There is no 后 in font nullfont!
Missing character: There is no 续 in font nullfont!
Missing character: There is no 章 in font nullfont!
Missing character: There is no 节 in font nullfont!
Missing character: There is no 的 in font nullfont!
Missing character: There is no 研 in font nullfont!
Missing character: There is no 究 in font nullfont!
Missing character: There is no 和 in font nullfont!
Missing character: There is no 分 in font nullfont!
Missing character: There is no 析 in font nullfont!
Missing character: There is no 工 in font nullfont!
Missing character: There is no 作 in font nullfont!
Missing character: There is no ， in font nullfont!
Missing character: There is no 论 in font nullfont!
Missing character: There is no 文 in font nullfont!
Missing character: There is no 继 in font nullfont!
Missing character: There is no 而 in font nullfont!
Missing character: There is no 对 in font nullfont!
Missing character: There is no 重 in font nullfont!
Missing character: There is no 要 in font nullfont!
Missing character: There is no 的 in font nullfont!
Missing character: There is no 凸 in font nullfont!
Missing character: There is no 优 in font nullfont!
Missing character: There is no 化 in font nullfont!
Missing character: There is no 理 in font nullfont!
Missing character: There is no 论 in font nullfont!
Missing character: There is no 、 in font nullfont!
Missing character: There is no 随 in font nullfont!
Missing character: There is no 机 in font nullfont!
Missing character: There is no 矩 in font nullfont!
Missing character: There is no 阵 in font nullfont!
Missing character: There is no 理 in font nullfont!
Missing character: There is no 论 in font nullfont!
Missing character: There is no 和 in font nullfont!
Missing character: There is no 信 in font nullfont!
Missing character: There is no 息 in font nullfont!
Missing character: There is no 论 in font nullfont!
Missing character: There is no 等 in font nullfont!
Missing character: There is no 重 in font nullfont!
Missing character: There is no 要 in font nullfont!
Missing character: There is no 内 in font nullfont!
Missing character: There is no 容 in font nullfont!
Missing character: There is no 进 in font nullfont!
Missing character: There is no 行 in font nullfont!
Missing character: There is no 了 in font nullfont!
Missing character: There is no 详 in font nullfont!
Missing character: There is no 细 in font nullfont!
Missing character: There is no 的 in font nullfont!
Missing character: There is no 介 in font nullfont!
Missing character: There is no 绍 in font nullfont!
Missing character: There is no 。 in font nullfont!
Missing character: There is no 根 in font nullfont!
Missing character: There is no 据 in font nullfont!
Missing character: There is no 该 in font nullfont!
Missing character: There is no 技 in font nullfont!
Missing character: There is no 术 in font nullfont!
Missing character: There is no 的 in font nullfont!
Missing character: There is no 优 in font nullfont!
Missing character: There is no 势 in font nullfont!
Missing character: There is no 特 in font nullfont!
Missing character: There is no 点 in font nullfont!
Missing character: There is no ， in font nullfont!
Missing character: There is no 论 in font nullfont!
Missing character: There is no 文 in font nullfont!
Missing character: There is no 随 in font nullfont!
Missing character: There is no 后 in font nullfont!
Missing character: There is no 分 in font nullfont!
Missing character: There is no 别 in font nullfont!
Missing character: There is no 对 in font nullfont!
Missing character: There is no 该 in font nullfont!
Missing character: There is no 技 in font nullfont!
Missing character: There is no 术 in font nullfont!
Missing character: There is no 进 in font nullfont!
Missing character: There is no 行 in font nullfont!
Missing character: There is no 了 in font nullfont!
Missing character: There is no 相 in font nullfont!
Missing character: There is no 关 in font nullfont!
Missing character: There is no 的 in font nullfont!
Missing character: There is no 方 in font nullfont!
Missing character: There is no 案 in font nullfont!
Missing character: There is no 设 in font nullfont!
Missing character: There is no 计 in font nullfont!
Missing character: There is no 及 in font nullfont!
Missing character: There is no 性 in font nullfont!
Missing character: There is no 能 in font nullfont!
Missing character: There is no 分 in font nullfont!
Missing character: There is no 析 in font nullfont!
Missing character: There is no 。 in font nullfont!
Missing character: There is no 并 in font nullfont!
Missing character: There is no 得 in font nullfont!
Missing character: There is no 出 in font nullfont!
Missing character: There is no 了 in font nullfont!
Missing character: There is no 一 in font nullfont!
Missing character: There is no 些 in font nullfont!
Missing character: There is no 重 in font nullfont!
Missing character: There is no 要 in font nullfont!
Missing character: There is no 的 in font nullfont!
Missing character: There is no 研 in font nullfont!
Missing character: There is no 究 in font nullfont!
Missing character: There is no 结 in font nullfont!
Missing character: There is no 论 in font nullfont!
Missing character: There is no 。 in font nullfont!
Missing character: There is no 研 in font nullfont!
Missing character: There is no 究 in font nullfont!
Missing character: There is no 结 in font nullfont!
Missing character: There is no 论 in font nullfont!
Missing character: There is no 对 in font nullfont!
Missing character: There is no 于 in font nullfont!
Missing character: There is no 未 in font nullfont!
Missing character: There is no 来 in font nullfont!
Missing character: There is no 无 in font nullfont!
Missing character: There is no 蜂 in font nullfont!
Missing character: There is no 窝 in font nullfont!
Missing character: There is no 大 in font nullfont!
Missing character: There is no 规 in font nullfont!
Missing character: There is no 模 in font nullfont!
Missing character: There is no M in font nullfont!
Missing character: There is no I in font nullfont!
Missing character: There is no M in font nullfont!
Missing character: There is no O in font nullfont!
Missing character: There is no 系 in font nullfont!
Missing character: There is no 统 in font nullfont!
Missing character: There is no 的 in font nullfont!
Missing character: There is no 实 in font nullfont!
Missing character: There is no 际 in font nullfont!
Missing character: There is no 部 in font nullfont!
Missing character: There is no 署 in font nullfont!
Missing character: There is no 具 in font nullfont!
Missing character: There is no 有 in font nullfont!
Missing character: There is no 非 in font nullfont!
Missing character: There is no 常 in font nullfont!
Missing character: There is no 重 in font nullfont!
Missing character: There is no 要 in font nullfont!
Missing character: There is no 的 in font nullfont!
Missing character: There is no 参 in font nullfont!
Missing character: There is no 考 in font nullfont!
Missing character: There is no 价 in font nullfont!
Missing character: There is no 值 in font nullfont!
Missing character: There is no 和 in font nullfont!
Missing character: There is no 指 in font nullfont!
Missing character: There is no 导 in font nullfont!
Missing character: There is no 意 in font nullfont!
Missing character: There is no 义 in font nullfont!
Missing character: There is no 。 in font nullfont!

Overfull \hbox (20.0pt too wide) in paragraph at lines 119--121
[]
 []


! LaTeX Error: Missing \begin{document}.

See the LaTeX manual or LaTeX Companion for explanation.
Type  H <return>  for immediate help.
 ...                                              
                                                  
l.122 本
       文的正文部分共分为六章，各章节具体内容安排分别如下：
You're in trouble here.  Try typing  <return>  to proceed.
If that doesn't work, type  X <return>  to quit.

Missing character: There is no 本 in font nullfont!
Missing character: There is no 文 in font nullfont!
Missing character: There is no 的 in font nullfont!
Missing character: There is no 正 in font nullfont!
Missing character: There is no 文 in font nullfont!
Missing character: There is no 部 in font nullfont!
Missing character: There is no 分 in font nullfont!
Missing character: There is no 共 in font nullfont!
Missing character: There is no 分 in font nullfont!
Missing character: There is no 为 in font nullfont!
Missing character: There is no 六 in font nullfont!
Missing character: There is no 章 in font nullfont!
Missing character: There is no ， in font nullfont!
Missing character: There is no 各 in font nullfont!
Missing character: There is no 章 in font nullfont!
Missing character: There is no 节 in font nullfont!
Missing character: There is no 具 in font nullfont!
Missing character: There is no 体 in font nullfont!
Missing character: There is no 内 in font nullfont!
Missing character: There is no 容 in font nullfont!
Missing character: There is no 安 in font nullfont!
Missing character: There is no 排 in font nullfont!
Missing character: There is no 分 in font nullfont!
Missing character: There is no 别 in font nullfont!
Missing character: There is no 如 in font nullfont!
Missing character: There is no 下 in font nullfont!
Missing character: There is no ： in font nullfont!

Overfull \hbox (20.0pt too wide) in paragraph at lines 122--123
[] 
 []


! LaTeX Error: Missing \begin{document}.

See the LaTeX manual or LaTeX Companion for explanation.
Type  H <return>  for immediate help.
 ...                                              
                                                  
l.124 第
       一章为绪论。首先，本章阐述了该论文的研究背景和研究意义；其次，详细介绍了该技术目前的国内外研究现状；最后，简要给出了论文的主要内容和结构安排。
You're in trouble here.  Try typing  <return>  to proceed.
If that doesn't work, type  X <return>  to quit.

Missing character: There is no 第 in font nullfont!
Missing character: There is no 一 in font nullfont!
Missing character: There is no 章 in font nullfont!
Missing character: There is no 为 in font nullfont!
Missing character: There is no 绪 in font nullfont!
Missing character: There is no 论 in font nullfont!
Missing character: There is no 。 in font nullfont!
Missing character: There is no 首 in font nullfont!
Missing character: There is no 先 in font nullfont!
Missing character: There is no ， in font nullfont!
Missing character: There is no 本 in font nullfont!
Missing character: There is no 章 in font nullfont!
Missing character: There is no 阐 in font nullfont!
Missing character: There is no 述 in font nullfont!
Missing character: There is no 了 in font nullfont!
Missing character: There is no 该 in font nullfont!
Missing character: There is no 论 in font nullfont!
Missing character: There is no 文 in font nullfont!
Missing character: There is no 的 in font nullfont!
Missing character: There is no 研 in font nullfont!
Missing character: There is no 究 in font nullfont!
Missing character: There is no 背 in font nullfont!
Missing character: There is no 景 in font nullfont!
Missing character: There is no 和 in font nullfont!
Missing character: There is no 研 in font nullfont!
Missing character: There is no 究 in font nullfont!
Missing character: There is no 意 in font nullfont!
Missing character: There is no 义 in font nullfont!
Missing character: There is no ； in font nullfont!
Missing character: There is no 其 in font nullfont!
Missing character: There is no 次 in font nullfont!
Missing character: There is no ， in font nullfont!
Missing character: There is no 详 in font nullfont!
Missing character: There is no 细 in font nullfont!
Missing character: There is no 介 in font nullfont!
Missing character: There is no 绍 in font nullfont!
Missing character: There is no 了 in font nullfont!
Missing character: There is no 该 in font nullfont!
Missing character: There is no 技 in font nullfont!
Missing character: There is no 术 in font nullfont!
Missing character: There is no 目 in font nullfont!
Missing character: There is no 前 in font nullfont!
Missing character: There is no 的 in font nullfont!
Missing character: There is no 国 in font nullfont!
Missing character: There is no 内 in font nullfont!
Missing character: There is no 外 in font nullfont!
Missing character: There is no 研 in font nullfont!
Missing character: There is no 究 in font nullfont!
Missing character: There is no 现 in font nullfont!
Missing character: There is no 状 in font nullfont!
Missing character: There is no ； in font nullfont!
Missing character: There is no 最 in font nullfont!
Missing character: There is no 后 in font nullfont!
Missing character: There is no ， in font nullfont!
Missing character: There is no 简 in font nullfont!
Missing character: There is no 要 in font nullfont!
Missing character: There is no 给 in font nullfont!
Missing character: There is no 出 in font nullfont!
Missing character: There is no 了 in font nullfont!
Missing character: There is no 论 in font nullfont!
Missing character: There is no 文 in font nullfont!
Missing character: There is no 的 in font nullfont!
Missing character: There is no 主 in font nullfont!
Missing character: There is no 要 in font nullfont!
Missing character: There is no 内 in font nullfont!
Missing character: There is no 容 in font nullfont!
Missing character: There is no 和 in font nullfont!
Missing character: There is no 结 in font nullfont!
Missing character: There is no 构 in font nullfont!
Missing character: There is no 安 in font nullfont!
Missing character: There is no 排 in font nullfont!
Missing character: There is no 。 in font nullfont!

Overfull \hbox (20.0pt too wide) in paragraph at lines 124--125
[] 
 []


! LaTeX Error: Missing \begin{document}.

See the LaTeX manual or LaTeX Companion for explanation.
Type  H <return>  for immediate help.
 ...                                              
                                                  
l.126 第
       二章为重要的凸优化、随机矩阵和信息论基础。为方便后续章节的研究与分析工作，本章对重要的凸优化理论、随机矩阵理论和重要的信息论等与该论文相关...

You're in trouble here.  Try typing  <return>  to proceed.
If that doesn't work, type  X <return>  to quit.

Missing character: There is no 第 in font nullfont!
Missing character: There is no 二 in font nullfont!
Missing character: There is no 章 in font nullfont!
Missing character: There is no 为 in font nullfont!
Missing character: There is no 重 in font nullfont!
Missing character: There is no 要 in font nullfont!
Missing character: There is no 的 in font nullfont!
Missing character: There is no 凸 in font nullfont!
Missing character: There is no 优 in font nullfont!
Missing character: There is no 化 in font nullfont!
Missing character: There is no 、 in font nullfont!
Missing character: There is no 随 in font nullfont!
Missing character: There is no 机 in font nullfont!
Missing character: There is no 矩 in font nullfont!
Missing character: There is no 阵 in font nullfont!
Missing character: There is no 和 in font nullfont!
Missing character: There is no 信 in font nullfont!
Missing character: There is no 息 in font nullfont!
Missing character: There is no 论 in font nullfont!
Missing character: There is no 基 in font nullfont!
Missing character: There is no 础 in font nullfont!
Missing character: There is no 。 in font nullfont!
Missing character: There is no 为 in font nullfont!
Missing character: There is no 方 in font nullfont!
Missing character: There is no 便 in font nullfont!
Missing character: There is no 后 in font nullfont!
Missing character: There is no 续 in font nullfont!
Missing character: There is no 章 in font nullfont!
Missing character: There is no 节 in font nullfont!
Missing character: There is no 的 in font nullfont!
Missing character: There is no 研 in font nullfont!
Missing character: There is no 究 in font nullfont!
Missing character: There is no 与 in font nullfont!
Missing character: There is no 分 in font nullfont!
Missing character: There is no 析 in font nullfont!
Missing character: There is no 工 in font nullfont!
Missing character: There is no 作 in font nullfont!
Missing character: There is no ， in font nullfont!
Missing character: There is no 本 in font nullfont!
Missing character: There is no 章 in font nullfont!
Missing character: There is no 对 in font nullfont!
Missing character: There is no 重 in font nullfont!
Missing character: There is no 要 in font nullfont!
Missing character: There is no 的 in font nullfont!
Missing character: There is no 凸 in font nullfont!
Missing character: There is no 优 in font nullfont!
Missing character: There is no 化 in font nullfont!
Missing character: There is no 理 in font nullfont!
Missing character: There is no 论 in font nullfont!
Missing character: There is no 、 in font nullfont!
Missing character: There is no 随 in font nullfont!
Missing character: There is no 机 in font nullfont!
Missing character: There is no 矩 in font nullfont!
Missing character: There is no 阵 in font nullfont!
Missing character: There is no 理 in font nullfont!
Missing character: There is no 论 in font nullfont!
Missing character: There is no 和 in font nullfont!
Missing character: There is no 重 in font nullfont!
Missing character: There is no 要 in font nullfont!
Missing character: There is no 的 in font nullfont!
Missing character: There is no 信 in font nullfont!
Missing character: There is no 息 in font nullfont!
Missing character: There is no 论 in font nullfont!
Missing character: There is no 等 in font nullfont!
Missing character: There is no 与 in font nullfont!
Missing character: There is no 该 in font nullfont!
Missing character: There is no 论 in font nullfont!
Missing character: There is no 文 in font nullfont!
Missing character: There is no 相 in font nullfont!
Missing character: There is no 关 in font nullfont!
Missing character: There is no 的 in font nullfont!
Missing character: There is no 知 in font nullfont!
Missing character: There is no 识 in font nullfont!
Missing character: There is no 和 in font nullfont!
Missing character: There is no 内 in font nullfont!
Missing character: There is no 容 in font nullfont!
Missing character: There is no 进 in font nullfont!
Missing character: There is no 行 in font nullfont!
Missing character: There is no 了 in font nullfont!
Missing character: There is no 相 in font nullfont!
Missing character: There is no 关 in font nullfont!
Missing character: There is no 的 in font nullfont!
Missing character: There is no 阐 in font nullfont!
Missing character: There is no 述 in font nullfont!
Missing character: There is no ， in font nullfont!
Missing character: There is no 这 in font nullfont!
Missing character: There is no 将 in font nullfont!
Missing character: There is no 为 in font nullfont!
Missing character: There is no 后 in font nullfont!
Missing character: There is no 续 in font nullfont!
Missing character: There is no 研 in font nullfont!
Missing character: There is no 究 in font nullfont!
Missing character: There is no 工 in font nullfont!
Missing character: There is no 作 in font nullfont!
Missing character: There is no 的 in font nullfont!
Missing character: There is no 展 in font nullfont!
Missing character: There is no 开 in font nullfont!
Missing character: There is no 奠 in font nullfont!
Missing character: There is no 定 in font nullfont!
Missing character: There is no 了 in font nullfont!
Missing character: There is no 坚 in font nullfont!
Missing character: There is no 实 in font nullfont!
Missing character: There is no 的 in font nullfont!
Missing character: There is no 理 in font nullfont!
Missing character: There is no 论 in font nullfont!
Missing character: There is no 基 in font nullfont!
Missing character: There is no 础 in font nullfont!
Missing character: There is no 。 in font nullfont!

Overfull \hbox (20.0pt too wide) in paragraph at lines 126--127
[] 
 []


! LaTeX Error: Missing \begin{document}.

See the LaTeX manual or LaTeX Companion for explanation.
Type  H <return>  for immediate help.
 ...                                              
                                                  
l.128 第
       三章为空间相关瑞丽衰落的无蜂窝大规模MIMO性能分析。首先，由于系统中大量AP 和用户位置的随机性所导致信道传输的复杂性，使得AP 中有限...

You're in trouble here.  Try typing  <return>  to proceed.
If that doesn't work, type  X <return>  to quit.

Missing character: There is no 第 in font nullfont!
Missing character: There is no 三 in font nullfont!
Missing character: There is no 章 in font nullfont!
Missing character: There is no 为 in font nullfont!
Missing character: There is no 空 in font nullfont!
Missing character: There is no 间 in font nullfont!
Missing character: There is no 相 in font nullfont!
Missing character: There is no 关 in font nullfont!
Missing character: There is no 瑞 in font nullfont!
Missing character: There is no 丽 in font nullfont!
Missing character: There is no 衰 in font nullfont!
Missing character: There is no 落 in font nullfont!
Missing character: There is no 的 in font nullfont!
Missing character: There is no 无 in font nullfont!
Missing character: There is no 蜂 in font nullfont!
Missing character: There is no 窝 in font nullfont!
Missing character: There is no 大 in font nullfont!
Missing character: There is no 规 in font nullfont!
Missing character: There is no 模 in font nullfont!
Missing character: There is no M in font nullfont!
Missing character: There is no I in font nullfont!
Missing character: There is no M in font nullfont!
Missing character: There is no O in font nullfont!
Missing character: There is no 性 in font nullfont!
Missing character: There is no 能 in font nullfont!
Missing character: There is no 分 in font nullfont!
Missing character: There is no 析 in font nullfont!
Missing character: There is no 。 in font nullfont!
Missing character: There is no 首 in font nullfont!
Missing character: There is no 先 in font nullfont!
Missing character: There is no ， in font nullfont!
Missing character: There is no 由 in font nullfont!
Missing character: There is no 于 in font nullfont!
Missing character: There is no 系 in font nullfont!
Missing character: There is no 统 in font nullfont!
Missing character: There is no 中 in font nullfont!
Missing character: There is no 大 in font nullfont!
Missing character: There is no 量 in font nullfont!
Missing character: There is no A in font nullfont!
Missing character: There is no P in font nullfont!
Missing character: There is no 和 in font nullfont!
Missing character: There is no 用 in font nullfont!
Missing character: There is no 户 in font nullfont!
Missing character: There is no 位 in font nullfont!
Missing character: There is no 置 in font nullfont!
Missing character: There is no 的 in font nullfont!
Missing character: There is no 随 in font nullfont!
Missing character: There is no 机 in font nullfont!
Missing character: There is no 性 in font nullfont!
Missing character: There is no 所 in font nullfont!
Missing character: There is no 导 in font nullfont!
Missing character: There is no 致 in font nullfont!
Missing character: There is no 信 in font nullfont!
Missing character: There is no 道 in font nullfont!
Missing character: There is no 传 in font nullfont!
Missing character: There is no 输 in font nullfont!
Missing character: There is no 的 in font nullfont!
Missing character: There is no 复 in font nullfont!
Missing character: There is no 杂 in font nullfont!
Missing character: There is no 性 in font nullfont!
Missing character: There is no ， in font nullfont!
Missing character: There is no 使 in font nullfont!
Missing character: There is no 得 in font nullfont!
Missing character: There is no A in font nullfont!
Missing character: There is no P in font nullfont!
Missing character: There is no 中 in font nullfont!
Missing character: There is no 有 in font nullfont!
Missing character: There is no 限 in font nullfont!
Missing character: There is no 物 in font nullfont!
Missing character: There is no 理 in font nullfont!
Missing character: There is no 空 in font nullfont!
Missing character: There is no 间 in font nullfont!
Missing character: There is no 配 in font nullfont!
Missing character: There is no 置 in font nullfont!
Missing character: There is no 的 in font nullfont!
Missing character: There is no 大 in font nullfont!
Missing character: There is no 规 in font nullfont!
Missing character: There is no 模 in font nullfont!
Missing character: There is no 天 in font nullfont!
Missing character: There is no 线 in font nullfont!
Missing character: There is no 阵 in font nullfont!
Missing character: There is no 列 in font nullfont!
Missing character: There is no 所 in font nullfont!
Missing character: There is no 表 in font nullfont!
Missing character: There is no 现 in font nullfont!
Missing character: There is no 出 in font nullfont!
Missing character: There is no 不 in font nullfont!
Missing character: There is no 均 in font nullfont!
Missing character: There is no 匀 in font nullfont!
Missing character: There is no 的 in font nullfont!
Missing character: There is no 辐 in font nullfont!
Missing character: There is no 射 in font nullfont!
Missing character: There is no 方 in font nullfont!
Missing character: There is no 向 in font nullfont!
Missing character: There is no 特 in font nullfont!
Missing character: There is no 性 in font nullfont!
Missing character: There is no ， in font nullfont!
Missing character: There is no 这 in font nullfont!
Missing character: There is no 导 in font nullfont!
Missing character: There is no 致 in font nullfont!
Missing character: There is no 在 in font nullfont!
Missing character: There is no 实 in font nullfont!
Missing character: There is no 际 in font nullfont!
Missing character: There is no 的 in font nullfont!
Missing character: There is no 物 in font nullfont!
Missing character: There is no 理 in font nullfont!
Missing character: There is no 传 in font nullfont!
Missing character: There is no 输 in font nullfont!
Missing character: There is no 环 in font nullfont!
Missing character: There is no 境 in font nullfont!
Missing character: There is no 使 in font nullfont!
Missing character: There is no 得 in font nullfont!
Missing character: There is no 部 in font nullfont!
Missing character: There is no 分 in font nullfont!
Missing character: There is no 空 in font nullfont!
Missing character: There is no 间 in font nullfont!
Missing character: There is no 方 in font nullfont!
Missing character: There is no 向 in font nullfont!
Missing character: There is no 可 in font nullfont!
Missing character: There is no 能 in font nullfont!
Missing character: There is no 具 in font nullfont!
Missing character: There is no 有 in font nullfont!
Missing character: There is no 非 in font nullfont!
Missing character: There is no 常 in font nullfont!
Missing character: There is no 强 in font nullfont!
Missing character: There is no 烈 in font nullfont!
Missing character: There is no 的 in font nullfont!
Missing character: There is no 信 in font nullfont!
Missing character: There is no 号 in font nullfont!
Missing character: There is no ， in font nullfont!
Missing character: There is no 即 in font nullfont!
Missing character: There is no 导 in font nullfont!
Missing character: There is no 致 in font nullfont!
Missing character: There is no 系 in font nullfont!
Missing character: There is no 统 in font nullfont!
Missing character: There is no 在 in font nullfont!
Missing character: There is no 传 in font nullfont!
Missing character: There is no 输 in font nullfont!
Missing character: There is no 信 in font nullfont!
Missing character: There is no 道 in font nullfont!
Missing character: There is no 上 in font nullfont!
Missing character: There is no 表 in font nullfont!
Missing character: There is no 现 in font nullfont!
Missing character: There is no 出 in font nullfont!
Missing character: There is no 较 in font nullfont!
Missing character: There is no 强 in font nullfont!
Missing character: There is no 的 in font nullfont!
Missing character: There is no 相 in font nullfont!
Missing character: There is no 关 in font nullfont!
Missing character: There is no 性 in font nullfont!
Missing character: There is no 。 in font nullfont!
Missing character: There is no 本 in font nullfont!
Missing character: There is no 章 in font nullfont!
Missing character: There is no 主 in font nullfont!
Missing character: There is no 要 in font nullfont!
Missing character: There is no 对 in font nullfont!
Missing character: There is no 基 in font nullfont!
Missing character: There is no 于 in font nullfont!
Missing character: There is no 不 in font nullfont!
Missing character: There is no 完 in font nullfont!
Missing character: There is no 全 in font nullfont!
Missing character: There is no C in font nullfont!
Missing character: There is no S in font nullfont!
Missing character: There is no I in font nullfont!
Missing character: There is no 下 in font nullfont!
Missing character: There is no 空 in font nullfont!
Missing character: There is no 间 in font nullfont!
Missing character: There is no 相 in font nullfont!
Missing character: There is no 关 in font nullfont!
Missing character: There is no 瑞 in font nullfont!
Missing character: There is no 丽 in font nullfont!
Missing character: There is no 衰 in font nullfont!
Missing character: There is no 落 in font nullfont!
Missing character: There is no 的 in font nullfont!
Missing character: There is no 无 in font nullfont!
Missing character: There is no 蜂 in font nullfont!
Missing character: There is no 窝 in font nullfont!
Missing character: There is no 大 in font nullfont!
Missing character: There is no 规 in font nullfont!
Missing character: There is no 模 in font nullfont!
Missing character: There is no M in font nullfont!
Missing character: There is no I in font nullfont!
Missing character: There is no M in font nullfont!
Missing character: There is no O in font nullfont!
Missing character: There is no 系 in font nullfont!
Missing character: There is no 统 in font nullfont!
Missing character: There is no 进 in font nullfont!
Missing character: There is no 行 in font nullfont!
Missing character: There is no 了 in font nullfont!
Missing character: There is no 详 in font nullfont!
Missing character: There is no 细 in font nullfont!
Missing character: There is no 的 in font nullfont!
Missing character: There is no 性 in font nullfont!
Missing character: There is no 能 in font nullfont!
Missing character: There is no 分 in font nullfont!
Missing character: There is no 析 in font nullfont!
Missing character: There is no 。 in font nullfont!
Missing character: There is no 其 in font nullfont!
Missing character: There is no 次 in font nullfont!
Missing character: There is no ， in font nullfont!
Missing character: There is no 考 in font nullfont!
Missing character: There is no 虑 in font nullfont!
Missing character: There is no 到 in font nullfont!
Missing character: There is no 在 in font nullfont!
Missing character: There is no 实 in font nullfont!
Missing character: There is no 际 in font nullfont!
Missing character: There is no 需 in font nullfont!
Missing character: There is no 求 in font nullfont!
Missing character: There is no 中 in font nullfont!
Missing character: There is no 为 in font nullfont!
Missing character: There is no 了 in font nullfont!
Missing character: There is no 给 in font nullfont!
Missing character: There is no 系 in font nullfont!
Missing character: There is no 统 in font nullfont!
Missing character: There is no 中 in font nullfont!
Missing character: There is no 不 in font nullfont!
Missing character: There is no 同 in font nullfont!
Missing character: There is no 位 in font nullfont!
Missing character: There is no 置 in font nullfont!
Missing character: There is no 的 in font nullfont!
Missing character: There is no 所 in font nullfont!
Missing character: There is no 有 in font nullfont!
Missing character: There is no 用 in font nullfont!
Missing character: There is no 户 in font nullfont!
Missing character: There is no 都 in font nullfont!
Missing character: There is no 能 in font nullfont!
Missing character: There is no 提 in font nullfont!
Missing character: There is no 供 in font nullfont!
Missing character: There is no 均 in font nullfont!
Missing character: There is no 匀 in font nullfont!
Missing character: There is no 、 in font nullfont!
Missing character: There is no 统 in font nullfont!
Missing character: There is no 一 in font nullfont!
Missing character: There is no 的 in font nullfont!
Missing character: There is no 服 in font nullfont!
Missing character: There is no 务 in font nullfont!
Missing character: There is no 质 in font nullfont!
Missing character: There is no 量 in font nullfont!
Missing character: There is no ( in font nullfont!
Missing character: There is no q in font nullfont!
Missing character: There is no u in font nullfont!
Missing character: There is no a in font nullfont!
Missing character: There is no l in font nullfont!
Missing character: There is no i in font nullfont!
Missing character: There is no t in font nullfont!
Missing character: There is no y in font nullfont!
Missing character: There is no o in font nullfont!
Missing character: There is no f in font nullfont!
Missing character: There is no s in font nullfont!
Missing character: There is no e in font nullfont!
Missing character: There is no r in font nullfont!
Missing character: There is no v in font nullfont!
Missing character: There is no i in font nullfont!
Missing character: There is no c in font nullfont!
Missing character: There is no e in font nullfont!
Missing character: There is no , in font nullfont!
Missing character: There is no Q in font nullfont!
Missing character: There is no o in font nullfont!
Missing character: There is no S in font nullfont!
Missing character: There is no ) in font nullfont!
Missing character: There is no ， in font nullfont!
Missing character: There is no 根 in font nullfont!
Missing character: There is no 据 in font nullfont!
Missing character: There is no 所 in font nullfont!
Missing character: There is no 得 in font nullfont!
Missing character: There is no 到 in font nullfont!
Missing character: There is no 的 in font nullfont!
Missing character: There is no 上 in font nullfont!
Missing character: There is no 、 in font nullfont!
Missing character: There is no 下 in font nullfont!
Missing character: There is no 行 in font nullfont!
Missing character: There is no 链 in font nullfont!
Missing character: There is no 路 in font nullfont!
Missing character: There is no 速 in font nullfont!
Missing character: There is no 率 in font nullfont!
Missing character: There is no 表 in font nullfont!
Missing character: There is no 达 in font nullfont!
Missing character: There is no 式 in font nullfont!
Missing character: There is no ， in font nullfont!
Missing character: There is no 本 in font nullfont!
Missing character: There is no 章 in font nullfont!
Missing character: There is no 进 in font nullfont!
Missing character: There is no 而 in font nullfont!
Missing character: There is no 研 in font nullfont!
Missing character: There is no 究 in font nullfont!
Missing character: There is no 了 in font nullfont!
Missing character: There is no 最 in font nullfont!
Missing character: There is no 大 in font nullfont!
Missing character: There is no 最 in font nullfont!
Missing character: There is no 小 in font nullfont!
Missing character: There is no 公 in font nullfont!
Missing character: There is no 平 in font nullfont!
Missing character: There is no 的 in font nullfont!
Missing character: There is no 功 in font nullfont!
Missing character: There is no 率 in font nullfont!
Missing character: There is no 分 in font nullfont!
Missing character: There is no 配 in font nullfont!
Missing character: There is no 问 in font nullfont!
Missing character: There is no 题 in font nullfont!
Missing character: There is no ， in font nullfont!
Missing character: There is no 以 in font nullfont!
Missing character: There is no 此 in font nullfont!
Missing character: There is no 通 in font nullfont!
Missing character: There is no 过 in font nullfont!
Missing character: There is no 有 in font nullfont!
Missing character: There is no 效 in font nullfont!
Missing character: There is no 地 in font nullfont!
Missing character: There is no 调 in font nullfont!
Missing character: There is no 节 in font nullfont!
Missing character: There is no 大 in font nullfont!
Missing character: There is no 规 in font nullfont!
Missing character: There is no 模 in font nullfont!
Missing character: There is no 衰 in font nullfont!
Missing character: There is no 落 in font nullfont!
Missing character: There is no 系 in font nullfont!
Missing character: There is no 数 in font nullfont!
Missing character: There is no ， in font nullfont!
Missing character: There is no 来 in font nullfont!
Missing character: There is no 达 in font nullfont!
Missing character: There is no 到 in font nullfont!
Missing character: There is no 为 in font nullfont!
Missing character: There is no 系 in font nullfont!
Missing character: There is no 统 in font nullfont!
Missing character: There is no 中 in font nullfont!
Missing character: There is no 所 in font nullfont!
Missing character: There is no 有 in font nullfont!
Missing character: There is no 用 in font nullfont!
Missing character: There is no 户 in font nullfont!
Missing character: There is no 提 in font nullfont!
Missing character: There is no 供 in font nullfont!
Missing character: There is no 统 in font nullfont!
Missing character: There is no 一 in font nullfont!
Missing character: There is no 优 in font nullfont!
Missing character: There is no 质 in font nullfont!
Missing character: There is no 服 in font nullfont!
Missing character: There is no 务 in font nullfont!
Missing character: There is no 的 in font nullfont!
Missing character: There is no 目 in font nullfont!
Missing character: There is no 的 in font nullfont!
Missing character: There is no 。 in font nullfont!
Missing character: There is no 最 in font nullfont!
Missing character: There is no 后 in font nullfont!
Missing character: There is no 通 in font nullfont!
Missing character: There is no 过 in font nullfont!
Missing character: There is no 数 in font nullfont!
Missing character: There is no 值 in font nullfont!
Missing character: There is no 仿 in font nullfont!
Missing character: There is no 真 in font nullfont!
Missing character: There is no 验 in font nullfont!
Missing character: There is no 证 in font nullfont!
Missing character: There is no 了 in font nullfont!
Missing character: There is no 本 in font nullfont!
Missing character: There is no 章 in font nullfont!
Missing character: There is no 的 in font nullfont!
Missing character: There is no 分 in font nullfont!
Missing character: There is no 析 in font nullfont!
Missing character: There is no 结 in font nullfont!
Missing character: There is no 果 in font nullfont!
Missing character: There is no ， in font nullfont!
Missing character: There is no 同 in font nullfont!
Missing character: There is no 时 in font nullfont!
Missing character: There is no 也 in font nullfont!
Missing character: There is no 验 in font nullfont!
Missing character: There is no 证 in font nullfont!
Missing character: There is no 了 in font nullfont!
Missing character: There is no 所 in font nullfont!
Missing character: There is no 提 in font nullfont!
Missing character: There is no 出 in font nullfont!
Missing character: There is no 算 in font nullfont!
Missing character: There is no 法 in font nullfont!
Missing character: There is no 的 in font nullfont!
Missing character: There is no 有 in font nullfont!
Missing character: There is no 效 in font nullfont!
Missing character: There is no 性 in font nullfont!
Missing character: There is no 。 in font nullfont!

Overfull \hbox (20.0pt too wide) in paragraph at lines 128--129
[]
 []


! LaTeX Error: Missing \begin{document}.

See the LaTeX manual or LaTeX Companion for explanation.
Type  H <return>  for immediate help.
 ...                                              
                                                  
l.130 第
       四章为下行混合DACs 协助的无蜂窝大规模MIMO系统分析和优化。考虑到当大量的AP 部署在系统中将会给系统带来严重的硬件损耗和能量损失，...

You're in trouble here.  Try typing  <return>  to proceed.
If that doesn't work, type  X <return>  to quit.

Missing character: There is no 第 in font nullfont!
Missing character: There is no 四 in font nullfont!
Missing character: There is no 章 in font nullfont!
Missing character: There is no 为 in font nullfont!
Missing character: There is no 下 in font nullfont!
Missing character: There is no 行 in font nullfont!
Missing character: There is no 混 in font nullfont!
Missing character: There is no 合 in font nullfont!
Missing character: There is no D in font nullfont!
Missing character: There is no A in font nullfont!
Missing character: There is no C in font nullfont!
Missing character: There is no s in font nullfont!
Missing character: There is no 协 in font nullfont!
Missing character: There is no 助 in font nullfont!
Missing character: There is no 的 in font nullfont!
Missing character: There is no 无 in font nullfont!
Missing character: There is no 蜂 in font nullfont!
Missing character: There is no 窝 in font nullfont!
Missing character: There is no 大 in font nullfont!
Missing character: There is no 规 in font nullfont!
Missing character: There is no 模 in font nullfont!
Missing character: There is no M in font nullfont!
Missing character: There is no I in font nullfont!
Missing character: There is no M in font nullfont!
Missing character: There is no O in font nullfont!
Missing character: There is no 系 in font nullfont!
Missing character: There is no 统 in font nullfont!
Missing character: There is no 分 in font nullfont!
Missing character: There is no 析 in font nullfont!
Missing character: There is no 和 in font nullfont!
Missing character: There is no 优 in font nullfont!
Missing character: There is no 化 in font nullfont!
Missing character: There is no 。 in font nullfont!
Missing character: There is no 考 in font nullfont!
Missing character: There is no 虑 in font nullfont!
Missing character: There is no 到 in font nullfont!
Missing character: There is no 当 in font nullfont!
Missing character: There is no 大 in font nullfont!
Missing character: There is no 量 in font nullfont!
Missing character: There is no 的 in font nullfont!
Missing character: There is no A in font nullfont!
Missing character: There is no P in font nullfont!
Missing character: There is no 部 in font nullfont!
Missing character: There is no 署 in font nullfont!
Missing character: There is no 在 in font nullfont!
Missing character: There is no 系 in font nullfont!
Missing character: There is no 统 in font nullfont!
Missing character: There is no 中 in font nullfont!
Missing character: There is no 将 in font nullfont!
Missing character: There is no 会 in font nullfont!
Missing character: There is no 给 in font nullfont!
Missing character: There is no 系 in font nullfont!
Missing character: There is no 统 in font nullfont!
Missing character: There is no 带 in font nullfont!
Missing character: There is no 来 in font nullfont!
Missing character: There is no 严 in font nullfont!
Missing character: There is no 重 in font nullfont!
Missing character: There is no 的 in font nullfont!
Missing character: There is no 硬 in font nullfont!
Missing character: There is no 件 in font nullfont!
Missing character: There is no 损 in font nullfont!
Missing character: There is no 耗 in font nullfont!
Missing character: There is no 和 in font nullfont!
Missing character: There is no 能 in font nullfont!
Missing character: There is no 量 in font nullfont!
Missing character: There is no 损 in font nullfont!
Missing character: There is no 失 in font nullfont!
Missing character: There is no ， in font nullfont!
Missing character: There is no 这 in font nullfont!
Missing character: There is no 将 in font nullfont!
Missing character: There is no 极 in font nullfont!
Missing character: There is no 大 in font nullfont!
Missing character: There is no 地 in font nullfont!
Missing character: There is no 阻 in font nullfont!
Missing character: There is no 碍 in font nullfont!
Missing character: There is no 未 in font nullfont!
Missing character: There is no 来 in font nullfont!
Missing character: There is no 无 in font nullfont!
Missing character: There is no 蜂 in font nullfont!
Missing character: There is no 窝 in font nullfont!
Missing character: There is no 系 in font nullfont!
Missing character: There is no 统 in font nullfont!
Missing character: There is no 的 in font nullfont!
Missing character: There is no 顺 in font nullfont!
Missing character: There is no 利 in font nullfont!
Missing character: There is no 部 in font nullfont!
Missing character: There is no 署 in font nullfont!
Missing character: There is no 。 in font nullfont!
Missing character: There is no 为 in font nullfont!
Missing character: There is no 了 in font nullfont!
Missing character: There is no 解 in font nullfont!
Missing character: There is no 决 in font nullfont!
Missing character: There is no 该 in font nullfont!
Missing character: There is no 问 in font nullfont!
Missing character: There is no 题 in font nullfont!
Missing character: There is no ， in font nullfont!
Missing character: There is no 本 in font nullfont!
Missing character: There is no 章 in font nullfont!
Missing character: There is no 提 in font nullfont!
Missing character: There is no 出 in font nullfont!
Missing character: There is no 了 in font nullfont!
Missing character: There is no 基 in font nullfont!
Missing character: There is no 于 in font nullfont!
Missing character: There is no 混 in font nullfont!
Missing character: There is no 合 in font nullfont!
Missing character: There is no D in font nullfont!
Missing character: There is no A in font nullfont!
Missing character: There is no C in font nullfont!
Missing character: There is no s in font nullfont!
Missing character: There is no 架 in font nullfont!
Missing character: There is no 构 in font nullfont!
Missing character: There is no 的 in font nullfont!
Missing character: There is no 下 in font nullfont!
Missing character: There is no 行 in font nullfont!
Missing character: There is no 无 in font nullfont!
Missing character: There is no 蜂 in font nullfont!
Missing character: There is no 窝 in font nullfont!
Missing character: There is no 大 in font nullfont!
Missing character: There is no 规 in font nullfont!
Missing character: There is no 模 in font nullfont!
Missing character: There is no M in font nullfont!
Missing character: There is no I in font nullfont!
Missing character: There is no M in font nullfont!
Missing character: There is no O in font nullfont!
Missing character: There is no 系 in font nullfont!
Missing character: There is no 统 in font nullfont!
Missing character: There is no ， in font nullfont!
Missing character: There is no 并 in font nullfont!
Missing character: There is no 对 in font nullfont!
Missing character: There is no 系 in font nullfont!
Missing character: There is no 统 in font nullfont!
Missing character: There is no 的 in font nullfont!
Missing character: There is no 下 in font nullfont!
Missing character: There is no 行 in font nullfont!
Missing character: There is no 链 in font nullfont!
Missing character: There is no 路 in font nullfont!
Missing character: There is no 进 in font nullfont!
Missing character: There is no 行 in font nullfont!
Missing character: There is no 了 in font nullfont!
Missing character: There is no 速 in font nullfont!
Missing character: There is no 率 in font nullfont!
Missing character: There is no 分 in font nullfont!
Missing character: There is no 析 in font nullfont!
Missing character: There is no 和 in font nullfont!
Missing character: There is no 优 in font nullfont!
Missing character: There is no 化 in font nullfont!
Missing character: There is no 。 in font nullfont!
Missing character: There is no 此 in font nullfont!
Missing character: There is no 外 in font nullfont!
Missing character: There is no ， in font nullfont!
Missing character: There is no 考 in font nullfont!
Missing character: There is no 虑 in font nullfont!
Missing character: There is no 到 in font nullfont!
Missing character: There is no 在 in font nullfont!
Missing character: There is no 未 in font nullfont!
Missing character: There is no 来 in font nullfont!
Missing character: There is no 出 in font nullfont!
Missing character: There is no 现 in font nullfont!
Missing character: There is no 的 in font nullfont!
Missing character: There is no 诸 in font nullfont!
Missing character: There is no 如 in font nullfont!
Missing character: There is no 远 in font nullfont!
Missing character: There is no 程 in font nullfont!
Missing character: There is no 医 in font nullfont!
Missing character: There is no 疗 in font nullfont!
Missing character: There is no 、 in font nullfont!
Missing character: There is no 无 in font nullfont!
Missing character: There is no 人 in font nullfont!
Missing character: There is no 驾 in font nullfont!
Missing character: There is no 驶 in font nullfont!
Missing character: There is no 和 in font nullfont!
Missing character: There is no 实 in font nullfont!
Missing character: There is no 时 in font nullfont!
Missing character: There is no 操 in font nullfont!
Missing character: There is no 作 in font nullfont!
Missing character: There is no 等 in font nullfont!
Missing character: There is no 应 in font nullfont!
Missing character: There is no 急 in font nullfont!
Missing character: There is no 情 in font nullfont!
Missing character: There is no 况 in font nullfont!
Missing character: There is no ， in font nullfont!
Missing character: There is no 它 in font nullfont!
Missing character: There is no 们 in font nullfont!
Missing character: There is no 通 in font nullfont!
Missing character: There is no 常 in font nullfont!
Missing character: There is no 比 in font nullfont!
Missing character: There is no 其 in font nullfont!
Missing character: There is no 他 in font nullfont!
Missing character: There is no 应 in font nullfont!
Missing character: There is no 用 in font nullfont!
Missing character: There is no 具 in font nullfont!
Missing character: There is no 有 in font nullfont!
Missing character: There is no 更 in font nullfont!
Missing character: There is no 高 in font nullfont!
Missing character: There is no 的 in font nullfont!
Missing character: There is no 使 in font nullfont!
Missing character: There is no 用 in font nullfont!
Missing character: There is no 优 in font nullfont!
Missing character: There is no 先 in font nullfont!
Missing character: There is no 级 in font nullfont!
Missing character: There is no ， in font nullfont!
Missing character: There is no 同 in font nullfont!
Missing character: There is no 时 in font nullfont!
Missing character: There is no 为 in font nullfont!
Missing character: There is no 其 in font nullfont!
Missing character: There is no 余 in font nullfont!
Missing character: There is no 用 in font nullfont!
Missing character: There is no 户 in font nullfont!
Missing character: There is no 提 in font nullfont!
Missing character: There is no 供 in font nullfont!
Missing character: There is no 相 in font nullfont!
Missing character: There is no 同 in font nullfont!
Missing character: There is no 的 in font nullfont!
Missing character: There is no 服 in font nullfont!
Missing character: There is no 务 in font nullfont!
Missing character: There is no 质 in font nullfont!
Missing character: There is no 量 in font nullfont!
Missing character: There is no 。 in font nullfont!
Missing character: There is no 本 in font nullfont!
Missing character: There is no 章 in font nullfont!
Missing character: There is no 进 in font nullfont!
Missing character: There is no 而 in font nullfont!
Missing character: There is no 提 in font nullfont!
Missing character: There is no 出 in font nullfont!
Missing character: There is no 了 in font nullfont!
Missing character: There is no 加 in font nullfont!
Missing character: There is no 权 in font nullfont!
Missing character: There is no 最 in font nullfont!
Missing character: There is no 大 in font nullfont!
Missing character: There is no 最 in font nullfont!
Missing character: There is no 小 in font nullfont!
Missing character: There is no 功 in font nullfont!
Missing character: There is no 率 in font nullfont!
Missing character: There is no 分 in font nullfont!
Missing character: There is no 配 in font nullfont!
Missing character: There is no 问 in font nullfont!
Missing character: There is no 题 in font nullfont!
Missing character: There is no 。 in font nullfont!
Missing character: There is no 由 in font nullfont!
Missing character: There is no 于 in font nullfont!
Missing character: There is no 该 in font nullfont!
Missing character: There is no 优 in font nullfont!
Missing character: There is no 化 in font nullfont!
Missing character: There is no 问 in font nullfont!
Missing character: There is no 题 in font nullfont!
Missing character: There is no 的 in font nullfont!
Missing character: There is no 目 in font nullfont!
Missing character: There is no 标 in font nullfont!
Missing character: There is no 函 in font nullfont!
Missing character: There is no 数 in font nullfont!
Missing character: There is no 是 in font nullfont!
Missing character: There is no 拟 in font nullfont!
Missing character: There is no 凹 in font nullfont!
Missing character: There is no 函 in font nullfont!
Missing character: There is no 数 in font nullfont!
Missing character: There is no ， in font nullfont!
Missing character: There is no 因 in font nullfont!
Missing character: There is no 此 in font nullfont!
Missing character: There is no 可 in font nullfont!
Missing character: There is no 以 in font nullfont!
Missing character: There is no 使 in font nullfont!
Missing character: There is no 用 in font nullfont!
Missing character: There is no 二 in font nullfont!
Missing character: There is no 分 in font nullfont!
Missing character: There is no 算 in font nullfont!
Missing character: There is no 法 in font nullfont!
Missing character: There is no 来 in font nullfont!
Missing character: There is no 解 in font nullfont!
Missing character: There is no 决 in font nullfont!
Missing character: There is no 。 in font nullfont!
Missing character: There is no 最 in font nullfont!
Missing character: There is no 后 in font nullfont!
Missing character: There is no ， in font nullfont!
Missing character: There is no 本 in font nullfont!
Missing character: There is no 章 in font nullfont!
Missing character: There is no 提 in font nullfont!
Missing character: There is no 供 in font nullfont!
Missing character: There is no 了 in font nullfont!
Missing character: There is no 仿 in font nullfont!
Missing character: There is no 真 in font nullfont!
Missing character: There is no 结 in font nullfont!
Missing character: There is no 果 in font nullfont!
Missing character: There is no 对 in font nullfont!
Missing character: There is no 上 in font nullfont!
Missing character: There is no 述 in font nullfont!
Missing character: There is no 的 in font nullfont!
Missing character: There is no 所 in font nullfont!
Missing character: There is no 得 in font nullfont!
Missing character: There is no 到 in font nullfont!
Missing character: There is no 的 in font nullfont!
Missing character: There is no 结 in font nullfont!
Missing character: There is no 论 in font nullfont!
Missing character: There is no 进 in font nullfont!
Missing character: There is no 行 in font nullfont!
Missing character: There is no 了 in font nullfont!
Missing character: There is no 验 in font nullfont!
Missing character: There is no 证 in font nullfont!
Missing character: There is no 。 in font nullfont!

Overfull \hbox (20.0pt too wide) in paragraph at lines 130--133
[]
 []


! LaTeX Error: Missing \begin{document}.

See the LaTeX manual or LaTeX Companion for explanation.
Type  H <return>  for immediate help.
 ...                                              
                                                  
l.134 第
       五章为多组多播ADCs/DACs无蜂窝大规模MIMO系统分析与设计。尽管前两章已经对无蜂窝大规模MIMO 系统进行了仔细的分析，也取得了很...

You're in trouble here.  Try typing  <return>  to proceed.
If that doesn't work, type  X <return>  to quit.

Missing character: There is no 第 in font nullfont!
Missing character: There is no 五 in font nullfont!
Missing character: There is no 章 in font nullfont!
Missing character: There is no 为 in font nullfont!
Missing character: There is no 多 in font nullfont!
Missing character: There is no 组 in font nullfont!
Missing character: There is no 多 in font nullfont!
Missing character: There is no 播 in font nullfont!
Missing character: There is no A in font nullfont!
Missing character: There is no D in font nullfont!
Missing character: There is no C in font nullfont!
Missing character: There is no s in font nullfont!
Missing character: There is no / in font nullfont!
Missing character: There is no D in font nullfont!
Missing character: There is no A in font nullfont!
Missing character: There is no C in font nullfont!
Missing character: There is no s in font nullfont!
Missing character: There is no 无 in font nullfont!
Missing character: There is no 蜂 in font nullfont!
Missing character: There is no 窝 in font nullfont!
Missing character: There is no 大 in font nullfont!
Missing character: There is no 规 in font nullfont!
Missing character: There is no 模 in font nullfont!
Missing character: There is no M in font nullfont!
Missing character: There is no I in font nullfont!
Missing character: There is no M in font nullfont!
Missing character: There is no O in font nullfont!
Missing character: There is no 系 in font nullfont!
Missing character: There is no 统 in font nullfont!
Missing character: There is no 分 in font nullfont!
Missing character: There is no 析 in font nullfont!
Missing character: There is no 与 in font nullfont!
Missing character: There is no 设 in font nullfont!
Missing character: There is no 计 in font nullfont!
Missing character: There is no 。 in font nullfont!
Missing character: There is no 尽 in font nullfont!
Missing character: There is no 管 in font nullfont!
Missing character: There is no 前 in font nullfont!
Missing character: There is no 两 in font nullfont!
Missing character: There is no 章 in font nullfont!
Missing character: There is no 已 in font nullfont!
Missing character: There is no 经 in font nullfont!
Missing character: There is no 对 in font nullfont!
Missing character: There is no 无 in font nullfont!
Missing character: There is no 蜂 in font nullfont!
Missing character: There is no 窝 in font nullfont!
Missing character: There is no 大 in font nullfont!
Missing character: There is no 规 in font nullfont!
Missing character: There is no 模 in font nullfont!
Missing character: There is no M in font nullfont!
Missing character: There is no I in font nullfont!
Missing character: There is no M in font nullfont!
Missing character: There is no O in font nullfont!
Missing character: There is no 系 in font nullfont!
Missing character: There is no 统 in font nullfont!
Missing character: There is no 进 in font nullfont!
Missing character: There is no 行 in font nullfont!
Missing character: There is no 了 in font nullfont!
Missing character: There is no 仔 in font nullfont!
Missing character: There is no 细 in font nullfont!
Missing character: There is no 的 in font nullfont!
Missing character: There is no 分 in font nullfont!
Missing character: There is no 析 in font nullfont!
Missing character: There is no ， in font nullfont!
Missing character: There is no 也 in font nullfont!
Missing character: There is no 取 in font nullfont!
Missing character: There is no 得 in font nullfont!
Missing character: There is no 了 in font nullfont!
Missing character: There is no 很 in font nullfont!
Missing character: There is no 多 in font nullfont!
Missing character: There is no 重 in font nullfont!
Missing character: There is no 要 in font nullfont!
Missing character: There is no 的 in font nullfont!
Missing character: There is no 研 in font nullfont!
Missing character: There is no 究 in font nullfont!
Missing character: There is no 结 in font nullfont!
Missing character: There is no 果 in font nullfont!
Missing character: There is no 。 in font nullfont!
Missing character: There is no 然 in font nullfont!
Missing character: There is no 而 in font nullfont!
Missing character: There is no ， in font nullfont!
Missing character: There is no 其 in font nullfont!
Missing character: There is no 都 in font nullfont!
Missing character: There is no 仅 in font nullfont!
Missing character: There is no 考 in font nullfont!
Missing character: There is no 虑 in font nullfont!
Missing character: There is no 了 in font nullfont!
Missing character: There is no 传 in font nullfont!
Missing character: There is no 统 in font nullfont!
Missing character: There is no 单 in font nullfont!
Missing character: There is no 播 in font nullfont!
Missing character: There is no 链 in font nullfont!
Missing character: There is no 路 in font nullfont!
Missing character: There is no 的 in font nullfont!
Missing character: There is no 传 in font nullfont!
Missing character: There is no 输 in font nullfont!
Missing character: There is no 情 in font nullfont!
Missing character: There is no 况 in font nullfont!
Missing character: There is no ， in font nullfont!
Missing character: There is no 即 in font nullfont!
Missing character: There is no 每 in font nullfont!
Missing character: There is no 个 in font nullfont!
Missing character: There is no 独 in font nullfont!
Missing character: There is no 立 in font nullfont!
Missing character: There is no 数 in font nullfont!
Missing character: There is no 据 in font nullfont!
Missing character: There is no 流 in font nullfont!
Missing character: There is no 每 in font nullfont!
Missing character: There is no 次 in font nullfont!
Missing character: There is no 只 in font nullfont!
Missing character: There is no 能 in font nullfont!
Missing character: There is no 发 in font nullfont!
Missing character: There is no 送 in font nullfont!
Missing character: There is no 给 in font nullfont!
Missing character: There is no 单 in font nullfont!
Missing character: There is no 个 in font nullfont!
Missing character: There is no 用 in font nullfont!
Missing character: There is no 户 in font nullfont!
Missing character: There is no 。 in font nullfont!
Missing character: There is no 然 in font nullfont!
Missing character: There is no 而 in font nullfont!
Missing character: There is no ， in font nullfont!
Missing character: There is no 这 in font nullfont!
Missing character: There is no 种 in font nullfont!
Missing character: There is no 单 in font nullfont!
Missing character: There is no 播 in font nullfont!
Missing character: There is no 传 in font nullfont!
Missing character: There is no 输 in font nullfont!
Missing character: There is no 将 in font nullfont!
Missing character: There is no 严 in font nullfont!
Missing character: There is no 重 in font nullfont!
Missing character: There is no 浪 in font nullfont!
Missing character: There is no 费 in font nullfont!
Missing character: There is no 稀 in font nullfont!
Missing character: There is no 缺 in font nullfont!
Missing character: There is no 的 in font nullfont!
Missing character: There is no 频 in font nullfont!
Missing character: There is no 谱 in font nullfont!
Missing character: There is no 和 in font nullfont!
Missing character: There is no 硬 in font nullfont!
Missing character: There is no 件 in font nullfont!
Missing character: There is no 资 in font nullfont!
Missing character: There is no 源 in font nullfont!
Missing character: There is no ， in font nullfont!
Missing character: There is no 并 in font nullfont!
Missing character: There is no 具 in font nullfont!
Missing character: There is no 有 in font nullfont!
Missing character: There is no 很 in font nullfont!
Missing character: There is no 高 in font nullfont!
Missing character: There is no 的 in font nullfont!
Missing character: There is no 计 in font nullfont!
Missing character: There is no 算 in font nullfont!
Missing character: There is no 复 in font nullfont!
Missing character: There is no 杂 in font nullfont!
Missing character: There is no 度 in font nullfont!
Missing character: There is no 。 in font nullfont!
Missing character: There is no 为 in font nullfont!
Missing character: There is no 了 in font nullfont!
Missing character: There is no 更 in font nullfont!
Missing character: There is no 加 in font nullfont!
Missing character: There is no 有 in font nullfont!
Missing character: There is no 效 in font nullfont!
Missing character: There is no 地 in font nullfont!
Missing character: There is no 实 in font nullfont!
Missing character: There is no 现 in font nullfont!
Missing character: There is no 此 in font nullfont!
Missing character: There is no 类 in font nullfont!
Missing character: There is no 公 in font nullfont!
Missing character: There is no 共 in font nullfont!
Missing character: There is no 内 in font nullfont!
Missing character: There is no 容 in font nullfont!
Missing character: There is no 的 in font nullfont!
Missing character: There is no 传 in font nullfont!
Missing character: There is no 递 in font nullfont!
Missing character: There is no ， in font nullfont!
Missing character: There is no 多 in font nullfont!
Missing character: There is no 组 in font nullfont!
Missing character: There is no 多 in font nullfont!
Missing character: There is no 播 in font nullfont!
Missing character: There is no 传 in font nullfont!
Missing character: There is no 输 in font nullfont!
Missing character: There is no 策 in font nullfont!
Missing character: There is no 略 in font nullfont!
Missing character: There is no 应 in font nullfont!
Missing character: There is no 运 in font nullfont!
Missing character: There is no 而 in font nullfont!
Missing character: There is no 生 in font nullfont!
Missing character: There is no 。 in font nullfont!
Missing character: There is no 该 in font nullfont!
Missing character: There is no 策 in font nullfont!
Missing character: There is no 略 in font nullfont!
Missing character: There is no 允 in font nullfont!
Missing character: There is no 许 in font nullfont!
Missing character: There is no 将 in font nullfont!
Missing character: There is no 多 in font nullfont!
Missing character: There is no 播 in font nullfont!
Missing character: There is no 内 in font nullfont!
Missing character: There is no 容 in font nullfont!
Missing character: There is no 同 in font nullfont!
Missing character: There is no 时 in font nullfont!
Missing character: There is no 分 in font nullfont!
Missing character: There is no 发 in font nullfont!
Missing character: There is no 到 in font nullfont!
Missing character: There is no 用 in font nullfont!
Missing character: There is no 户 in font nullfont!
Missing character: There is no 组 in font nullfont!
Missing character: There is no 的 in font nullfont!
Missing character: There is no 所 in font nullfont!
Missing character: There is no 有 in font nullfont!
Missing character: There is no 用 in font nullfont!
Missing character: There is no 户 in font nullfont!
Missing character: There is no ， in font nullfont!
Missing character: There is no 这 in font nullfont!
Missing character: There is no 将 in font nullfont!
Missing character: There is no 有 in font nullfont!
Missing character: There is no 效 in font nullfont!
Missing character: There is no 地 in font nullfont!
Missing character: There is no 提 in font nullfont!
Missing character: There is no 升 in font nullfont!
Missing character: There is no 系 in font nullfont!
Missing character: There is no 统 in font nullfont!
Missing character: There is no 的 in font nullfont!
Missing character: There is no 频 in font nullfont!
Missing character: There is no 谱 in font nullfont!
Missing character: There is no 资 in font nullfont!
Missing character: There is no 源 in font nullfont!
Missing character: There is no 利 in font nullfont!
Missing character: There is no 用 in font nullfont!
Missing character: There is no 率 in font nullfont!
Missing character: There is no 。 in font nullfont!
Missing character: There is no 基 in font nullfont!
Missing character: There is no 于 in font nullfont!
Missing character: There is no 上 in font nullfont!
Missing character: There is no 述 in font nullfont!
Missing character: There is no 考 in font nullfont!
Missing character: There is no 虑 in font nullfont!
Missing character: There is no ， in font nullfont!
Missing character: There is no 本 in font nullfont!
Missing character: There is no 章 in font nullfont!
Missing character: There is no 为 in font nullfont!
Missing character: There is no 此 in font nullfont!
Missing character: There is no 对 in font nullfont!
Missing character: There is no 低 in font nullfont!
Missing character: There is no 分 in font nullfont!
Missing character: There is no 辨 in font nullfont!
Missing character: There is no 率 in font nullfont!
Missing character: There is no A in font nullfont!
Missing character: There is no D in font nullfont!
Missing character: There is no C in font nullfont!
Missing character: There is no s in font nullfont!
Missing character: There is no / in font nullfont!
Missing character: There is no D in font nullfont!
Missing character: There is no A in font nullfont!
Missing character: There is no C in font nullfont!
Missing character: There is no s in font nullfont!
Missing character: There is no 协 in font nullfont!
Missing character: There is no 助 in font nullfont!
Missing character: There is no 的 in font nullfont!
Missing character: There is no 多 in font nullfont!
Missing character: There is no 组 in font nullfont!
Missing character: There is no 多 in font nullfont!
Missing character: There is no 播 in font nullfont!
Missing character: There is no 下 in font nullfont!
Missing character: There is no 行 in font nullfont!
Missing character: There is no 链 in font nullfont!
Missing character: There is no 路 in font nullfont!
Missing character: There is no 无 in font nullfont!
Missing character: There is no 蜂 in font nullfont!
Missing character: There is no 窝 in font nullfont!
Missing character: There is no 大 in font nullfont!
Missing character: There is no 规 in font nullfont!
Missing character: There is no 模 in font nullfont!
Missing character: There is no M in font nullfont!
Missing character: There is no I in font nullfont!
Missing character: There is no M in font nullfont!
Missing character: There is no O in font nullfont!
Missing character: There is no 系 in font nullfont!
Missing character: There is no 统 in font nullfont!
Missing character: There is no 进 in font nullfont!
Missing character: There is no 行 in font nullfont!
Missing character: There is no 了 in font nullfont!
Missing character: There is no 研 in font nullfont!
Missing character: There is no 究 in font nullfont!
Missing character: There is no 。 in font nullfont!
Missing character: There is no 最 in font nullfont!
Missing character: There is no 后 in font nullfont!
Missing character: There is no 根 in font nullfont!
Missing character: There is no 据 in font nullfont!
Missing character: There is no 构 in font nullfont!
Missing character: There is no 建 in font nullfont!
Missing character: There is no 的 in font nullfont!
Missing character: There is no 能 in font nullfont!
Missing character: There is no 量 in font nullfont!
Missing character: There is no 消 in font nullfont!
Missing character: There is no 耗 in font nullfont!
Missing character: There is no 模 in font nullfont!
Missing character: There is no 型 in font nullfont!
Missing character: There is no ， in font nullfont!
Missing character: There is no 本 in font nullfont!
Missing character: There is no 章 in font nullfont!
Missing character: There is no 进 in font nullfont!
Missing character: There is no 而 in font nullfont!
Missing character: There is no 对 in font nullfont!
Missing character: There is no 系 in font nullfont!
Missing character: There is no 统 in font nullfont!
Missing character: There is no 的 in font nullfont!
Missing character: There is no E in font nullfont!
Missing character: There is no E in font nullfont!
Missing character: There is no 进 in font nullfont!
Missing character: There is no 行 in font nullfont!
Missing character: There is no 了 in font nullfont!
Missing character: There is no 研 in font nullfont!
Missing character: There is no 究 in font nullfont!
Missing character: There is no ， in font nullfont!
Missing character: There is no 并 in font nullfont!
Missing character: There is no 进 in font nullfont!
Missing character: There is no 行 in font nullfont!
Missing character: There is no 了 in font nullfont!
Missing character: There is no 相 in font nullfont!
Missing character: There is no 应 in font nullfont!
Missing character: There is no 的 in font nullfont!
Missing character: There is no 数 in font nullfont!
Missing character: There is no 值 in font nullfont!
Missing character: There is no 仿 in font nullfont!
Missing character: There is no 真 in font nullfont!
Missing character: There is no ， in font nullfont!
Missing character: There is no 以 in font nullfont!
Missing character: There is no 此 in font nullfont!
Missing character: There is no 验 in font nullfont!
Missing character: There is no 证 in font nullfont!
Missing character: There is no 了 in font nullfont!
Missing character: There is no 所 in font nullfont!
Missing character: There is no 得 in font nullfont!
Missing character: There is no 到 in font nullfont!
Missing character: There is no 的 in font nullfont!
Missing character: There is no 研 in font nullfont!
Missing character: There is no 究 in font nullfont!
Missing character: There is no 结 in font nullfont!
Missing character: There is no 论 in font nullfont!
Missing character: There is no 。 in font nullfont!

Overfull \hbox (20.0pt too wide) in paragraph at lines 134--136
[]
 []


! LaTeX Error: Missing \begin{document}.

See the LaTeX manual or LaTeX Companion for explanation.
Type  H <return>  for immediate help.
 ...                                              
                                                  
l.137 第
       六章为总结与展望。本章首先对该论文的研究工作进行了全面的总结，并对未来的研究计划和方向进行了相关的展望。
You're in trouble here.  Try typing  <return>  to proceed.
If that doesn't work, type  X <return>  to quit.

Missing character: There is no 第 in font nullfont!
Missing character: There is no 六 in font nullfont!
Missing character: There is no 章 in font nullfont!
Missing character: There is no 为 in font nullfont!
Missing character: There is no 总 in font nullfont!
Missing character: There is no 结 in font nullfont!
Missing character: There is no 与 in font nullfont!
Missing character: There is no 展 in font nullfont!
Missing character: There is no 望 in font nullfont!
Missing character: There is no 。 in font nullfont!
Missing character: There is no 本 in font nullfont!
Missing character: There is no 章 in font nullfont!
Missing character: There is no 首 in font nullfont!
Missing character: There is no 先 in font nullfont!
Missing character: There is no 对 in font nullfont!
Missing character: There is no 该 in font nullfont!
Missing character: There is no 论 in font nullfont!
Missing character: There is no 文 in font nullfont!
Missing character: There is no 的 in font nullfont!
Missing character: There is no 研 in font nullfont!
Missing character: There is no 究 in font nullfont!
Missing character: There is no 工 in font nullfont!
Missing character: There is no 作 in font nullfont!
Missing character: There is no 进 in font nullfont!
Missing character: There is no 行 in font nullfont!
Missing character: There is no 了 in font nullfont!
Missing character: There is no 全 in font nullfont!
Missing character: There is no 面 in font nullfont!
Missing character: There is no 的 in font nullfont!
Missing character: There is no 总 in font nullfont!
Missing character: There is no 结 in font nullfont!
Missing character: There is no ， in font nullfont!
Missing character: There is no 并 in font nullfont!
Missing character: There is no 对 in font nullfont!
Missing character: There is no 未 in font nullfont!
Missing character: There is no 来 in font nullfont!
Missing character: There is no 的 in font nullfont!
Missing character: There is no 研 in font nullfont!
Missing character: There is no 究 in font nullfont!
Missing character: There is no 计 in font nullfont!
Missing character: There is no 划 in font nullfont!
Missing character: There is no 和 in font nullfont!
Missing character: There is no 方 in font nullfont!
Missing character: There is no 向 in font nullfont!
Missing character: There is no 进 in font nullfont!
Missing character: There is no 行 in font nullfont!
Missing character: There is no 了 in font nullfont!
Missing character: There is no 相 in font nullfont!
Missing character: There is no 关 in font nullfont!
Missing character: There is no 的 in font nullfont!
Missing character: There is no 展 in font nullfont!
Missing character: There is no 望 in font nullfont!
Missing character: There is no 。 in font nullfont!

Overfull \hbox (20.0pt too wide) in paragraph at lines 137--138
[] 
 []

)
! Emergency stop.
<*> chapter1.tex
                
*** (job aborted, no legal \end found)

 
Here is how much of TeX's memory you used:
 29 strings out of 479418
 607 string characters out of 5881944
 251334 words of memory out of 5000000
 17642 multiletter control sequences out of 15000+600000
 532362 words of font info for 27 fonts, out of 8000000 for 9000
 1348 hyphenation exceptions out of 8191
 21i,5n,23p,1382b,113s stack positions out of 5000i,500n,10000p,200000b,80000s
Output written on chapter1.pdf (1 page).
